ESL – Contact Information – Montoursville Area School District,http://www.montoursville.k12.pa.us/esl-contact-information/,"""District"" intitle:Contact ""ESL"" site:.us"
Contact Information - Franklin Regional School District,https://www.franklinregional.k12.pa.us/academics/e_s_l/contact_information,"""District"" intitle:Contact ""ESL"" site:.us"
Special Education Contact Information – Montoursville Area ...,http://www.montoursville.k12.pa.us/district/departments/curriculum-and-instruction/esl/esl-contact-information/,"""District"" intitle:Contact ""ESL"" site:.us"
"Huron School District | Huron, SD :: Contact Directory",https://www.huron.k12.sd.us/index.php/contact-directory?sortBy1747=LastName&sortOrder1747=asc&pageSize1747=25&page1747=2,"""District"" intitle:Contact ""ESL"" site:.us"
"Huron School District | Huron, SD :: Contact Directory",https://www.huron.k12.sd.us/contact-directory/,"""District"" intitle:Contact ""ESL"" site:.us"
Adult Evening Education - Norristown Area School District,http://www.nasd.k12.pa.us/Page/1515,"""District"" intitle:Contact ""ESL"" site:.us"
"Huron School District | Huron, SD :: Contact Directory",https://www.huron.k12.sd.us/index.php/contact-directory?sortBy1747=Title&sortOrder1747=asc&pageSize1747=25,"""District"" intitle:Contact ""ESL"" site:.us"
English as a Second Language (ESL) / Contact Us,https://www.ucps.k12.nc.us/Page/6186,"""District"" intitle:Contact ""ESL"" site:.us"
Contact Us / Welcome - Chino Valley Unified School District,http://www.chino.k12.ca.us/domain/44,"""District"" intitle:Contact ""ESL"" site:.us"
"Huron School District | Huron, SD :: Contact Directory",https://www.huron.k12.sd.us/index.php/contact-directory?sortBy1747=LastName&sortOrder1747=asc&pageSize1747=25&page1747=4,"""District"" intitle:Contact ""ESL"" site:.us"
Contact Us - Delta School District,https://www.deltasd.bc.ca/programs/continuing-education/contact-us/,"""District"" intitle:Contact ""ESL"" site:.ca"
Our Locations and Contact Information - Continuing Education,https://www.sd43.bc.ca/ce/About/ContactInfo/Pages/default.aspx,"""District"" intitle:Contact ""ESL"" site:.ca"
Contact Us - Toronto District School Board,http://www.tdsb.on.ca/Contact-Us,"""District"" intitle:Contact ""ESL"" site:.ca"
Special Education Contact Information District ...,https://www.vsb.bc.ca/sites/default/files/school-files/Programs/VSBSpecialEducation_CONTACTS.pdf,"""District"" intitle:Contact ""ESL"" site:.ca"
Contact List - Vancouver School Board,http://www2.vsb.bc.ca/NR/rdonlyres/1BAE02A7-9E9B-4D5A-90DF-F77AA9005FBD/0/DistrictContactList.pdf,"""District"" intitle:Contact ""ESL"" site:.ca"
Teacher Contact Information - Vimy Ridge Public School,http://www.ddsb.ca/school/vimyridge/ContactUs/teacher%20contact/Pages/default.aspx,"""District"" intitle:Contact ""ESL"" site:.ca"
District Contact Information - Powell River Board of Education,http://www.sd47.bc.ca/contacts/Pages/default.aspx,"""District"" intitle:Contact ""ESL"" site:.ca"
Contact Us - School District 42 Maple Ridge-Pitt Meadows,http://inted.sd42.ca/contact/,"""District"" intitle:Contact ""ESL"" site:.ca"
Contact Us (Continuing Education) - Upper Grand District ...,https://www.ugdsb.ca/continuing-education/contact-us/,"""District"" intitle:Contact ""ESL"" site:.ca"
Contact Info - Ocean Cliff Elementary - School District 36 ...,https://www.surreyschools.ca/schools/oceancliff/About/ContactInfo/Pages/default.aspx,"""District"" intitle:Contact ""ESL"" site:.ca"
