NAME,URL,TERM
ESL – Contact Information – Montoursville Area School District,http://www.montoursville.k12.pa.us/esl-contact-information/,"""District"" intitle:Contact ""ESL"" site:.us"
Contact Information - Franklin Regional School District,https://www.franklinregional.k12.pa.us/academics/e_s_l/contact_information,"""District"" intitle:Contact ""ESL"" site:.us"
Special Education Contact Information – Montoursville Area ...,http://www.montoursville.k12.pa.us/district/departments/curriculum-and-instruction/esl/esl-contact-information/,"""District"" intitle:Contact ""ESL"" site:.us"
"Huron School District | Huron, SD :: Contact Directory",https://www.huron.k12.sd.us/index.php/contact-directory?sortBy1747=LastName&sortOrder1747=asc&pageSize1747=25&page1747=2,"""District"" intitle:Contact ""ESL"" site:.us"
"Huron School District | Huron, SD :: Contact Directory",https://www.huron.k12.sd.us/contact-directory/,"""District"" intitle:Contact ""ESL"" site:.us"
Adult Evening Education - Norristown Area School District,http://www.nasd.k12.pa.us/Page/1515,"""District"" intitle:Contact ""ESL"" site:.us"
"Huron School District | Huron, SD :: Contact Directory",https://www.huron.k12.sd.us/index.php/contact-directory?sortBy1747=Title&sortOrder1747=asc&pageSize1747=25,"""District"" intitle:Contact ""ESL"" site:.us"
English as a Second Language (ESL) / Contact Us,https://www.ucps.k12.nc.us/Page/6186,"""District"" intitle:Contact ""ESL"" site:.us"
Contact Us / Welcome - Chino Valley Unified School District,http://www.chino.k12.ca.us/domain/44,"""District"" intitle:Contact ""ESL"" site:.us"
"Huron School District | Huron, SD :: Contact Directory",https://www.huron.k12.sd.us/index.php/contact-directory?sortBy1747=LastName&sortOrder1747=asc&pageSize1747=25&page1747=4,"""District"" intitle:Contact ""ESL"" site:.us"
Contact Us - Delta School District,https://www.deltasd.bc.ca/programs/continuing-education/contact-us/,"""District"" intitle:Contact ""ESL"" site:.ca"
Our Locations and Contact Information - Continuing Education,https://www.sd43.bc.ca/ce/About/ContactInfo/Pages/default.aspx,"""District"" intitle:Contact ""ESL"" site:.ca"
Contact Us - Toronto District School Board,http://www.tdsb.on.ca/Contact-Us,"""District"" intitle:Contact ""ESL"" site:.ca"
Special Education Contact Information District ...,https://www.vsb.bc.ca/sites/default/files/school-files/Programs/VSBSpecialEducation_CONTACTS.pdf,"""District"" intitle:Contact ""ESL"" site:.ca"
Contact List - Vancouver School Board,http://www2.vsb.bc.ca/NR/rdonlyres/1BAE02A7-9E9B-4D5A-90DF-F77AA9005FBD/0/DistrictContactList.pdf,"""District"" intitle:Contact ""ESL"" site:.ca"
Teacher Contact Information - Vimy Ridge Public School,http://www.ddsb.ca/school/vimyridge/ContactUs/teacher%20contact/Pages/default.aspx,"""District"" intitle:Contact ""ESL"" site:.ca"
District Contact Information - Powell River Board of Education,http://www.sd47.bc.ca/contacts/Pages/default.aspx,"""District"" intitle:Contact ""ESL"" site:.ca"
Contact Us - School District 42 Maple Ridge-Pitt Meadows,http://inted.sd42.ca/contact/,"""District"" intitle:Contact ""ESL"" site:.ca"
Contact Us (Continuing Education) - Upper Grand District ...,https://www.ugdsb.ca/continuing-education/contact-us/,"""District"" intitle:Contact ""ESL"" site:.ca"
Contact Info - Ocean Cliff Elementary - School District 36 ...,https://www.surreyschools.ca/schools/oceancliff/About/ContactInfo/Pages/default.aspx,"""District"" intitle:Contact ""ESL"" site:.ca"
ESL Contact Information | San Diego Continuing Education,http://www.sdce.edu/classes/esl/esl-contact-information.php,"""District"" intitle:Contact ""ESL"" site:.edu"
Contact Us | ESL,https://esl.santarosa.edu/contact-us,"""District"" intitle:Contact ""ESL"" site:.edu"
English School in Boston - English Courses in the USA,https://www.talk.edu/english-schools/boston/,"""District"" intitle:Contact ""ESL"" site:.edu"
ESL: Contact Location Telephone Email | English as a ...,http://ohlone.edu/instr/esl/,"""District"" intitle:Contact ""ESL"" site:.edu"
Contact Us - Central Arizona College,https://centralaz.edu/contact-us/,"""District"" intitle:Contact ""ESL"" site:.edu"
Contact Us : ESL – Content Teachers Collaborative,http://ectc.ehe.osu.edu/contact-us/,"""District"" intitle:Contact ""ESL"" site:.edu"
SDCCD HR: Contact Us,http://hr.sdccd.edu/contact.cfm,"""District"" intitle:Contact ""ESL"" site:.edu"
Contact Us - Elgin Community College (ECC),http://elgin.edu/eccextra.aspx?id=378,"""District"" intitle:Contact ""ESL"" site:.edu"
Milwaukee Area Technical College:Contact Us,http://www.matc.edu/about/Contact_Us.cfm,"""District"" intitle:Contact ""ESL"" site:.edu"
Contact Information | Pierce College District,https://www.pierce.ctc.edu/contact,"""District"" intitle:Contact ""ESL"" site:.edu"
ESL / Contact Information - Hazleton Area School District ...,http://www.hasdk12.org/page/22,"""District"" intitle:Contact ""ESL"" site:.org"
"Albany City Schools, Contact Us - City School District of ...",http://www.albanyschools.org/district/contact.html,"""District"" intitle:Contact ""ESL"" site:.org"
Contact Us - Kansas City Public Schools,https://www.kcpublicschools.org/Page/133,"""District"" intitle:Contact ""ESL"" site:.org"
Bilingual/ESL / Contact Us - FWISD,https://www.fwisd.org/Page/6652,"""District"" intitle:Contact ""ESL"" site:.org"
CCSD21 - Contact Us,https://ccsd21.org/school-board-administration/,"""District"" intitle:Contact ""ESL"" site:.org"
Contact Information - Amarillo Independent School District,http://www.amaisd.org/departments/bilingual___e_s_l_programs/contact_information,"""District"" intitle:Contact ""ESL"" site:.org"
JISD Contact Directory - Judson Independent School District,http://www.judsonisd.org/directory/,"""District"" intitle:Contact ""ESL"" site:.org"
North Allegheny School District,http://www.northallegheny.org/page/468,"""District"" intitle:Contact ""ESL"" site:.org"
ELD Resources / ELD Teacher Contact Information,http://www.bensalemsd.org/Page/441,"""District"" intitle:Contact ""ESL"" site:.org"
Adult Programs | Hopkins Schools,https://www.hopkinsschools.org/community-education/adult-programs,"""District"" intitle:Contact ""ESL"" site:.org"
Contact Information - Phillipsburg School District ...,http://www.pburgsd.net/domain/46,"""District"" intitle:Contact ""ESL"" site:.net"
"Bilingual, ESL and Language Services / Contact Information",https://www.irvingisd.net/Page/2483,"""District"" intitle:Contact ""ESL"" site:.net"
Welcome to our District / Contact Us,https://nj01912810.schoolwires.net/Page/95,"""District"" intitle:Contact ""ESL"" site:.net"
Contact Info • Contact - MVLA Adult Education,http://www.mvla.net/MVLA_Adult_Education/Contact,"""District"" intitle:Contact ""ESL"" site:.net"
District Contact Information - Bloomfield School District,http://bloomfield.schooldesk.net/DistrictResources/DistrictContactInformation/tabid/70178/Default.aspx,"""District"" intitle:Contact ""ESL"" site:.net"
Contact - San Elizario Independent School District,http://www.seisd.net/departments/planning_instruction/bilingual_esl/contact/,"""District"" intitle:Contact ""ESL"" site:.net"
Contact Metropolitan Education District,http://www.metroed.net/contact,"""District"" intitle:Contact ""ESL"" site:.net"
Lacey Township High School: Contact Info - Edline,http://www.edline.net/pages/Lacey_High/Sports/Athletic_Trainer/Contact_Info,"""District"" intitle:Contact ""ESL"" site:.net"
ESL Archives - Page 2 of 2 - Ashworth Elementary,https://www.aisd.net/ashworth-elementary/staff-specialty/esl/page/2/,"""District"" intitle:Contact ""ESL"" site:.net"
Lacey Township High School: Administration Contact Information,http://www.edline.net/pages/Lacey_High/About_lths/Administration_Contact_Informa,"""District"" intitle:Contact ""ESL"" site:.net"
Contact Us | Gladstone Schools,http://gladstone.k12.or.us/contact-us/,"""District"" intitle:Contact ""ELL"" site:.us"
English Language Learners / ELL Teacher Biography ...,https://www.vp.k12.mo.us/Page/492,"""District"" intitle:Contact ""ELL"" site:.us"
Elk Mound Area School District - Contact Us,http://www.elkmound.k12.wi.us/contactus/index.cfm?lastname=&firstname=&groupid=&positiontitle=&maxrows=50&dosearch=1&sortby=group&startrow=1,"""District"" intitle:Contact ""ELL"" site:.us"
Directions and Contact Info - Bell County District Clerk,http://bdc.co.bell.tx.us/BDC/index.php?page=directions-and-contact-information,"""District"" intitle:Contact ""ELL"" site:.us"
ELL Assessment - Contact | CDE,https://www.cde.state.co.us/assessment/ela-contact,"""District"" intitle:Contact ""ELL"" site:.us"
Contact Us | Gladstone High School,http://gladstone.k12.or.us/high/contact-us/,"""District"" intitle:Contact ""ELL"" site:.us"
Contact - Tomah Area School District,http://www.tomah.k12.wi.us/contactform.aspx,"""District"" intitle:Contact ""ELL"" site:.us"
Contact Us | John Wetten Elementary,http://gladstone.k12.or.us/elementary/about-us/contact-us/,"""District"" intitle:Contact ""ELL"" site:.us"
English Language Learners (ELL) / Overview,https://www.nassau.k12.fl.us/domain/51,"""District"" intitle:Contact ""ELL"" site:.us"
Pe Ell School: Contact,http://www.peell.k12.wa.us/?PageName='Contact',"""District"" intitle:Contact ""ELL"" site:.us"
CONTACT US - Vancouver School Board,http://go.vsb.bc.ca/schools/drpc/community/mclw/Pages/Contact-Us.aspx,"""District"" intitle:Contact ""ELL"" site:.ca"
Contact Us | Sooke School District,http://www.sd62.bc.ca/contactus/,"""District"" intitle:Contact ""ELL"" site:.ca"
Contact - School District No. 35,https://www.sd35.bc.ca/contact/,"""District"" intitle:Contact ""ELL"" site:.ca"
Contact a Settlement Worker - School District No. 35,https://www.sd35.bc.ca/programs-initiatives/settlement-workers-in-schools-swis/contact-a-settlement-worker/,"""District"" intitle:Contact ""ELL"" site:.ca"
CONTACT US,http://go.vsb.bc.ca/schools/drpc/community/swis/Pages/contact.aspx,"""District"" intitle:Contact ""ELL"" site:.ca"
ELL HELPING TEACHER - INTERNATIONAL - hr.abbyschools.ca,http://hr.abbyschools.ca/careers/ell-helping-teacher-international-t-18-tds-042-reg,"""District"" intitle:Contact ""ELL"" site:.ca"
Contact Information - Vancouver School Board,http://go.vsb.bc.ca/schools/gladstone/About/Pages/Contact-Information.aspx,"""District"" intitle:Contact ""ELL"" site:.ca"
Contact - Vernon School District,http://www.vernoninternational.ca/contact/,"""District"" intitle:Contact ""ELL"" site:.ca"
ENGLISH LANGUAGE LEARNERS (ELL) (K-5) | Human Resources,http://hr.abbyschools.ca/careers/english-language-learners-ell-k-5-t-18-tel-278-tem,"""District"" intitle:Contact ""ELL"" site:.ca"
Contact ESL/ELD – York Catholic District School Board,http://www.ycdsb.ca/programs-services/english-as-a-second-languageenglish-literacy-development/contact-esleld/,"""District"" intitle:Contact ""ELL"" site:.ca"
Nashua School District - Contact Info,http://nsddev.nashua.edu/about-us/departments/student-services-and-ell/contact-info,"""District"" intitle:Contact ""ELL"" site:.edu"
Nashua School District - Contact Info,http://www.nashua.edu/about-us/departments/student-services-and-ell/contact-info?fullSite=y,"""District"" intitle:Contact ""ELL"" site:.edu"
Contact Us - Monroe District Schools,https://www.monroe.wednet.edu/departments/learning-teaching/contact-us,"""District"" intitle:Contact ""ELL"" site:.edu"
Contact Us - Lynden School District,https://www.lynden.wednet.edu/departments/special_programs/contact_us/,"""District"" intitle:Contact ""ELL"" site:.edu"
Contact Us - ONALASKA SCHOOL DISTRICT,http://www.onysd.wednet.edu/home/contact-us,"""District"" intitle:Contact ""ELL"" site:.edu"
District Office Staff/Contact Us - Lynden School District,https://www.lynden.wednet.edu/about/district_office_staff__contact_us/,"""District"" intitle:Contact ""ELL"" site:.edu"
Student Learning / Contact Us - Auburn School District,https://www.auburn.wednet.edu/Page/17626,"""District"" intitle:Contact ""ELL"" site:.edu"
Principal and Assistant Principal Contact Information - Ell...,https://ellises.pwcs.edu/staff_directory/principal_and_assistant_principal_contact_informat,"""District"" intitle:Contact ""ELL"" site:.edu"
Contact Us – Washington Middle School,http://washington.kusd.edu/contact-us/,"""District"" intitle:Contact ""ELL"" site:.edu"
Contact Information - Worcester (03480000),http://profiles.doe.mass.edu/profiles/general.aspx?topNavId=1&orgcode=03480000&orgtypecode=5&,"""District"" intitle:Contact ""ELL"" site:.edu"
ESOL District Contact List - Florida Department of Education,http://fldoe.org/core/fileparse.php/5423/urlt/esolcontact.pdf,"""District"" intitle:Contact ""ELL"" site:.org"
(1) NAME OF THE DISTRICT: (2) CONTACT NAME/TITLE: (3 ...,http://fldoe.org/core/fileparse.php/7586/urlt/0064400-osceola09.pdf,"""District"" intitle:Contact ""ELL"" site:.org"
Contact - Tacoma Public Schools,https://www.tacomaschools.org/ell/Pages/Contact.aspx,"""District"" intitle:Contact ""ELL"" site:.org"
(4) MAILING ADDRESS: (5) PREPARED BY: (If different from ...,http://fldoe.org/core/fileparse.php/7586/urlt/0064405-polk09.pdf,"""District"" intitle:Contact ""ELL"" site:.org"
ELL Contact Info | Hartford Public Schools,https://www.hartfordschools.org/ell-contact-info/,"""District"" intitle:Contact ""ELL"" site:.org"
Ell-Saline USD 307 - Contact Information,http://www.ellsaline.org/vnews/display.v/SEC/District%20Office%7CContact%20Information,"""District"" intitle:Contact ""ELL"" site:.org"
ESOL Contact List - Florida Department of Education,http://www.fldoe.org/core/fileparse.php/7582/urlt/esolcontact.pdf,"""District"" intitle:Contact ""ELL"" site:.org"
(4) MAILING ADDRESS: (5) PREPARED BY: (If different from ...,http://fldoe.org/core/fileparse.php/7586/urlt/0064401-palmbeach09.pdf,"""District"" intitle:Contact ""ELL"" site:.org"
(4) MAILING ADDRESS: (5) PREPARED BY: (If different from ...,http://fldoe.org/core/fileparse.php/7586/urlt/0064379-hillsborough09.pdf,"""District"" intitle:Contact ""ELL"" site:.org"
Contact Us - katyisd.org,http://www.katyisd.org/dept/otherlang/Pages/Contact.aspx?ename=valentinagonzalez&dname=Valentina+Gonzalez,"""District"" intitle:Contact ""ELL"" site:.org"
ELL | Contact,http://ell.ccsd.net/contact/,"""District"" intitle:Contact ""ELL"" site:.net"
(1) NAME OF THE DISTRICT: (2) CONTACT NAME/TITLE: (3 ...,http://yourcharlotteschools.net/departments/documents/divisionOfLearning/ESOL/DistrictServicesPlan.pdf,"""District"" intitle:Contact ""ELL"" site:.net"
Contact Information - Cook School District 104,http://sd104.schooldesk.net/District/Contact-Information,"""District"" intitle:Contact ""ELL"" site:.net"
"Bilingual, ESL and Language Services / Contact Information",https://www.irvingisd.net/Page/2483,"""District"" intitle:Contact ""ELL"" site:.net"
McKinleyville Union School District: Contact Us,http://www.edline.net/pages/McKinleyville_Union_Elementary/About_Us/Contact_Us,"""District"" intitle:Contact ""ELL"" site:.net"
Contact Us - Staff Page 101 of 104 - District Home,http://www.tcaps.net/staff-directory/?PageNumber=101,"""District"" intitle:Contact ""ELL"" site:.net"
About the District / Contact Us - mo01910164.schoolwires.net,https://mo01910164.schoolwires.net/Page/76,"""District"" intitle:Contact ""ELL"" site:.net"
The ESOL Leadership Council is a district wide level ...,https://www.polk-fl.net/parents/spanish/documents/esol_ParentLeadershipCouncil.pdf,"""District"" intitle:Contact ""ELL"" site:.net"
Contact Preschool Programs | Title I Services | CCSD,http://www.ccsd.net/departments/title-i-services/contact-preschool-programs,"""District"" intitle:Contact ""ELL"" site:.net"
ESOL / ESOL Contact Meetings 2017-2018,https://fl01803656.schoolwires.net/Page/28861,"""District"" intitle:Contact ""ELL"" site:.net"
Adult Evening Education - Norristown Area School District ...,http://www.nasd.k12.pa.us/Page/1515,"""District"" intitle:Contact ""Adult"" site:.us"
Adult Education - Clover School District / Homepage,http://www.clover.k12.sc.us/Page/84,"""District"" intitle:Contact ""Adult"" site:.us"
Schools Directory / Schools Contact Information,http://www.acalanes.k12.ca.us/schools,"""District"" intitle:Contact ""Adult"" site:.us"
Contact Us - Murrieta Valley Unified School District,https://www.murrieta.k12.ca.us/domain/6,"""District"" intitle:Contact ""Adult"" site:.us"
Contact Us - Ceres Adult School,http://adulted.ceres.k12.ca.us/contact_school,"""District"" intitle:Contact ""Adult"" site:.us"
Contact - Tustin Unified School District,http://www.tustin.k12.ca.us/tustin-adult/contact-us,"""District"" intitle:Contact ""Adult"" site:.us"
Contact Us - Adult Learning Center - School District of ...,http://alc.pickens.k12.sc.us/about_us/contact_us,"""District"" intitle:Contact ""Adult"" site:.us"
Contact Us / Overview - Fremont Unified School District,https://www.fremont.k12.ca.us/domain/161,"""District"" intitle:Contact ""Adult"" site:.us"
Contact Us / Welcome - Chino Valley Unified School District,http://www.chino.k12.ca.us/domain/44,"""District"" intitle:Contact ""Adult"" site:.us"
Contact Us - Coachella Valley Unified School District,http://www.cvusd.us/contact-us,"""District"" intitle:Contact ""Adult"" site:.us"
Our Locations and Contact Information - Continuing Education,https://www.sd43.bc.ca/ce/About/ContactInfo/Pages/default.aspx,"""District"" intitle:Contact ""Adult"" site:.ca"
Contact Us - General | School District 40 – New Westminster,https://newwestschools.ca/contact-us/general/,"""District"" intitle:Contact ""Adult"" site:.ca"
Contact Us - Surrey Schools,https://www.surreyschools.ca/About/ContactUs/Pages/default.aspx,"""District"" intitle:Contact ""Adult"" site:.ca"
Older Adults Program Contact Us | Canadian Mental Health ...,http://cmhaff.ca/older-adults-program-contact-us,"""District"" intitle:Contact ""Adult"" site:.ca"
"Contact Us - Alternative, Adult & Continuing Education",https://www.publicboard.ca/school/adulteducation/Contact/Pages/default.aspx,"""District"" intitle:Contact ""Adult"" site:.ca"
Contact Info - Vancouver School Board,http://go.vsb.bc.ca/schools/adulted/gatheringplace/Pages/Contact-Info-.aspx,"""District"" intitle:Contact ""Adult"" site:.ca"
Contact Us - Delta School District,https://www.deltasd.bc.ca/programs/continuing-education/contact-us/,"""District"" intitle:Contact ""Adult"" site:.ca"
Contact - Toronto District School Board,http://www.tdsb.on.ca/About-Us/Accessibility/Contact,"""District"" intitle:Contact ""Adult"" site:.ca"
Pages - Contact Us - YRDSB,http://www.yrdsb.ca/Programs/ConEd/Pages/Contact-Us.aspx,"""District"" intitle:Contact ""Adult"" site:.ca"
Contact - Delta School District,https://www.deltasd.bc.ca/contact/,"""District"" intitle:Contact ""Adult"" site:.ca"
Contact - Charles A. Jones Career & Education Center,http://caj.scusd.edu/contact-0,"""District"" intitle:Contact ""Adult"" site:.edu"
Contact the Help Desk - Sacramento City Unified School ...,http://www.scusd.edu/pod/contact-help-desk,"""District"" intitle:Contact ""Adult"" site:.edu"
Contact Us | Landmark High School,http://landmark.nebo.edu/adult-ed/contact-us,"""District"" intitle:Contact ""Adult"" site:.edu"
District Contact - Wasatch County School District / Overview,http://www.wasatch.edu/domain/19,"""District"" intitle:Contact ""Adult"" site:.edu"
Adult Literacy / Contact Us - Monroe,http://www.monroe.edu/adulted,"""District"" intitle:Contact ""Adult"" site:.edu"
The Hayward Center for Education and Careers: Contact Us,http://www.has.edu/contactus,"""District"" intitle:Contact ""Adult"" site:.edu"
Contact the district - Sacramento City Unified School District,http://www.scusd.edu/contact-district,"""District"" intitle:Contact ""Adult"" site:.edu"
Contact the Board of Education - Sacramento City Unified ...,http://www.scusd.edu/pod/contact-board-education,"""District"" intitle:Contact ""Adult"" site:.edu"
Contact - Florida Keys Community College,https://www.fkcc.edu/contact/,"""District"" intitle:Contact ""Adult"" site:.edu"
TTU K-12 | TTU K-12 Home | TTU,http://www.depts.ttu.edu/ttuisd/,"""District"" intitle:Contact ""Adult"" site:.edu"
Contact Us | Adult and Community Education,https://www.palmbeachschools.org/ace/contactus/,"""District"" intitle:Contact ""Adult"" site:.org"
Adult Education & Literacy / Contact Us - Denton ISD,http://www.dentonisd.org/Page/416,"""District"" intitle:Contact ""Adult"" site:.org"
Chula Vista Adult School | Contact Us,https://cva.sweetwaterschools.org/contact-us/,"""District"" intitle:Contact ""Adult"" site:.org"
Adult/Continuing Education / Contact Information,https://www.onboces.org/Page/56,"""District"" intitle:Contact ""Adult"" site:.org"
National City Adult School | Contact Us,http://nca.sweetwaterschools.org/contact-us/,"""District"" intitle:Contact ""Adult"" site:.org"
Contact Us - tooeleschools.org,http://sharepoint.tooeleschools.org/schools/secondaryschools/adulted/Pages/Contact-Us.aspx,"""District"" intitle:Contact ""Adult"" site:.org"
Adult Programs | Hopkins Schools,https://www.hopkinsschools.org/community-education/adult-programs,"""District"" intitle:Contact ""Adult"" site:.org"
Parent Co-Op Preschool & Toddler / Contact us,http://www.fcusd.org/domain/679,"""District"" intitle:Contact ""Adult"" site:.org"
Adult Enrichment Classes | Hopkins Schools,https://www.hopkinsschools.org/community-education/adult-programs/adult-enrichment-classes,"""District"" intitle:Contact ""Adult"" site:.org"
Contact Us | Deschutes County Oregon,https://www.deschutes.org/administration/page/contact-us,"""District"" intitle:Contact ""Adult"" site:.org"
Contact Info • Contact - MVLA Adult Education,http://www.mvla.net/MVLA_Adult_Education/Contact,"""District"" intitle:Contact ""Adult"" site:.net"
Division of Risk Management and Insurance Services / BA ...,https://achieve.lausd.net/Page/6267,"""District"" intitle:Contact ""Adult"" site:.net"
Contact Us - Los Angeles Unified School District / Homepage,https://achieve.lausd.net/Page/8837,"""District"" intitle:Contact ""Adult"" site:.net"
Davis Adult and Community Education: Contact Information,http://dace.djusd.net/contact,"""District"" intitle:Contact ""Adult"" site:.net"
Office of Environmental Health & Safety / Contact Us,https://achieve.lausd.net/Page/12955,"""District"" intitle:Contact ""Adult"" site:.net"
Contact Us - Los Angeles Unified School District / Homepage,https://achieve.lausd.net/Page/12651,"""District"" intitle:Contact ""Adult"" site:.net"
Special Education Instruction / Contact Us,https://achieve.lausd.net/Page/4212,"""District"" intitle:Contact ""Adult"" site:.net"
Private School Office / Contact Us - achieve.lausd.net,https://achieve.lausd.net/Page/5416,"""District"" intitle:Contact ""Adult"" site:.net"
Contact Us - Adult Education,https://adulted.beaufortschools.net/about_us/contact_us,"""District"" intitle:Contact ""Adult"" site:.net"
Gifted and Talented Programs / Contact Us,https://achieve.lausd.net/Page/12071,"""District"" intitle:Contact ""Adult"" site:.net"
Special Education & Pupil Services / Contact Us,http://www.exeter.k12.pa.us/Page/75,"""District"" intitle:Contact ""Special Ed"" site:.us"
Vacancy Notice / Contact - Sharon City School District ...,http://www.sharon.k12.pa.us/domain/97,"""District"" intitle:Contact ""Special Ed"" site:.us"
Contact Staff - Argyle Schools,http://www.argyle.k12.wi.us/students-parents/contact-staff,"""District"" intitle:Contact ""Special Ed"" site:.us"
Special Education / Contact Information,http://www.chino.k12.ca.us/Page/2504,"""District"" intitle:Contact ""Special Ed"" site:.us"
Contact Us - Home - Tracy Unified School District,https://www.tracy.k12.ca.us/contacttusd/SitePages/Home.aspx,"""District"" intitle:Contact ""Special Ed"" site:.us"
Contact Special Education | St. Anthony-New Brighton ...,http://www.stanthony.k12.mn.us/contact-special-education,"""District"" intitle:Contact ""Special Ed"" site:.us"
Washington Unified School District - Contact Special Ed Staff,http://www.wusd.k12.ca.us/Departments/Education-Services/Special-Services/Contact-Special-Ed-Staff/index.html,"""District"" intitle:Contact ""Special Ed"" site:.us"
Special Education - Worthington City School District,https://www.worthington.k12.oh.us/Page/316,"""District"" intitle:Contact ""Special Ed"" site:.us"
Contact OSP - County,http://wvde.state.wv.us/osp/contactosecounty.htm,"""District"" intitle:Contact ""Special Ed"" site:.us"
Contact Us - Beaverton School District,https://www.beaverton.k12.or.us/about/contact,"""District"" intitle:Contact ""Special Ed"" site:.us"
Special Ed Students Pay The Price Of B.C.'s Teacher ...,http://www.huffingtonpost.ca/2017/12/10/special-ed-students-pay-the-price-of-b-c-s-teacher-shortage-union_a_23303011/,"""District"" intitle:Contact ""Special Ed"" site:.ca"
DISTRICT CONTACT PHONE/EMAIL - Provincial Outreach Program ...,http://www.autismoutreach.ca/sites/default/files/district_partner_050115.pdf,"""District"" intitle:Contact ""Special Ed"" site:.ca"
DIST # DISTRICT NAME CONTACT MAILING ADDRESS,http://www.autismoutreach.ca/sites/default/files/district_partner_14_10_16.pdf,"""District"" intitle:Contact ""Special Ed"" site:.ca"
DISTRICT CONTACT PHONE/EMAIL - autismoutreach.ca,http://www.autismoutreach.ca/sites/default/files/district_partner_web_13_04_15.pdf,"""District"" intitle:Contact ""Special Ed"" site:.ca"
SCDSB - Contact Us,https://www.scdsb.on.ca/About%20Us/Pages/Contact-Us.aspx,"""District"" intitle:Contact ""Special Ed"" site:.ca"
DISTRICT CONTACT PHONE/EMAIL,http://www.autismoutreach.ca/sites/default/files/district%20partner%2004_22_15.pdf,"""District"" intitle:Contact ""Special Ed"" site:.ca"
DISTRICT CONTACT ADDRESS PHONE/EMAIL,http://www.autismoutreach.ca/sites/default/files/districtd_partners_021816.pdf,"""District"" intitle:Contact ""Special Ed"" site:.ca"
DIST # DISTRICT NAME CONTACT MAILING ADDRESS EMAIL,http://www.autismoutreach.ca/sites/default/files/district_partner_13_12_16.pdf,"""District"" intitle:Contact ""Special Ed"" site:.ca"
TDSB proposing major changes to gifted and special ...,http://www.iheartradio.ca/newstalk-1290-cjbk/news/tdsb-proposing-major-changes-to-gifted-and-special-education-programs-1.3495510,"""District"" intitle:Contact ""Special Ed"" site:.ca"
Contact Us - Hamilton-Wentworth Catholic District School Board,http://www.hwcdsb.ca/contactus/,"""District"" intitle:Contact ""Special Ed"" site:.ca"
Weymouth - School and District Profiles,http://profiles.doe.mass.edu/profiles/general.aspx?topNavId=1&orgcode=03360000&orgtypecode=5&,"""District"" intitle:Contact ""Special Ed"" site:.edu"
Nashua School District - Contact Info,http://www.nashua.edu/about-us/departments/special-education/contact-info,"""District"" intitle:Contact ""Special Ed"" site:.edu"
Contact Information - Athena Day School (02390815),http://profiles.doe.mass.edu/profiles/general.aspx?topNavId=8001&orgcode=02390815&orgtypecode=2&,"""District"" intitle:Contact ""Special Ed"" site:.edu"
Contact Information - Pre-School (Special Ed Related ...,http://profiles.doe.mass.edu/profiles/general.aspx?topNavId=1&orgcode=00000001&orgtypecode=5&,"""District"" intitle:Contact ""Special Ed"" site:.edu"
Contact Information - Minuteman Regional High (08300605),http://profiles.doe.mass.edu/profiles/general.aspx?topNavId=1&orgcode=08300605&orgtypecode=6&,"""District"" intitle:Contact ""Special Ed"" site:.edu"
Contact Information - Eugene C Vining (00310030),http://profiles.doe.mass.edu/profiles/general.aspx?topNavId=1&orgcode=00310030&orgtypecode=6&,"""District"" intitle:Contact ""Special Ed"" site:.edu"
Special Education Contact List - Val Verde Unified School D...,https://www.valverde.edu/departments/special_education/special_education_contact_list,"""District"" intitle:Contact ""Special Ed"" site:.edu"
Contact Information - Massachusetts (00000000),http://profiles.doe.mass.edu/home.aspx?orgTypeCode=0&orgCode=00000000,"""District"" intitle:Contact ""Special Ed"" site:.edu"
Contact Us / Our Staff - Clarkstown Central School District,http://www.ccsd.edu/Page/1069,"""District"" intitle:Contact ""Special Ed"" site:.edu"
Contact Us/Telephone Directory - Prince William County Publ...,https://www.pwcs.edu/about_us/contact_us/,"""District"" intitle:Contact ""Special Ed"" site:.edu"
Special Education / Special Education Contact Information,http://www.qcsd.org/domain/13,"""District"" intitle:Contact ""Special Ed"" site:.org"
Contact Us - District 95,http://www.lz95.org/departments/special_education/about_us1.aspx,"""District"" intitle:Contact ""Special Ed"" site:.org"
Special Education / Contact Us - Central Bucks School District,http://www.cbsd.org/Page/997,"""District"" intitle:Contact ""Special Ed"" site:.org"
Special Education - Contact Us,http://wallenpaupack.org/se_contact.asp,"""District"" intitle:Contact ""Special Ed"" site:.org"
Contact List - South Lake Middle School,http://southlakems.org/contact.htm,"""District"" intitle:Contact ""Special Ed"" site:.org"
Special Education / Contact Information,http://www.oleanschools.org/Page/292,"""District"" intitle:Contact ""Special Ed"" site:.org"
Special Education / Contact Information,http://www.unit5.org/domain/61,"""District"" intitle:Contact ""Special Ed"" site:.org"
Contact & Directory Info - Yakima School District / Homepage,https://www.yakimaschools.org/domain/14,"""District"" intitle:Contact ""Special Ed"" site:.org"
Contact us – Vancouver Public Schools,http://vansd.org/special-services/contact-us/,"""District"" intitle:Contact ""Special Ed"" site:.org"
SMMUSD : Special Education :: Contact Us,http://www.smmusd.org/special_education/contact.html,"""District"" intitle:Contact ""Special Ed"" site:.org"
Special Education Division / Contact Us,http://achieve.lausd.net/Page/1957,"""District"" intitle:Contact ""Special Ed"" site:.net"
Special Education / Contact Information,http://www.rcsdk8.net/Page/183,"""District"" intitle:Contact ""Special Ed"" site:.net"
Bloomington School District 87: Contact Us - edline.net,http://www.edline.net/pages/Bloomington_School_District_87/Departments/Special_Education/Contact_Us,"""District"" intitle:Contact ""Special Ed"" site:.net"
Special Education / Contact Us - Department,https://www.irvingisd.net/Page/2418,"""District"" intitle:Contact ""Special Ed"" site:.net"
Special Education / Staff Contact - Springtown ISD,http://www.springtownisd.net/Page/140,"""District"" intitle:Contact ""Special Ed"" site:.net"
Special Education / Contact Us - Portland Public Schools,http://www.pps.net/Page/622,"""District"" intitle:Contact ""Special Ed"" site:.net"
Contact Us - Clear Creek Independent School District,https://www.ccisd.net/departments/special_education_services/contact_us/,"""District"" intitle:Contact ""Special Ed"" site:.net"
I-Star Personnel Data Contact List,https://sec2.isbe.net/SpecialEducation/Documents/siteperscontact.pdf,"""District"" intitle:Contact ""Special Ed"" site:.net"
Student Services / Student Services Contact Information,http://www.npsri.net/Page/105,"""District"" intitle:Contact ""Special Ed"" site:.net"
Contact and Directions | The Hallen School | NY State ...,http://www.thehallenschool.net/contact-and-directions,"""District"" intitle:Contact ""Special Ed"" site:.net"
"Contact CTMRD Program Staff - Washoe County, Nevada",https://www.washoecounty.us/csd/utility/ctmrd/Zcontact.php,"""District"" intitle:Contact ""remediation"" read site:.us"
MDEQ - Contact MDEQ - Mississippi Department of ...,http://www.deq.state.ms.us/MDEQ.nsf/page/Main_ContactMDEQ,"""District"" intitle:Contact ""remediation"" read site:.us"
For More Information Scores by Program Contact: T.A.B.E ...,http://mtec.pasco.k12.fl.us/wp-content/uploads/2014/10/TABE-Brochure-PSAV-Final.pdf,"""District"" intitle:Contact ""remediation"" read site:.us"
iMold | Contact - Water Damage - Mold Remediation and ...,http://imold.us/contact/,"""District"" intitle:Contact ""remediation"" read site:.us"
A-Z Contact List | Desert Sky Middle School,http://dsms.vail.k12.az.us/a-z-contact-list/,"""District"" intitle:Contact ""remediation"" read site:.us"
Date Completed: 10/27/08 School: Loganville High School ...,http://media.walton.k12.ga.us/District/BOE/Documents/SACS/Standard1/School_Profile_0809_LHS.pdf,"""District"" intitle:Contact ""remediation"" read site:.us"
Contact Us,http://www.epa.state.oh.us/Contact.aspx,"""District"" intitle:Contact ""remediation"" read site:.us"
Please find attached the Department’s correspondence ...,http://www18.swfwmd.state.fl.us/Erp/Common/Controls/ExportDocument.aspx?OpaqueId=p2avH3Qj9SNwKvPrJjl3UlOnHUFJSHB_ZHW4eYdXU1hHN2WgGnrUknlGQGWXDqt5jgydqudM7v6vb6KECKhEqwbk4YtZTNFD8kTotFxDdtA=,"""District"" intitle:Contact ""remediation"" read site:.us"
Contact Matrix - Northampton,http://www.northampton.k12.nc.us/about_us/contact_matrix/,"""District"" intitle:Contact ""remediation"" read site:.us"
Instructor’s Name: Brian K. Brown Contact Information ...,https://www.grovecity.k12.pa.us/cms/lib/PA02000125/Centricity/Domain/198/Syllabus%209.1.2017.pdf,"""District"" intitle:Contact ""remediation"" read site:.us"
In this issue of CONTACT - nuclearlegacyprogram.ca,http://nuclearlegacyprogram.ca/site/media/nllp/WL-Contact-2-1_Eng.pdf,"""District"" intitle:Contact ""remediation"" read site:.ca"
"OFFICE, CREATIVE & CONTACT CENTRES: EDUCATION: HAMILTON",http://www.investinhamilton.ca/wp-content/uploads/2015/11/EcDev-0815-Commercial-Retail-Brochure.pdf,"""District"" intitle:Contact ""remediation"" read site:.ca"
Contact Us - AER,http://aer.ca/about-aer/contact-us,"""District"" intitle:Contact ""remediation"" read site:.ca"
Contact Us | Saskatoon.ca,https://www.saskatoon.ca/city-hall/send-comments-concerns-city/contact-us,"""District"" intitle:Contact ""remediation"" read site:.ca"
Find a Department or Contact | Saskatoon.ca,https://www.saskatoon.ca/city-hall/find-department-or-contact,"""District"" intitle:Contact ""remediation"" read site:.ca"
www.legassembly.gov.yk.ca,http://www.legassembly.gov.yk.ca/fr/hansard/33-legislature/session1/mht/125.mht,"""District"" intitle:Contact ""remediation"" read site:.ca"
Reading Children's Books: An example that has stuck with ...,https://readingchildrensbooks.blogspot.ca/2017/07/an-example-that-has-stuck-with-moss-is.html,"""District"" intitle:Contact ""remediation"" read site:.ca"
Contact - Phil Yeats - CoastBase,http://www.coastbase.ca/contact/phil-yeats,"""District"" intitle:Contact ""remediation"" read site:.ca"
Peer Resources Mentor Programs Contact Details,http://www.mentors.ca/mentoraddresses.html,"""District"" intitle:Contact ""remediation"" read site:.ca"
Investigations on the form-genera Beauveria and Tritirachium,http://digitool.library.mcgill.ca/OAI-PUB?verb=ListRecords&metadataPrefix=oai_etdms,"""District"" intitle:Contact ""remediation"" read site:.ca"
Company Contact Information Description - Boston College,http://www.bc.edu/content/dam/files/schools/lsoe/erme/Kates%20Employer%20Listing%202016.pdf,"""District"" intitle:Contact ""remediation"" read site:.edu"
ENVIRONMENTAL LITIGATION Prof. Neumann – Spring 2010 ...,https://lawweb.colorado.edu/profiles/syllabi/neumann/97038529_v_1_Environmental%20Litigation%20Spring%202010%20FINAL%20Syllabus%20DOC.pdf,"""District"" intitle:Contact ""remediation"" read site:.edu"
School Organization and Contact Extra-Curricular ...,https://sic.ed.sc.edu/network/reports/934_SchoolRpt_511201723647.pdf,"""District"" intitle:Contact ""remediation"" read site:.edu"
1. Encourages Effective Contact Between Students and ...,https://www.canadacollege.edu/inside/academic_senate/0506/eval_ASCCC.pdf,"""District"" intitle:Contact ""remediation"" read site:.edu"
School Organization and Contact Extra-Curricular ...,https://sic.ed.sc.edu/network/reports/937_SchoolRpt_51201481611.pdf,"""District"" intitle:Contact ""remediation"" read site:.edu"
Alabama State Department of Education ITB Contact: Ramona ...,https://connect.alsde.edu/sites/erate/aljp/06DLC2016/Shared%20Documents/ITB_06DLC2016.pdf,"""District"" intitle:Contact ""remediation"" read site:.edu"
DIRECTOR - Data-gov Wiki,http://data-gov.tw.rpi.edu/raw/1064/data-1064-00372.rdf,"""District"" intitle:Contact ""remediation"" read site:.edu"
"FOR MORE INFORMATION, CONTACT: - uaf.edu",https://www.uaf.edu/files/uafgov/fsag159.doc,"""District"" intitle:Contact ""remediation"" read site:.edu"
Cavity Preparation/Assembly Techniques and Impact on Q ...,http://data-gov.tw.rpi.edu/raw/1560/data-1560-00032.rdf,"""District"" intitle:Contact ""remediation"" read site:.edu"
Contact Us | | NC State Extension,https://soils.ces.ncsu.edu/contact-us/,"""District"" intitle:Contact ""remediation"" read site:.edu"
SCOPE OF WORK HMS ID: S16062 Bus Garage Contact Persons ...,http://www.caminoschool.org/images/Appendix_D_-_Maintenance_Building_Hazardous_Materials_Abatement_Procedures.PDF,"""District"" intitle:Contact ""remediation"" read site:.org"
2017 Report on the Activities of The National Right to ...,http://www.nrrf.org/2017-report-activities-national-right-read-foundation/,"""District"" intitle:Contact ""remediation"" read site:.org"
FOR IMMEDIATE RELEASE CONTACT: Mayor’s Press Office,https://www.cityofchicago.org/content/dam/city/depts/mayor/Press%20Room/Press%20Releases/2016/September/MeasuresApprovedbyCityCouncil.pdf,"""District"" intitle:Contact ""remediation"" read site:.org"
Contact Us - Rice Creek Watershed District,http://www.ricecreek.org/index.asp?SEC=D2A66A19-C7F9-4158-B30F-A95C89BBA748&Type=B_BASIC,"""District"" intitle:Contact ""remediation"" read site:.org"
State Engagement Program - itrcweb.org,https://www.itrcweb.org/Team/Public?teamID=50,"""District"" intitle:Contact ""remediation"" read site:.org"
Grantee City Contact Award Year Year One Award Program ...,http://www.afterschoolalliance.org/states_docs/21cclc/MS_21_grants.pdf,"""District"" intitle:Contact ""remediation"" read site:.org"
Contact Us - SCOPEX NIGERIA LIMITED,http://scopex.org/contact,"""District"" intitle:Contact ""remediation"" read site:.org"
Contact the Carmichael Water District | CWD,http://carmichaelwd.org/index.php/about-cwd/contact-the-carmichael-water-district/,"""District"" intitle:Contact ""remediation"" read site:.org"
CST Contact Information - Township of Franklin Public Schools,http://www.franklintwpschools.org/district/special_services/c_s_t_contact_information,"""District"" intitle:Contact ""remediation"" read site:.org"
FOR IMMEDIATE RELEASE CONTACT: Landmark Designation ...,https://www.cityofchicago.org/content/dam/city/depts/mayor/Press%20Room/Press%20Releases/2016/1.13.16DevelopmentMeasuresIntroduced.pdf,"""District"" intitle:Contact ""remediation"" read site:.org"
The Dyslexia SISD Contact Information Program,http://www.sisd.net/cms/lib/TX01001452/Centricity/Domain/4451/9%20Dyslexia%20Brochure.pdf,"""District"" intitle:Contact ""remediation"" read site:.net"
Area Contact Ext Email - d3jc3ahdjad7x7.cloudfront.net,https://d3jc3ahdjad7x7.cloudfront.net/c2OwWW5KzsYwKvEB5s0p2AfLEnGwVap5t077nvg9uFEalVe8.pdf,"""District"" intitle:Contact ""remediation"" read site:.net"
Welcome Contact Us: Wednesday News Customer Service ...,http://www.thevha.net/wp-content/uploads/2015/08/Welcome-Wednesday-8-5-15.pdf,"""District"" intitle:Contact ""remediation"" read site:.net"
"Note: If you encounter a testing irregularity, please ...",http://www.esc4.net/Assets/11-test-monitor-checklist.pdf,"""District"" intitle:Contact ""remediation"" read site:.net"
MOST FREQUENTLY ASKED QUESTIONS: Contact Information Most ...,http://www.jeffparish.net/index.aspx?page=140,"""District"" intitle:Contact ""remediation"" read site:.net"
Helpful Contact Information (HudsonWatch.net),http://www.hudsonwatch.net/contacts.html,"""District"" intitle:Contact ""remediation"" read site:.net"
HealthCheck: Contact,https://www.dchealthcheck.net/news.html,"""District"" intitle:Contact ""remediation"" read site:.net"
JLCC-R: Head Lice Procedure - ConVal School Board,http://schoolboard.convalsd.net/district-policies/jlcc-r-head-lice-procedure/,"""District"" intitle:Contact ""remediation"" read site:.net"
Managing Stress This Holiday Season - Passaic Valley NJ ...,https://www.tapinto.net/towns/passaic-valley/articles/managing-stress-this-holiday-season-44,"""District"" intitle:Contact ""remediation"" read site:.net"
Anish Ghimire | Nepal Engineering College | on ...,https://www.researchgate.net/profile/Anish_Ghimire/2,"""District"" intitle:Contact ""remediation"" read site:.net"
ESOL / Contact Us - Atlanta Public Schools,https://www.atlantapublicschools.us/Page/41580,"""District"" intitle:Contact ""ESOL"" site:.us"
Contact Us - Bay District Schools,http://www.bay.k12.fl.us/OurDistrict/ContactUs.aspx,"""District"" intitle:Contact ""ESOL"" site:.us"
Hampton County School District 2 - Official Site,http://www.hampton2.k12.sc.us/,"""District"" intitle:Contact ""ESOL"" site:.us"
Contact Us | Seminole County Public Schools,https://www.scps.k12.fl.us/contact-us.stml,"""District"" intitle:Contact ""ESOL"" site:.us"
Contact Us - Lowndes County Schools,http://www.lowndes.k12.ga.us/contact-us,"""District"" intitle:Contact ""ESOL"" site:.us"
Health Services / Contact Information,https://www.sjsd.k12.mo.us/Page/3410,"""District"" intitle:Contact ""ESOL"" site:.us"
Building Contact List with Start/Stop Times / Home,https://www.sjsd.k12.mo.us/Page/148,"""District"" intitle:Contact ""ESOL"" site:.us"
