Central Elementary School,English as a Second Language (ESL) / Contact Information,https://www.iss.k12.nc.us/Page/13777,"""Central Elementary School"" ESL intitle:contact"
Bethel Local Schools,Contact Information - bethel.k12.oh.us,http://www.bethel.k12.oh.us/index.php/district/contact-information,"""Bethel Local Schools"" ESL intitle:contact"
Mission Bell Elementary,Contact us - jurupausd.org,http://jurupausd.org/schools/AdultAlternativeEducation/Pages/Contact%20us.aspx,"""Mission Bell Elementary"" ESL intitle:contact"
Concord School District,David Hardy - LeadFerret,https://leadferret.com/directory/person/david-hardy/21083966,"""Concord School District"" ESL intitle:contact"
Jefferson Elementary,Jefferson Elementary School - Contact Me,http://jefferson.twpunionschools.org/subsites/kscott/Contact-Me/index.html,"""Jefferson Elementary"" ESL intitle:contact"
Humble ISD,SAVE THE DATE! If you have any questions please do not ...,http://www.humbleisd.net/cms/lib/TX01001414/Centricity/Domain/53/ELL_Flyer_2017Apr25.pdf,"""Humble ISD"" ESL intitle:contact"
Arlington ISD,Bilingual/ESL - Arlington Independent School District,http://w2.aisd.net/aisd/bilingualesl/new-student-oral-language-proficiency-testing/lpc-contact-list,"""Arlington ISD"" ESL intitle:contact"
School District of Pittsburgh,Contacting the District / Contact the District,https://www.pghschools.org/contact,"""School District of Pittsburgh"" ESL intitle:contact"
The Village School,Chandler Tech Teaching,http://www.chandlertechteaching.com/feeds/posts/default,"""The Village School"" ESL intitle:contact"
East End Elementary,"Ouh, Soyoun: ESL / Contact Ms. Ouh",https://www.nplainfield.org/Page/13260,"""East End Elementary"" ESL intitle:contact"
Oneida Baptist Institute,Joel Miller at Missouri Association of School ...,https://leadferret.com/directory/person/joel-miller/500658074,"""Oneida Baptist Institute"" ESL intitle:contact"
Lincoln County School District,Exceptional Children / Contact Us - LCSNC,http://www.lcsnc.org/Page/2772,"""Lincoln County School District"" ESL intitle:contact"
Sumter School District,Laura Brown at Penn State University Contact Details ...,https://leadferret.com/directory/person/laura-brown/500721685,"""Sumter School District"" ESL intitle:contact"
Incarnation Catholic School,Contact - Simcoe Muskoka Catholic District School Board,http://smcdsb.ss9.sharpschool.com/cms/One.aspx?portalId=30054&pageId=30079,"""Incarnation Catholic School"" ESL intitle:contact"
Potomac Elementary,Contact Us - KGHS,http://www.kghs-kgcs.org/home/contacts,"""Potomac Elementary"" ESL intitle:contact"
Hays CISD,Youth Development Leader (Afterschool Counselor) ACC ...,http://sites.austincc.edu/jobs/jobs/view/youth-development-leader-afterschool-counselor-3/,"""Hays CISD"" ESL intitle:contact"
Seekonk Public Schools,FRPS School Contact Information - Fall River Public Schools,http://www.fallriverschools.org/schools.cfm,"""Seekonk Public Schools"" ESL intitle:contact"
Alexander Elementary School,Contact Us / Contact Us - Duncanville ISD,http://www.duncanvilleisd.org/contactus,"""Alexander Elementary School"" ESL intitle:contact"
Burbank USD,Contact Us • Page - Burbank Adult School,http://www.burbankusd.org/BAS/3094-Untitled.html,"""Burbank USD"" ESL intitle:contact"
Good Shepherd School,#1 Survival Life Contact - (2017) Tribal Wars Farm Finder,http://survival-p.com/survival.life.contact=p905a,"""Good Shepherd School"" ESL intitle:contact"
Metropolitan Community College,Metropolitan Community College - Contact/Visit Us,https://www.mccneb.edu/About-MCC-Nebraska/Contact-Visit-Us.aspx,"""Metropolitan Community College"" ESL intitle:contact"
Mansfield TWP BOE,Contact Directory - Mansfield Township School District ...,https://www.mansfieldschool.com/Page/453,"""Mansfield TWP BOE"" ESL intitle:contact"
Mary Wright,Jeffrey Wright at Jefferson County Board Education Contact ...,https://leadferret.com/directory/person/jeffrey-wright/500635410,"""Mary Wright"" ESL intitle:contact"
Bloomfield College,College Contact Information @ Bellevue College,https://www.bellevuecollege.edu/contacts/,"""Bloomfield College"" ESL intitle:contact"
Western Elementary,Western Elementary School,http://www.scott.k12.ky.us/11/News/entrance,"""Western Elementary"" ESL intitle:contact"
Jefferson Elementary,Jefferson Elementary School - Contact Me,http://jefferson.twpunionschools.org/subsites/kscott/Contact-Me/index.html,"""Jefferson Elementary"" ESL intitle:contact"
Harmony Science Academy,Region 18 District Contact List - EDLINK18,https://isdprofile.edlink18.net/pdf,"""Harmony Science Academy"" ESL intitle:contact"
Valley Christian School,Contact - Apple Valley Christian School,http://avcschool.com/contact/,"""Valley Christian School"" ESL intitle:contact"
Metropolitan Community College,Metropolitan Community College - Contact/Visit Us,https://www.mccneb.edu/About-MCC-Nebraska/Contact-Visit-Us.aspx,"""Metropolitan Community College"" ESL intitle:contact"
Newton Elementary,Contact Community Schools/Kid Connection - Community Schools,http://nccscommunity.ss3.sharpschool.com/schools/contact_community_schools__kid_connection,"""Newton Elementary"" ESL intitle:contact"
Lenape Elementary School,"Shanley, Thomas- Math / Contact Information",http://www.newpaltz.k12.ny.us/Domain/758,"""Lenape Elementary School"" ESL intitle:contact"
Howard Elementary,Bald Eagle Area School District - Contact Form for ESL,http://www.beasd.org/education/components/form/default.php?sectiondetailid=5893&,"""Howard Elementary"" ESL intitle:contact"
Holy Trinity School,Apply to Washington DC Tutoring Jobs Now - Varsity Tutors,https://www.varsitytutors.com/washington_dc-tutoring-jobs,"""Holy Trinity School"" ESL intitle:contact"
St. Aloysius,Contact St Aloysius' College - Better Education,https://bettereducation.com.au/ContactThem.aspx?name=St%20Aloysius'%20College&email=enquiries@staloysius.nsw.edu.au,"""St. Aloysius"" ESL intitle:contact"
Forest Hills Elementary,Mandi Young at Lake Oswego School District Contact Details ...,https://leadferret.com/directory/person/mandi-young/23576308,"""Forest Hills Elementary"" ESL intitle:contact"
Floyd Elementary,Contact Me - Dalraida Elementary,http://www.dalraida.mps-al.org/about_our_school/school_staff/rhonda_dunsmore/contact_me,"""Floyd Elementary"" ESL intitle:contact"
Highlands School,Contact Us - Grey Highlands Secondary School,http://www.ghss.bwdsb.on.ca/contact,"""Highlands School"" ESL intitle:contact"
Madison Oneida BOCES,Armstrong Earns 2013 Innovation Award 2017 - Rutgers ...,http://scholarshipweb.net/tag/armstrong-earns-2013-innovation-award,"""Madison Oneida BOCES"" ESL intitle:contact"
Central High School,Contact School - R-S Central High School,http://rschs.rcsnc.org/contact_school/,"""Central High School"" ESL intitle:contact"
The Roeper School,Laura Evans at Roosevelt University Contact Details ...,https://leadferret.com/directory/person/laura-evans/12196293,"""The Roeper School"" ESL intitle:contact"
Bergen Arts and Science,Contact Us - Bergen,https://bcts.bergen.org/index.php/contact-us,"""Bergen Arts and Science"" ESL intitle:contact"
Saginaw Valley State University,Graduate English Symposium | Events | Department of ...,https://www.depts.ttu.edu/english/events/Grad_Symposium_2015/bios.php,"""Saginaw Valley State University"" ESL intitle:contact"
Greenville Elementary,Federal Programs / Contact Information,https://www.pitt.k12.nc.us/Page/969,"""Greenville Elementary"" ESL intitle:contact"
Murray School,Team/Contact Us | Murray School District,http://www.murrayschools.org/teamcontact-us/,"""Murray School"" ESL intitle:contact"
Emerson Elementary School,Contact Us - Amarillo Independent School District,http://amarilloisd.sharpschool.com/departments/bilingual___esl_programs/contact_us/,"""Emerson Elementary School"" ESL intitle:contact"
Delgado Community College,Contact Us - Delgado Community College,http://www.dcc.edu/academics/communication/contact.aspx,"""Delgado Community College"" ESL intitle:contact"
Durham Public Schools,Contact Us / Contact Us - Durham Public Schools,http://www.dpsnc.net/domain/79,"""Durham Public Schools"" ESL intitle:contact"
Homelife Academy,Best 25+ Homeschool diploma ideas on Pinterest | Teaching ...,https://www.pinterest.com/explore/homeschool-diploma/,"""Homelife Academy"" ESL intitle:contact"
Atkinson  Elementary,Contact Us Form | JCPS,https://www.jefferson.kyschools.us/contact,"""Atkinson  Elementary"" ESL intitle:contact"
St. Anne's,Jewish Family Services of Washtenaw County | Contact Us,https://jfsannarbor.org/contact-us/,"""St. Anne's"" ESL intitle:contact"
Garfield Middle School,Storysmith - Curriculum Vitae,http://www.storysmith.org/cv.html,"""Garfield Middle School"" ESL intitle:contact"
Maxfield Elementary,Amy Gordon at State College Area School District Contact ...,https://leadferret.com/directory/person/amy-gordon/17862652,"""Maxfield Elementary"" ESL intitle:contact"
Parker Elementary,School Information / Contact Us,http://www.houstonisd.org/domain/42914,"""Parker Elementary"" ESL intitle:contact"
Laurelhurst,Special Education / Contact Us - Portland Public Schools,https://www.pps.net/Page/622,"""Laurelhurst"" ESL intitle:contact"
Fuller School,Michelle Snipes at Ithaca City School District Contact ...,https://leadferret.com/directory/person/michelle-snipes/24375596,"""Fuller School"" ESL intitle:contact"
Marion School District,Administration - Contact Us - Marion Community Schools,http://www.marion.k12.in.us/index.cfm?pagetype=304&dir=,"""Marion School District"" ESL intitle:contact"
Greenwood Elementary,Contact - Fultondale Elementary,http://fultondaleel.jefcoed.com/contact,"""Greenwood Elementary"" ESL intitle:contact"
Ford Elementary,Contact Us / Overview - catawbaschools.net,http://www.catawbaschools.net/domain/878,"""Ford Elementary"" ESL intitle:contact"
Maiden Middle School,Contact Us / Overview - Catawba County Schools,https://www.catawbaschools.net/domain/344,"""Maiden Middle School"" ESL intitle:contact"
Eastern Oregon University,"Uo Campus Map Esl. Un Campus Map, Portland University ...",http://www.peteradz.com/map/uo-campus-map-esl.php,"""Eastern Oregon University"" ESL intitle:contact"
Legacy Academy,Facility Address Phone # Contact Person - Dr. Randy Walker,http://www.drrandywalker.com/wp-content/uploads/2013/03/County-of-Sevier-Resource-Guide-2017.pdf,"""Legacy Academy"" ESL intitle:contact"
Pembroke School,Transportation / Contact Us - Birmingham Schools,https://www.birmingham.k12.mi.us/Page/1537,"""Pembroke School"" ESL intitle:contact"
Holy Trinity,Contact Us - Holy Trinity Diocesan High School,http://www.holytrinityhs.org/alumni__giving/contact_us,"""Holy Trinity"" ESL intitle:contact"
St. Johns,Our Contact Information | English as a Second Language ...,http://www.mun.ca/esl/about/,"""St. Johns"" ESL intitle:contact"
Wayne Elementary,Contact Me - Eastern Wayne Elementary,http://ewe329.waynecountyschools.org/class_websites/3rd_grade-_stephanie_webber/contact_me,"""Wayne Elementary"" ESL intitle:contact"
Marina Vista,Contact Us - Library Video Company,https://www.libraryvideocompany.com/Articles.asp?ID=253,"""Marina Vista"" ESL intitle:contact"
RLAC,CONTACT INFORMATION Mining Records Curator Arizona ...,http://docs.azgs.az.gov/OnlineAccessMineFiles/S-Z/Silverbarno4Pima611.pdf,"""RLAC"" ESL intitle:contact"
Glencoe Elementary,Contact Jill Sumners - Etowah County Schools,http://www.ecboe.org/departments/other_resources/i_now/contact_jill_sumners/,"""Glencoe Elementary"" ESL intitle:contact"
St. Joseph School,St. Joseph School / Contact Us/alumni/donate / Faqs,http://www.sjsusa.org/contact-usalumnidonate/faqs/,"""St. Joseph School"" ESL intitle:contact"
Holbrook Elementary,Contact Me - Hamtramck Public Schools,http://www.hamtramckschools.com/schools/kosciuszko_middle_school/meet_your_k_m_s_teachers_/mr__tim_brennan__band_orchestra_chorus/contact_me/,"""Holbrook Elementary"" ESL intitle:contact"
Signal Hill,Contact Us - Augusoft,https://nvcc.augusoft.net/index.cfm?fuseaction=1003,"""Signal Hill"" ESL intitle:contact"
Sandburg Elementary,Athletic Hall of Fame / Contact Us - Community Unit School ...,https://www.cusd200.org/Page/803,"""Sandburg Elementary"" ESL intitle:contact"
William Brown,Contact Us / Contact Us - Dallas Independent School District,https://www.dallasisd.org/domain/3739,"""William Brown"" ESL intitle:contact"
Bart Johnson,"Mary Kaiser at MB Financial, Inc. Contact Details ...",https://leadferret.com/directory/person/mary-kaiser/6230465,"""Bart Johnson"" ESL intitle:contact"
Baker Elementary,Bentonville School District: Contact - Edline,http://www.edline.net/pages/Bentonville_School_District/Contact,"""Baker Elementary"" ESL intitle:contact"
North Elementary,JISD Contact Directory - Judson Independent School District,https://www.judsonisd.org/directory/,"""North Elementary"" ESL intitle:contact"
Children's World,Kelly Campbell at Americasmart Logistics LLC Contact ...,https://leadferret.com/directory/person/kelly-campbell/501181814,"""Children's World"" ESL intitle:contact"
Halifax County Public Schools,Mary Moore at State of California Contact Details ...,https://leadferret.com/directory/person/mary-moore/12302725,"""Halifax County Public Schools"" ESL intitle:contact"
Linda Mansfield,Grantee City Contact Award Year Year One Award Program ...,http://www.afterschoolalliance.org/states_docs/21cclc/OH_21_grants.pdf,"""Linda Mansfield"" ESL intitle:contact"
The Children's School,VISIONS Service Adventures: Guadeloupe Staff Biographies ...,http://www.choicecamps.com/visions-service-adventures-guadeloupe-bios/,"""The Children's School"" ESL intitle:contact"
Glasgow Middle School,Contact Us | Fairfax County Public Schools,https://www.fcps.edu/contact-us,"""Glasgow Middle School"" ESL intitle:contact"
MHLT,Contact,http://bd54338rre.tripod.com/Contact-10.html,"""MHLT"" ESL intitle:contact"
Mason City Schools,Contact Us - Mason City Schools,http://www.masonohioschools.com/contact_us,"""Mason City Schools"" ESL intitle:contact"
Sage Canyon Elementary School,DCSD - Contact Us,https://www.dcsdk12.org/sites/default/files/appleawards/contactus/index.htm,"""Sage Canyon Elementary School"" ESL intitle:contact"
Marshall Middle School,Contact Us - Marshall School,http://www.marshallschool.org/our-school/contact-us,"""Marshall Middle School"" ESL intitle:contact"
St. Paul's Episcopal School,Thomas Smith at St Paul's Episcopal School Contact Details ...,https://leadferret.com/directory/person/thomas-smith/13115968,"""St. Paul's Episcopal School"" ESL intitle:contact"
Diagnostic Center,"How to Contact Us - Dana-Farber Cancer Institute | Boston, MA",http://www.dana-farber.org/contact-us/,"""Diagnostic Center"" ESL intitle:contact"
Denison ISD,Denison High School - Contact Directory,http://www.denisonisd.net/education/components/scrapbook/default.php?sectiondetailid=3286&,"""Denison ISD"" ESL intitle:contact"
CEAP,Contact Us | McGill Writing Centre - McGill University,http://www.mcgill.ca/mwc/contact-us,"""CEAP"" ESL intitle:contact"
SJHS,Contact Me - Stonewall Jackson High School,https://stonewallhs.pwcs.edu/class_pages/departments/language_arts/victoria_stearman/contact_me,"""SJHS"" ESL intitle:contact"
Garden city Community College,Contact Us - Nassau Community College,http://www.ncc.edu/contactus/default.shtml,"""Garden city Community College"" ESL intitle:contact"
Marshall Elementary School,Marshall Elementary School | innovative • diverse ...,https://anaheimelementary.org/marshall/,"""Marshall Elementary School"" ESL intitle:contact"
Defiance Elementary School,Contact - Tacoma Schools,https://www.tacomaschools.org/pd/pages/contact.aspx,"""Defiance Elementary School"" ESL intitle:contact"
Liberty High School,JCPS Contact Dashboard - Jefferson County Public Schools ...,http://archive.jefferson.kyschools.us/phone/,"""Liberty High School"" ESL intitle:contact"
Hilltop Elementary,English Language Learners / Contact Us,http://www.highlineschools.org/Page/7083,"""Hilltop Elementary"" ESL intitle:contact"
Nursery Elementary,English Teacher(China) - seriousteachers.com,https://www.seriousteachers.com/job_details/268005/0/english_teacher_china,"""Nursery Elementary"" ESL intitle:contact"
St Pius X,"Contact St Pius X High School, Adamstown, NSW","http://bettereducation.com.au/ContactThem.aspx?name=St%20Pius%20X%20High%20School,%20Adamstown,%20NSW&email=admin@adamstownsp.catholic.edu.au","""St Pius X"" ESL intitle:contact"
Lamar Elementary School,Contact Us - Amarillo Independent School District,http://amarilloisd.sharpschool.com/departments/bilingual___esl_programs/contact_us/,"""Lamar Elementary School"" ESL intitle:contact"
Roanoke Public Schools,Robert Johnson at Sinclair Community College Contact ...,https://leadferret.com/directory/person/robert-johnson/500329204,"""Roanoke Public Schools"" ESL intitle:contact"
Joliet Junior College,$10 Million in Grants for Joliet Junior College - Office ...,http://www.ilhousegop.org/joliet_junior_college,"""Joliet Junior College"" ESL intitle:contact"
Crenshaw Elementary,First Grade / Contact Information,http://www.cvisd.org/Page/3924,"""Crenshaw Elementary"" ESL intitle:contact"
Staunton City Schools,"ESL Interpreter job in Staunton, VA - schoolspring.com",https://www.schoolspring.com/job.cfm?jid=2873803,"""Staunton City Schools"" ESL intitle:contact"
Cambridge Elementary,Contact CPS Staff - Cambridge Public Schools,http://www.cpsd.us/schools/contact_c_p_s_staff/,"""Cambridge Elementary"" ESL intitle:contact"
Lane School,Contact - Jones Elementary School,http://joneses.aldineisd.org/contact_school,"""Lane School"" ESL intitle:contact"
CSE,Contact Info | English Department,https://www.laguardia.edu/English/Courses/,"""CSE"" ESL intitle:contact"
Arlington Elementary,ESOL / Contact Us - Duval County Public Schools,http://dcps.duvalschools.org/Page/9373,"""Arlington Elementary"" ESL intitle:contact"
HMR,Contact HMRC - 0843 509 2500 - Tax Help and Advice,https://www.contacthmrc.com/,"""HMR"" ESL intitle:contact"
Tammy Elliott,Nancy Garcia at Anchorage School District Contact Details ...,https://leadferret.com/directory/person/nancy-garcia/10590359,"""Tammy Elliott"" ESL intitle:contact"
St. Elizabeth Ann Seton,Contact Customer Support - Learning A-Z,https://www.learninga-z.com/site/contact/support,"""St. Elizabeth Ann Seton"" ESL intitle:contact"
Odessa School District 105,Douglas Johnson at Chesterfield County Public Schools ...,https://leadferret.com/directory/person/douglas-johnson/502427069,"""Odessa School District 105"" ESL intitle:contact"
St. Stephen School,Brian Johnson at University of Northern Colorado Contact ...,https://leadferret.com/directory/person/brian-johnson/9846975,"""St. Stephen School"" ESL intitle:contact"
St. Patrick School,Ottawa ESL School Contact Information,http://www.eslottawa.com/ESL-school-contact.html,"""St. Patrick School"" ESL intitle:contact"
Corpus Christi School,Contact Us - Hamilton-Wentworth Catholic District School Board,https://www.hwcdsb.ca/contactus/,"""Corpus Christi School"" ESL intitle:contact"
Mitchell College,Thomas Mitchell at College of Lake County Foundation ...,https://leadferret.com/directory/person/thomas-mitchell/11603479,"""Mitchell College"" ESL intitle:contact"
St. Michael Academy,Virtual High School Welcomes You! Main Office-Contact Center,http://www.govhs.org/Pages/Main+Office-Contact+Center,"""St. Michael Academy"" ESL intitle:contact"
Western Christian.org,Western Christian Schools | Private Schools in Claremont ...,https://www.westernchristian.org/page,"""Western Christian.org"" ESL intitle:contact"
Saint James School,Contact Us – Saint James School,http://stjweb.org/about/contact-us/,"""Saint James School"" ESL intitle:contact"
Carver Public Schools,Virtual High School Welcomes You! Main Office-Contact Center,http://www.govhs.org/Pages/Main+Office-Contact+Center,"""Carver Public Schools"" ESL intitle:contact"
Jackson County School District,Contact Us - Jackson County School District,http://www.jcpsnc.org/cvs/about/contact-us,"""Jackson County School District"" ESL intitle:contact"
Christopher Thomas,John Thomas at Georgetown University Contact Details ...,https://leadferret.com/directory/person/john-thomas/21541172,"""Christopher Thomas"" ESL intitle:contact"
St. Joseph,Contact Us - St. Joseph Academy,http://sjalakeland.org/contact-us/,"""St. Joseph"" ESL intitle:contact"
MultiCultural Resource Center,CONTACT THE WRITING CENTER - Binghamton University,https://www.binghamton.edu/writing/writing-center/wc-contact.html,"""MultiCultural Resource Center"" ESL intitle:contact"
Trinity Christian,Contact Us - Trinity Christian College Adult Studies,http://adultstudies.trnty.edu/geninfo/contactus,"""Trinity Christian"" ESL intitle:contact"
St. Jude,"Contact Us - St. Jude Catholic Church - Allen, TX",https://www.stjudeparish.com/contact-us-1,"""St. Jude"" ESL intitle:contact"
British School of Washington,Contact Us - Review Your School | School Teachers Review ...,https://www.eslwatch.info/en/who-we-are/contact-us/780-school-reviews/north-american-reviews-school.html,"""British School of Washington"" ESL intitle:contact"
Champlin Park High School,Contact Information & Staff Directory - Edison High School,http://edison.mpls.k12.mn.us/contact_us,"""Champlin Park High School"" ESL intitle:contact"
PS 112,Fr. Hai’s Corner If you were affected by the local ...,http://www.stmhouston.org/bulletins/20150614.pdf,"""PS 112"" ESL intitle:contact"
Immaculate Conception,Contact Us | Hispanic Access Foundation,https://www.hispanicaccess.org/contact,"""Immaculate Conception"" ESL intitle:contact"
District 2,"Huron School District | Huron, SD :: Contact Directory",https://www.huron.k12.sd.us/contact-directory/,"""District 2"" ESL intitle:contact"
Cassie,Contact the International Education Department,https://www.shoreline.edu/international/about-us/contact-us.aspx,"""Cassie"" ESL intitle:contact"
Zeb Vance Elementary,Contact Us / Staff Directory,https://www.vcs.k12.nc.us/Page/1328,"""Zeb Vance Elementary"" ESL intitle:contact"
Montessori Children's Academy,Jennifer Brown at Ortega Elementary School Contact Details ...,https://leadferret.com/directory/person/jennifer-brown/5816134,"""Montessori Children's Academy"" ESL intitle:contact"
Glendale Elementary,MEDIA RELEASE Minnesota Elementary School Principals ...,http://hiawatha.mpls.k12.mn.us/uploads/soe-_press_release.pdf,"""Glendale Elementary"" ESL intitle:contact"
Fairview Elementary,Contact Us - Fairview Elementary School,http://fv.wasd.k12.pa.us/contact_us,"""Fairview Elementary"" ESL intitle:contact"
Brighton School,Contact us - EC English Language Centres,https://www.ecenglish.com/en/contact-us,"""Brighton School"" ESL intitle:contact"
New Caney Elementary,ESL students in Harris County schools speak 113 languages,http://www.chron.com/news/education/article/Students-in-this-Texas-county-speak-113-languages-12406806.php,"""New Caney Elementary"" ESL intitle:contact"
The Hill School,Mary Woodruff at Technical College System of Georgia ...,https://leadferret.com/directory/person/mary-woodruff/6231737,"""The Hill School"" ESL intitle:contact"
Josephine,josephine alibrandi essay - grandscalefilms.com,http://grandscalefilms.com/?essay=alibrandi-josephine-essay.asp,"""Josephine"" ESL intitle:contact"
Cold Springs Middle School,Neil Schott at Washoe County School District Contact ...,https://leadferret.com/directory/person/neil-schott/1636805,"""Cold Springs Middle School"" ESL intitle:contact"
Burton School District,Sarah Jones at Guilford County Schools Contact Details ...,https://leadferret.com/directory/person/sarah-jones/500861196,"""Burton School District"" ESL intitle:contact"
Eastside Elementary,Sun Prairie Area School District - Secondary School Space ...,http://www.sunprairie.k12.wi.us/district/secondary-school-space-planning.cfm?dosearch=1,"""Eastside Elementary"" ESL intitle:contact"
Valley Middle School,Contact & Staff Directory - Lower Merion School District,http://www.lmsd.org/welsh-valley/about/directory,"""Valley Middle School"" ESL intitle:contact"
Tipton Rosemark Academy,Lisa Cole at Kennett Consolidated School District Contact ...,https://leadferret.com/directory/person/lisa-cole/14253429,"""Tipton Rosemark Academy"" ESL intitle:contact"
Atlantis Charter School,Paul Thomas at University of North Texas Contact Details ...,https://leadferret.com/directory/person/paul-thomas/24878515,"""Atlantis Charter School"" ESL intitle:contact"
Special Education Services,Special Education Services / Special Education Coordinator ...,https://www.muncysd.org/Page/40,"""Special Education Services"" ESL intitle:contact"
Lincoln Elementary School,Aspen Contact Verification Information - Lincoln ...,http://lincoln.melroseschools.com/2017/08/aspen-contact-verification-information/,"""Lincoln Elementary School"" ESL intitle:contact"
Renaissance Academy,Contact Us - Renaissance Academy Charter School,http://www.rak12.org/contact_us,"""Renaissance Academy"" ESL intitle:contact"
Private Reading Tutor,"Denver, CO Tutoring Jobs - Varsity Tutors",https://www.varsitytutors.com/denver-tutoring-jobs,"""Private Reading Tutor"" ESL intitle:contact"
North High School,About North / Contact Us - ISD 622,http://www.isd622.org/domain/78,"""North High School"" ESL intitle:contact"
alamogordo public schools,Mary Moore at State of California Contact Details ...,https://leadferret.com/directory/person/mary-moore/12302725,"""alamogordo public schools"" ESL intitle:contact"
PSLS,Outcast: Second Contact Review - perezstart.com,http://www.perezstart.com/gaming-news/outcast-second-contact-review-relic-of-the-past-ps4/79409/,"""PSLS"" ESL intitle:contact"
Nickle School,CALGARY BOARD OF EDUCATION CONTACT US pdf interview ...,http://faqexplorer.com/MORE/1709/202/,"""Nickle School"" ESL intitle:contact"
Lone Rock School,John Miller at Findlay City School District Contact ...,https://leadferret.com/directory/person/john-miller/501072869,"""Lone Rock School"" ESL intitle:contact"
Conley Elementary School,Contact Directory - Conley Elementary School,http://www.district158.org/conley/about/contact/,"""Conley Elementary School"" ESL intitle:contact"
Laura Mack,Suzanne McLaughlin - LeadFerret,https://leadferret.com/directory/person/suzanne-mclaughlin/13488115,"""Laura Mack"" ESL intitle:contact"
Leeds High School,Contact Information - Shades Valley High,http://shadesvalleyhigh.jefcoed.com/school/contact_information,"""Leeds High School"" ESL intitle:contact"
Taylorsville Elementary School,Senior Project / High School Senior Project Contact ...,http://www.bcsc.k12.in.us/Page/17296,"""Taylorsville Elementary School"" ESL intitle:contact"
Lexington High School,English Language Learner / Contact ELL Staff,http://lps.lexingtonma.org/Page/2707,"""Lexington High School"" ESL intitle:contact"
Martha's Vineyard Public Charter School,Current Searches | Carney Sandoe & Associates,https://www.carneysandoe.com/leadership-search/current-searches,"""Martha's Vineyard Public Charter School"" ESL intitle:contact"
Wilmot Elementary School,Contact Me - Wilmot Elementary,http://jeffcowilmotes.ss12.sharpschool.com/classrooms/teacher_pages/2nd_grade_-_mitchell/contact_me,"""Wilmot Elementary School"" ESL intitle:contact"
OIS,What is Oil Used For? | ConocoPhillips Alaska,http://alaska.conocophillips.com/what-we-do/oil-production/what-is-oil-used-for/,"""OIS"" ESL intitle:contact"
Private Tutoring,Contact Us | Wyzant Tutoring,https://www.wyzant.com/ContactUs,"""Private Tutoring"" ESL intitle:contact"
Jubilee,Engage | Contact — Jubilee REACH,https://www.jubileereach.org/contact/,"""Jubilee"" ESL intitle:contact"
Columbus City Schools,Contact ESL - Columbus City Schools,http://www.ccsoh.us/ContactESL.aspx,"""Columbus City Schools"" ESL intitle:contact"
Ohio Department of Education,CONTACT US - North Carolina Department of Public Instruction,http://www.dpi.state.nc.us/contact-us/,"""Ohio Department of Education"" ESL intitle:contact"
Pioneer Middle School,Contact Us - Walla Walla High School,http://www.wahibluedevils.org/school-info/about-our-school/contacts/contact-us,"""Pioneer Middle School"" ESL intitle:contact"
DoDDS,Contact Information - DoDEA,http://www.dodea.edu/BahrainEHS/upload/2017-18-REGISTRATION-PACKET-for-NON-DODDS-Tuition-Paying.pdf,"""DoDDS"" ESL intitle:contact"
Red Oak Elementary,About Us / Contact Us,https://www.nrms.k12.nc.us/Page/804,"""Red Oak Elementary"" ESL intitle:contact"
Red Oak Elementary School,About Us / Contact Us,https://www.nrms.k12.nc.us/Page/804,"""Red Oak Elementary School"" ESL intitle:contact"
Wilson Public Schools,Contact Us / Contact Us - Durham Public Schools,http://www.dpsnc.net/domain/79,"""Wilson Public Schools"" ESL intitle:contact"
White Rock Christian Academy,Mathematics Teacher | White Rock Christian Academy,http://wrca.ca/career/mathematics-teacher/,"""White Rock Christian Academy"" ESL intitle:contact"
Lakeside School,Seattle Public Schools Summer Resource List of Programs ...,http://csca.thecenterschool.net/file-downloads/doc_download/103-seattle-public-schools-summer-resource-list-of-programs.html,"""Lakeside School"" ESL intitle:contact"
St. Thomas the Apostle School,Contact Us - Holy Trinity Diocesan High School,http://www.holytrinityhs.org/alumni__giving/contact_us,"""St. Thomas the Apostle School"" ESL intitle:contact"
Northampton Public Schools,Contact ESE - Massachusetts Department of Elementary and ...,http://www.doe.mass.edu/contact/,"""Northampton Public Schools"" ESL intitle:contact"
St. Francis Xavier School,Staff Contact Information | St. Francis Xavier's College ...,http://hamilton.catholic.edu.au/information/staff-contact-information/,"""St. Francis Xavier School"" ESL intitle:contact"
Franklin Elementary,General Information / Contact Information - North Allegheny,http://www.northallegheny.org/Page/9229,"""Franklin Elementary"" ESL intitle:contact"
West Bridgewater Public Schools,"ESL Tutor job in West Bridgewater, Massachusetts",https://www.schoolspring.com/job.cfm?jid=2873541,"""West Bridgewater Public Schools"" ESL intitle:contact"
Dove Elementary School,"Osborne, Derrick - English / Contact information - GCISD",http://www.gcisd-k12.org/Page/30257,"""Dove Elementary School"" ESL intitle:contact"
St. Paul Lutheran School,Contact St Paul Lutheran School - bettereducation.com.au,https://bettereducation.com.au/ContactThem.aspx?name=St%20Paul%20Lutheran%20School&email=admin@stpaulba.sa.edu.au,"""St. Paul Lutheran School"" ESL intitle:contact"
Kingsley Elementary School,Contact Us / Staff Directory,http://www.naperville203.org/Page/3100,"""Kingsley Elementary School"" ESL intitle:contact"
Valley School,Contact & Staff Directory - Lower Merion School District,http://www.lmsd.org/welsh-valley/about/directory,"""Valley School"" ESL intitle:contact"
Hyde Park Elementary,ESOL / Contact Us - Duval County Public Schools,http://dcps.duvalschools.org/Page/9373,"""Hyde Park Elementary"" ESL intitle:contact"
Covenant Christian School,Contact us - Covenant Christian School Forest Way Belrose ...,http://www.covenant.nsw.edu.au/contact/staff-directory,"""Covenant Christian School"" ESL intitle:contact"
Valdez City Schools,Dennis Murphy at Penn State University Contact Details ...,https://leadferret.com/directory/person/dennis-murphy/502392559,"""Valdez City Schools"" ESL intitle:contact"
School District 57,Contact Customer Support - Learning A-Z,https://www.learninga-z.com/site/contact/support,"""School District 57"" ESL intitle:contact"
Seguin Elementary,School Information / Contact Us,http://www.houstonisd.org/icon_contact_cornelius,"""Seguin Elementary"" ESL intitle:contact"
McGuffey Elementary,Grantee City Contact Award Year Year One Award Program ...,http://www.afterschoolalliance.org/states_docs/21cclc/OH_21_grants.pdf,"""McGuffey Elementary"" ESL intitle:contact"
Sarah Kelly,Pennsylvania Value Added Assessment System (PVAAS ...,http://www.education.pa.gov/Documents/K-12/Assessment%20and%20Accountability/PVAAS/Professional%20Development/PVAAS%20IU%20Points%20of%20Contact.pdf,"""Sarah Kelly"" ESL intitle:contact"
Cedar Ridge Elementary,Special Education / Contact Information,http://www.unit5.org/domain/61,"""Cedar Ridge Elementary"" ESL intitle:contact"
Bonnie Brae Elementary,Bilingual/ESL / Contact Us - FWISD,https://www.fwisd.org/Page/6652,"""Bonnie Brae Elementary"" ESL intitle:contact"
Meadowlark Elementary,English as a Second Language / Contact Information,http://www.wsfcs.k12.nc.us/Page/106866,"""Meadowlark Elementary"" ESL intitle:contact"
Monaco Elementary,"Davis, Stacy - ESL / Contact Information",http://c2.aubreyisd.net/Page/1592,"""Monaco Elementary"" ESL intitle:contact"
Roosevelt Elementary,Contact – Roosevelt Elementary School,http://roosevelt.kusd.edu/contact/,"""Roosevelt Elementary"" ESL intitle:contact"
Bristol Tennessee City Schools,Fairmount Elementary - Contact,http://fairmountelem.tn.bce.schoolinsites.com/?PageName=Contact,"""Bristol Tennessee City Schools"" ESL intitle:contact"
St. Johns School,Contact | St. John's University,http://www.stjohns.edu/academics/schools-and-colleges/st-johns-college-liberal-arts-and-sciences/contact,"""St. Johns School"" ESL intitle:contact"
Holston View Elementary,Tom Parker at Guilford County Schools Contact Details ...,https://leadferret.com/directory/person/tom-parker/500913451,"""Holston View Elementary"" ESL intitle:contact"
Lawrence School,Key Staff Contacts: St. Lawrence College :Contact Us,https://www.stlawrencecollege.ca/about/college-administration/contact-us/key-staff-contacts/,"""Lawrence School"" ESL intitle:contact"
Union Academy,"Wolfeboro Camp School — Wolfeboro, NH Staff Biographies ...",http://www.choicecamps.com/wolfeboro-camp-school-bios/,"""Union Academy"" ESL intitle:contact"
CHILDREN\'S UNIVERSITY,UMMC Emergency Room Poster - Children's of Mississippi ...,https://www.pinterest.com/pin/472526185883371549/,"""CHILDREN\'S UNIVERSITY"" ESL intitle:contact"
Sweetwater Middle School,"Laura A Downs, ~51 from Portland, Oregon. Public profile ...",https://radaris.com/~Laura-Downs/143620485,"""Sweetwater Middle School"" ESL intitle:contact"
Hook Elementary,Outsource your call centre & contact centre services with ...,https://www.pinterest.com/pin/545850417311811318/,"""Hook Elementary"" ESL intitle:contact"
Mortimer Jordan High School,Contact - Fultondale High,http://fultondalehigh.jefcoed.com/contact,"""Mortimer Jordan High School"" ESL intitle:contact"
Troy City Schools,Nicole Jones at Grossmont-Cuyamaca Community College ...,https://leadferret.com/directory/person/nicole-jones/8301862,"""Troy City Schools"" ESL intitle:contact"
Macon County Schools,Contact - Chapel Hill Carrboro City Schools,http://www.chccs.k12.nc.us/contact,"""Macon County Schools"" ESL intitle:contact"
Greenwich Public Schools,Contact Us - Greenwich Public Schools,https://www.greenwichschools.org/international-school-at-dundee/school-information/contact-us,"""Greenwich Public Schools"" ESL intitle:contact"
Middle Tennessee State University,Contact Us - Middle Tennessee State University,http://ucdb.mtsu.edu/pod/addrecord.php,"""Middle Tennessee State University"" ESL intitle:contact"
Ridgemoor Elementary,Contact Us - msjc.edu,https://www.msjc.edu/AdultEd/FacultyResources/Pages/Contact-Us.aspx,"""Ridgemoor Elementary"" ESL intitle:contact"
Richards School,Gail Nelson at Heartland AEA Contact Details - leadferret.com,https://leadferret.com/directory/person/gail-nelson/586915,"""Richards School"" ESL intitle:contact"
Highland School,Contact Us - Highland Elementary School,http://hes.schoolsofwestfield.org/contact_us/,"""Highland School"" ESL intitle:contact"
Northgate School District,Jeff Smith at Goose Creek Consolidated Independent Sch ...,https://leadferret.com/directory/person/jeff-smith/21696654,"""Northgate School District"" ESL intitle:contact"
St. Augustine School,"Contact Us - Mount Royal University - Calgary, Alberta, Canada",http://www.mtroyal.ca/CampusServices/CampusResources/ChildCare/ContactUs/index.htm,"""St. Augustine School"" ESL intitle:contact"
Central Dauphin School District,Sandra Wood at Central Dauphin School District Contact ...,https://leadferret.com/directory/person/sandra-wood/14461362,"""Central Dauphin School District"" ESL intitle:contact"
Neenah High School,Neenah Joint School District - Contact us,http://www.neenah.k12.wi.us/contact_us.cfm,"""Neenah High School"" ESL intitle:contact"
Evadale ISD,Robert Miller at Siemens AG Contact Details | LeadFerret.com,https://leadferret.com/directory/person/robert-miller/10297377,"""Evadale ISD"" ESL intitle:contact"
Washington Middle School,Contact Information and Location - Oakville Elementary,http://oakvilleelementary.mehlvilleschooldistrict.com/cms/One.aspx?portalId=127231&pageId=373874,"""Washington Middle School"" ESL intitle:contact"
Maplewood Middle School,Contact Us / Overview - ISD 622,https://www.isd622.org/domain/803,"""Maplewood Middle School"" ESL intitle:contact"
Trinity School,Contact Us - Trinity International School,http://www.trinity.ac.th/contact-us/,"""Trinity School"" ESL intitle:contact"
Dixon Elementary,Donna Duvall at Jefferson County Board Education Contact ...,https://leadferret.com/directory/person/donna-duvall/500559090,"""Dixon Elementary"" ESL intitle:contact"
Sam Houston Elementary,School Contact Information / School Contact Information,http://www.dallasisd.org/domain/1719,"""Sam Houston Elementary"" ESL intitle:contact"
Imelda Acosta,Belinda Monreal at Austin Independent School District ...,https://leadferret.com/directory/person/belinda-monreal/13879428,"""Imelda Acosta"" ESL intitle:contact"
Bennett Elementary School,"Contact Me - Samuel L. Gravely, Jr. Elementary School",https://gravelyes.pwcs.edu/classes/4th_grade/4th_grade__ms__taylor/contact_me,"""Bennett Elementary School"" ESL intitle:contact"
Dana Elementary,Family Literacy Workshops | Earobics | Take-home books ...,https://www.pinterest.com/pin/49047083411749699/,"""Dana Elementary"" ESL intitle:contact"
WASD,Contact Us - Fairview Elementary School,http://fv.wasd.k12.pa.us/contact_us,"""WASD"" ESL intitle:contact"
Hidalgo High school,Ignite! Learning - Contact,http://www.ignitelearning.com/alas/,"""Hidalgo High school"" ESL intitle:contact"
LVI,Single Point of Contact: Get to Know the In-House ...,https://www.youtube.com/watch?v=7XaOiz1-LvI,"""LVI"" ESL intitle:contact"
International School of Louisiana,Contact Us | Baton Rouge International School,http://www.brintl.com/contact-us,"""International School of Louisiana"" ESL intitle:contact"
Robinson Middle School,Contact Us / Contact Directory - Plano Independent School ...,https://www.pisd.edu/domain/1694,"""Robinson Middle School"" ESL intitle:contact"
Ridgewood Elementary,Port Neches Groves ISD - Contact the Board,http://png.schoolfusion.us/modules/cms/pages.phtml?pageid=288776,"""Ridgewood Elementary"" ESL intitle:contact"
Summit Academy,Curriculum & Instruction / Contact Information,https://www.peekskillcsd.org/Page/64,"""Summit Academy"" ESL intitle:contact"
The King's Christian School,Contact/Directions - The King's Christian School,http://tkcs.org/index.php/contactdirections,"""The King's Christian School"" ESL intitle:contact"
CPSB,World Languages / Contact Information,http://www.cpsb.org/Page/224,"""CPSB"" ESL intitle:contact"
Armitage Academy,Patricia Johnson at Lamar Consolidated Independent School ...,https://leadferret.com/directory/person/patricia-johnson/25004324,"""Armitage Academy"" ESL intitle:contact"
Holy Angels School,Danielle Harris at Anoka-Hennepin Independent School ...,https://leadferret.com/directory/person/danielle-harris/19604766,"""Holy Angels School"" ESL intitle:contact"
Faris Elementary,Contact - Heartland Credit Union - HCU,https://www.hcu.coop/contact/69-about/community-involvement,"""Faris Elementary"" ESL intitle:contact"
Colonial School District,Contact Us | Pleasantville Elementary School,http://www.colonialschooldistrict.org/schools/pleasantville/contact-us/,"""Colonial School District"" ESL intitle:contact"
BANYAN,Contact Information - Comcast - Comcast Corporation,http://corporate.comcast.com/contact-information,"""BANYAN"" ESL intitle:contact"
Prairie Lakes AEA,Amy Thompson at Knoxville News-Sentinel Company Contact ...,https://leadferret.com/directory/person/amy-thompson/502018187,"""Prairie Lakes AEA"" ESL intitle:contact"
Central Elementary,Contact Information - Bixby Central Elementary,http://www.ce.bixbyps.org/about_u_s/contacts,"""Central Elementary"" ESL intitle:contact"
Ryan school,Contact Maureen Ryan | North Reading Public School District,https://www.north-reading.k12.ma.us/user/226/contact,"""Ryan school"" ESL intitle:contact"
Hammond School,Contact - Teaching jobs throughout the world,https://www.worldteachers.net/contact.aspx,"""Hammond School"" ESL intitle:contact"
OLPH,Solution Manual and Test Bank and Instructor Manual and ...,https://elhob90.wordpress.com/2014/09/15/solution-manual-and-test-bank-and-instructor-manual-and-cases2014-2015-if-u-need-anything-from-the-list-do-contact-us-anytime-we-provide-competitive-prices-and-fast-delivery-after-payment-don/,"""OLPH"" ESL intitle:contact"
Lancaster CSD,Contact Us - Indian Land High School - ilhs.lancastercsd.com,http://ilhs.lancastercsd.com/contact-us,"""Lancaster CSD"" ESL intitle:contact"
JCDS,John Baker at State of California Contact Details ...,https://leadferret.com/directory/person/john-baker/13146370,"""JCDS"" ESL intitle:contact"
Grand Prairie School,Contact Us / GPISD Contact Information,http://www.gpisd.org/_contact,"""Grand Prairie School"" ESL intitle:contact"
Rio Rancho Public Schools,Contact Me - Rio Rancho Middle School,http://rioranchomiddle.rrps.net/classes/support_services/e_s_l_-_lisa_cowden/contact_me/,"""Rio Rancho Public Schools"" ESL intitle:contact"
Logos School,Contact - Edmonton Public Schools,https://www.epsb.ca/contact/,"""Logos School"" ESL intitle:contact"
Elgin Community College,Contact Us - Elgin Community College (ECC),http://elgin.edu/eccextra.aspx?id=378,"""Elgin Community College"" ESL intitle:contact"
Valerie Dalton,Deborah Williams - leadferret.com,https://leadferret.com/directory/person/deborah-williams/14799056,"""Valerie Dalton"" ESL intitle:contact"
Trinity Lutheran School,Contact Us – Trinity Lutheran Church,http://trinitylutheranportland.org/about-us/contact-us-directions/,"""Trinity Lutheran School"" ESL intitle:contact"
Madison Public Schools,Staff Contact Information - Henry Barnard Elementary School,http://henry.sharpschool.com/about_us/staff_contact_information/,"""Madison Public Schools"" ESL intitle:contact"
St. Mary's School,Contact us « St Mary's School Chilliwack,http://www.stmarysschoolchwk.com/contact/,"""St. Mary's School"" ESL intitle:contact"
Hope Haven Children's Clinic,Yolanda Gonzalez at Denver Public Schools Contact Details ...,https://leadferret.com/directory/person/yolanda-gonzalez/27517871,"""Hope Haven Children's Clinic"" ESL intitle:contact"
Waller School,Waller ISD - Contact Us,http://wallerisd.schoolfusion.us/modules/cms/pages.phtml?pageid=148313,"""Waller School"" ESL intitle:contact"
Henry County Schools,Linda Williams at San Diego Unified School District ...,https://leadferret.com/directory/person/linda-williams/10253949,"""Henry County Schools"" ESL intitle:contact"
Barbara Mccabe,Deborah Williams at State of Connecticut Contact Details ...,https://leadferret.com/directory/person/deborah-williams/6886361,"""Barbara Mccabe"" ESL intitle:contact"
Midland ISD,District Professional Learning 8/18-8/22--ELEMENTARY ...,http://www.midlandisd.net/cms/lib01/TX01000898/Centricity/Domain/1/Elementary%20District%20Professional%20Learning%20Schedule%20August%202014.pdf,"""Midland ISD"" ESL intitle:contact"
Curriculum Services,Pre-K Finder Contact Form - Newark Public Schools,http://www.nps.k12.nj.us/departments/early-childhood/pre-k-finder-contact-form/,"""Curriculum Services"" ESL intitle:contact"
East Mississippi Community College,Contact East Central! | East Central Community College,https://www.eccc.edu/contact-east-central,"""East Mississippi Community College"" ESL intitle:contact"
Elm Grove Elementary,Early Childhood / Who do I contact if I am concerned about ...,http://www.humbleisd.net/Page/91164,"""Elm Grove Elementary"" ESL intitle:contact"
Rise Academy,Contact - Erie Rise Academy,https://www.erierise.org/Contact/,"""Rise Academy"" ESL intitle:contact"
The Learning Center,Contact Us | Daemen College,https://www.daemen.edu/student-life/student-services/student-success-center/learning-center/contact-us,"""The Learning Center"" ESL intitle:contact"
Washington Community School,Contact Us / Home - Bayonne Board of Education,http://www.bboed.org/domain/9,"""Washington Community School"" ESL intitle:contact"
Weatherford ISD,Contact Us - Weatherford ISD Community Education,http://comed.weatherfordisd.com/index.cfm?fuseaction=1003,"""Weatherford ISD"" ESL intitle:contact"
