Lima City Schools,Ohio Northern University Faculty,https://www.onu.edu/files/2017_01_24_fm.pdf,"""Lima City Schools"" ESL intitle:faculty"
Central Elementary School,Faculty & Staff – Central Elementary,https://central.alpineschools.org/faculty-staff/,"""Central Elementary School"" ESL intitle:faculty"
Bethel Local Schools,"Faculty at Aau | Profiles, Jobs, Skills, Articles ...",https://www.linkedin.com/title/faculty-at-aau,"""Bethel Local Schools"" ESL intitle:faculty"
Horizon Charter School,"Adjunct Faculty Member in Sacramento | Profiles, Jobs ...",https://www.linkedin.com/title/adjunct-faculty-member/sacramento,"""Horizon Charter School"" ESL intitle:faculty"
Concord School District,St. Paul's School | Faculty Directory - sps.edu,https://www.sps.edu/page/about-sps/faculty-directory?letter=D,"""Concord School District"" ESL intitle:faculty"
Jefferson Elementary,Faculty & Staff – Jefferson Elementary School,https://www.eastpennsd.org/jefferson/faculty-staff/,"""Jefferson Elementary"" ESL intitle:faculty"
Needsville ISD,Needville High School - Faculty Directory,http://hs.needvilleisd.com/24655_2?offset=35,"""Needsville ISD"" ESL intitle:faculty"
Humble ISD,SPEAK SO THAT OTHERS CAN UNDERSTAND Washington State ...,http://slideplayer.com/slide/6305247/,"""Humble ISD"" ESL intitle:faculty"
Arlington ISD,Burgin Elementary School > Faculty and Staff,http://w2.aisd.net/aisd/burgin/faculty-and-staff,"""Arlington ISD"" ESL intitle:faculty"
Hawthorne BOE,Faculty Directory - Hawthorne Public Schools,http://www.hawthorne.k12.nj.us/site/Default.aspx?PageType=1&SiteID=9&ChannelID=58&DirectoryType=6,"""Hawthorne BOE"" ESL intitle:faculty"
The Village School,Graduate Faculty | Marlboro College,https://www.marlboro.edu/academics/graduate/faculty/clark_caleb,"""The Village School"" ESL intitle:faculty"
Saddleback Valley USD,ESL Faculty | Saddleback College,https://www.saddleback.edu/la/esl-faculty,"""Saddleback Valley USD"" ESL intitle:faculty"
Germantown School District,Faculty and Staff - Germantown Municipal School District,http://www.gmsdk12.org/OfficeandStaff.aspx,"""Germantown School District"" ESL intitle:faculty"
Sumter School District,College Graduates Resume Samples - Adjunct Faculty Resume ...,https://scholarshipmoney.net/scholarships/college-graduates-resume-samples,"""Sumter School District"" ESL intitle:faculty"
Girard School District,Faculty & Staff - Edinboro University,http://www.edinboro.edu/directory/faculty-staff/,"""Girard School District"" ESL intitle:faculty"
Hays CISD,resume teacher fellows faculty exchange teacher | Primary ...,https://www.scribd.com/document/346593995/resume-teacher-fellows-faculty-exchange-teacher,"""Hays CISD"" ESL intitle:faculty"
Creston Community Schools,High School Faculty Directory | Denison Community Schools,http://www.denison.k12.ia.us/high-school/faculty-directory,"""Creston Community Schools"" ESL intitle:faculty"
Alexander Elementary School,Paul J. Solis Elementary School — Faculty & Staff,http://solis.jpschools.org/about-us/faculty-staff/,"""Alexander Elementary School"" ESL intitle:faculty"
McBride School,"Instructor, English - Laramie County Community College",http://lccc.wy.edu/directory/index.xml,"""McBride School"" ESL intitle:faculty"
Metropolitan Community College,Metropolitan Community College - Faculty,https://www.mccneb.edu/Academics/Faculty.aspx,"""Metropolitan Community College"" ESL intitle:faculty"
Mary Wright,Hope International University | Mary E. Wright D.B.A ...,https://www.hiu.edu/graduate-students/academics/colleges/college-of-business-and-management/master-of-science-customized-concentration/faculty/mary-wright,"""Mary Wright"" ESL intitle:faculty"
Bloomfield College,Career Opportunities - Faculty | Bloomfield College,http://www.bloomfield.edu/about-us/careers-bloomfield/faculty,"""Bloomfield College"" ESL intitle:faculty"
Heron Pond Montessori School,Trinity Christian Preschool - Faculty,https://www.trinitychristianpreschool.com/faculty/,"""Heron Pond Montessori School"" ESL intitle:faculty"
Jefferson Elementary,Faculty & Staff – Jefferson Elementary School,https://www.eastpennsd.org/jefferson/faculty-staff/,"""Jefferson Elementary"" ESL intitle:faculty"
Harmony Science Academy,Coaches Handbook California Faculty Association,https://www.hioxcloud.com/getpdf/coaches-handbook-california-faculty-association.pdf,"""Harmony Science Academy"" ESL intitle:faculty"
Valley Christian School,Faculty - Valley Christian Academy,http://vcaschool.com/faculty/,"""Valley Christian School"" ESL intitle:faculty"
Metropolitan Community College,Metropolitan Community College - Faculty,https://www.mccneb.edu/Academics/Faculty.aspx,"""Metropolitan Community College"" ESL intitle:faculty"
Newton Elementary,Crp Faculty And Staff - Faculty and Staff Directory | 2017 ...,https://scholarshipmoney.net/scholarships/crp-faculty-and-staff,"""Newton Elementary"" ESL intitle:faculty"
Howard Elementary,Faculty / Madera Adult School Staff Directory with Link,https://www.madera.k12.ca.us/domain/917,"""Howard Elementary"" ESL intitle:faculty"
Integrated Arts Academy,Faculty - The Nasher Museum of Art at Duke University ...,https://www.pinterest.com/pin/65020788343482538/,"""Integrated Arts Academy"" ESL intitle:faculty"
Holy Trinity School,Faculty and Staff | Tabor Academy,https://www.taboracademy.org/Page/About-Us/Faculty-and-Staff?deptId=&gradeId=&letter=H,"""Holy Trinity School"" ESL intitle:faculty"
St. Aloysius,Faculty and Staff Portal - Gonzaga University,https://www.gonzaga.edu/Faculty-and-Staff/default.asp,"""St. Aloysius"" ESL intitle:faculty"
Expressive Learning,Past NECC Service-Learning Project Examples,https://facstaff.necc.mass.edu/faculty-resources/service-learning-faculty-fellows-program/past-necc-service-learning-project-examples/,"""Expressive Learning"" ESL intitle:faculty"
Advantage Academy,"14 Best English Faculty jobs in Fort Worth, TX (Hiring Now ...",https://www.simplyhired.com/search?q=english+faculty&l=fort+worth%2C+tx,"""Advantage Academy"" ESL intitle:faculty"
Forest Hills Elementary,Faculty & Staff - Forest Hill Elementary School,http://fhes.burke.k12.nc.us/faculty-and-staff,"""Forest Hills Elementary"" ESL intitle:faculty"
Floyd Elementary,The Faculty (E) - Ojai Valley School - Private College ...,https://www.ovs.org/academics/elementary-division/the-faculty/,"""Floyd Elementary"" ESL intitle:faculty"
Highlands School,Faculty and Staff | Highlands School,http://www.macon.k12.nc.us/highlands/faculty-and-staff/,"""Highlands School"" ESL intitle:faculty"
Lakeview Christian School,"Adjunct Faculty at Taylor University | Profiles, Jobs ...",https://www.linkedin.com/title/adjunct-faculty-at-taylor-university,"""Lakeview Christian School"" ESL intitle:faculty"
Madison Oneida BOCES,"Higher Ed Jobs, Administrative Jobs, and ... - ChronicleVitae",https://chroniclevitae.com/disciplines/39979-english-literature/people,"""Madison Oneida BOCES"" ESL intitle:faculty"
Holy Rosary Catholic School,Our Faculty & Staff - Holy Rosary Catholic School ...,https://www.holyrosary-school.org/staff,"""Holy Rosary Catholic School"" ESL intitle:faculty"
Central High School,Faculty Directory - central.ops.org,http://central.ops.org/CENTRAL/FacultyDirectory/tabid/1632/Default.aspx,"""Central High School"" ESL intitle:faculty"
The Roeper School,Adjunct Faculty - Bloomfield College - LinkedIn,https://www.linkedin.com/title/adjunct-faculty-at-bloomfield-college,"""The Roeper School"" ESL intitle:faculty"
Saginaw Valley State University,SVSU - Learn About Us - Faculty & Staff,https://www.svsu.edu/elp/learnaboutus/facultystaff/,"""Saginaw Valley State University"" ESL intitle:faculty"
Greenville Elementary,Faculty and Staff | Scott M. Ellis Elementary School ...,http://www.greenville.k12.ny.us/elem/faculty.asp,"""Greenville Elementary"" ESL intitle:faculty"
Edu-Prize,Devils in Disguise - Stylus Studio,http://www.stylusstudio.com/SSDN/upload/abc%282%29.xml,"""Edu-Prize"" ESL intitle:faculty"
Murray School,Faculty and Staff - New Hanover County Schools,http://www.nhcs.k12.nc.us/murray/Staff.html,"""Murray School"" ESL intitle:faculty"
Emerson Elementary School,Faculty Directory - jackson.scsc.k12.in.us,http://jackson.scsc.k12.in.us/index.php?option=com_content&view=article&id=29&Itemid=22,"""Emerson Elementary School"" ESL intitle:faculty"
Delgado Community College,Faculty & Staff - Delgado Community College,http://www.dcc.edu/faculty-staff/default.aspx,"""Delgado Community College"" ESL intitle:faculty"
Durham Public Schools,Riverside High School: Faculty by Department - Edline,http://www.edlinesites.net/pages/Riverside_High/About_Us/Faculty_by_Department,"""Durham Public Schools"" ESL intitle:faculty"
Atkinson  Elementary,Staff List / Faculty - Portland Public Schools,https://www.pps.net/Page/5233,"""Atkinson  Elementary"" ESL intitle:faculty"
St. Anne's,Faculty Profile: Wanda Pothier | Anna Maria College,http://www.annamaria.edu/fire-health-science-profiles/437-faculty-profile-wanda-pothier,"""St. Anne's"" ESL intitle:faculty"
Garfield Middle School,Faculty List - Garfield Public Schools,http://www.gboe.org/TJMS/GMS/FACULTY%20LIST%202016%202017.htm,"""Garfield Middle School"" ESL intitle:faculty"
Academy for Urban School Leadership,Welcome to Our New Faculty and Staff | News article,http://www.latinschool.org/about-us/news-article/~post/welcome-to-our-new-faculty-and-staff-20170821,"""Academy for Urban School Leadership"" ESL intitle:faculty"
Centennial Park School,Faculty & Staff - Santa Ana College,https://www.sac.edu/ContinuingEducation/faculty_Staff/Pages/default.aspx,"""Centennial Park School"" ESL intitle:faculty"
Holland Bloorview Kids,"Prof unveils 'Mothers Project' research, looking at ...",http://health.blog.yorku.ca/2013/05/28/prof-unveils-mothers-project-research-looking-at-parenting-children-with-disabilities/,"""Holland Bloorview Kids"" ESL intitle:faculty"
Parker Elementary,Faculty - Park Elementary,http://www.nps.k12.nj.us/prk/school-staff/faculty/,"""Parker Elementary"" ESL intitle:faculty"
Laurelhurst,Staff List / Faculty - Portland Public Schools,https://www.pps.net/Page/5233,"""Laurelhurst"" ESL intitle:faculty"
Fuller School,Faculty & Staff – Nolensville Elementary School,https://www.wcs.edu/nes/school-info/faculty-staff/,"""Fuller School"" ESL intitle:faculty"
Greenwood Elementary,Faculty/Staff Directory - lee.k12.nc.us,http://www.lee.k12.nc.us/site/Default.aspx?PageType=1&SiteID=14&ChannelID=177&DirectoryType=6,"""Greenwood Elementary"" ESL intitle:faculty"
Little Chico Creek Elem.,Adjunct/Temporary Faculty 1],https://www.csuchico.edu/ncate/documents/Standard5/5.4.b%20Qualifications%20of%20Clinical%20Faculty.pdf,"""Little Chico Creek Elem."" ESL intitle:faculty"
Ford Elementary,Directory / Ford Middle Faculty and Staff,https://www.allenisd.org/domain/2118,"""Ford Elementary"" ESL intitle:faculty"
Eastern Oregon University,faculty-resources | Writing Center - Eastern Oregon University,https://www.eou.edu/writing-center/faculty-resources-2/,"""Eastern Oregon University"" ESL intitle:faculty"
Legacy Academy,Faculty/Staff — Legacy Christian Academy,http://legacychristian-academy.com/faculty-staff,"""Legacy Academy"" ESL intitle:faculty"
Holy Trinity,Holy Trinity Orthodox Seminary - Faculty,https://www.hts.edu/faculty.html,"""Holy Trinity"" ESL intitle:faculty"
St. Johns,Faculty Positions | St. John's University,http://www.stjohns.edu/about/administrative-offices/human-resources/recruitment/faculty-positions,"""St. Johns"" ESL intitle:faculty"
Wayne Elementary,Faculty & Staff – Willow Lane Elementary School,https://www.eastpennsd.org/willow/faculty-staff/,"""Wayne Elementary"" ESL intitle:faculty"
Glencoe Elementary,Staff List / Faculty - Portland Public Schools,https://www.pps.net/Page/5233,"""Glencoe Elementary"" ESL intitle:faculty"
St. Joseph School,"Faculty & Staff | St. Joseph School of Hilo, Hi",http://sjshilo.com/faculty-staff/,"""St. Joseph School"" ESL intitle:faculty"
Holbrook Elementary,Faculty and Staff Directory - davis.k12.ut.us,http://www.davis.k12.ut.us/site/Default.aspx?PageType=1&SiteID=4878&ChannelID=4895&DirectoryType=6,"""Holbrook Elementary"" ESL intitle:faculty"
Signal Hill,Half Hollow Hills: Faculty/Staff Directory,http://www.halfhollowhills.k12.ny.us/page.cfm?p=977318&directoryStart=431,"""Signal Hill"" ESL intitle:faculty"
Sandburg Elementary,SJA Welcomes New Faculty and Staff | SJA News,http://www.stjacademy.org/theacademy/news/sja-news/~post/sja-welcomes-new-faculty-and-staff-20170911,"""Sandburg Elementary"" ESL intitle:faculty"
William Brown,Faculty & Staff Directory - Midway University,https://www.midway.edu/faculty-staff-directory/,"""William Brown"" ESL intitle:faculty"
Bart Johnson,Building faculty expertise in outcome-based education ...,http://dl.acm.org/citation.cfm?id=2879539.2879893,"""Bart Johnson"" ESL intitle:faculty"
Baker Elementary,"Administration, Faculty & Staff Listing – Clara Byrd Baker ...",https://wjccschools.org/cbb/our-school/administration-faculty-staff-listing/,"""Baker Elementary"" ESL intitle:faculty"
Expeditionary Learning Academy,Faculty & Departments - Wasatch Academy,http://wasatchacademy.org/academics/faculty-departments/,"""Expeditionary Learning Academy"" ESL intitle:faculty"
North Elementary,Iron Springs Elementary :: Faculty / Staff / PTA,http://ironsprings.ironk12.org/index.php/faculty/,"""North Elementary"" ESL intitle:faculty"
Children's World,"Higher Ed Jobs, Administrative Jobs, and Faculty Career ...",https://chroniclevitae.com/disciplines/40473-curriculum-and-instructional-development/people?page=3,"""Children's World"" ESL intitle:faculty"
Crest  Elementary School,So proud of our Toth Elementary students and faculty for ...,https://www.pinterest.com/pin/415597871833396478/,"""Crest  Elementary School"" ESL intitle:faculty"
The Children's School,Rockland Country Day School - Faculty and Staff new,http://www.rocklandcds.org/Academics/FacultyandStaffnew,"""The Children's School"" ESL intitle:faculty"
Christ the Teacher,Faculty - Queen of Heaven Academy - Catholic Homeschooling ...,https://queenofheavenacademy.org/faculty,"""Christ the Teacher"" ESL intitle:faculty"
Mason City Schools,Faculty | MasonComets.org,http://masoncomets.org/faculty,"""Mason City Schools"" ESL intitle:faculty"
Marshall Middle School,Faculty – Thurgood Marshall Middle School,http://tmmslynn.com/faculty/,"""Marshall Middle School"" ESL intitle:faculty"
St. Paul's Episcopal School,News Detail - stmsaints.com,https://www.stmsaints.com/page/news-detail?pk=861328,"""St. Paul's Episcopal School"" ESL intitle:faculty"
Diagnostic Center,FACULTY GUIDE TO STUDENT SERVICES AND PROGRAMS AT DE ANZA ...,http://www.deanza.fhda.edu/faculty/swensson/facultyguide.htm,"""Diagnostic Center"" ESL intitle:faculty"
Denison ISD,Houston Elementary - Faculty & Staff - Denison,http://www.denisonisd.net/education/components/scdirectory/default.php?sectiondetailid=7165&,"""Denison ISD"" ESL intitle:faculty"
CEAP,The Faculty and Staff of the IEP - University of Nebraska ...,https://www.unl.edu/piesl/CEAP%20Student%20Handbook%20-%20Updated%207%2021%202016.pdf,"""CEAP"" ESL intitle:faculty"
Ryerson Elementary,Our Faculty & Staff - Lakeview Montessori School,http://lakeviewmontessori.ca/our-faculty-staff/,"""Ryerson Elementary"" ESL intitle:faculty"
SJHS,Faculty and Staff | Springville Junior High School,http://sjhs.nebo.edu/faculty,"""SJHS"" ESL intitle:faculty"
Garden city Community College,Community College of Aurora - Regular Faculty,http://ccaurora.smartcatalogiq.com/2016-2017/2016-2017-Catalog/Faculty-and-Staff/Regular-Faculty,"""Garden city Community College"" ESL intitle:faculty"
Waldorf School of Princeton,Faculty - highmowing.org,https://www.highmowing.org/Page/About/Faculty-and-Staff/Faculty,"""Waldorf School of Princeton"" ESL intitle:faculty"
Marshall Elementary School,Faculty-Staff Directory / Staff Directory,https://www.edison.k12.nj.us/staffDirectory,"""Marshall Elementary School"" ESL intitle:faculty"
Liberty High School,Faculty & Staff – Emmaus High School - East Penn School ...,https://www.eastpennsd.org/ehs/faculty-staff/,"""Liberty High School"" ESL intitle:faculty"
Nursery Elementary,Kindergarten & Elementary / Primary Teachers(Saudi Arabia),https://www.seriousteachers.com/job_details/267952/3/kindergarten-elementary-primary-teachers-saudi-arabia,"""Nursery Elementary"" ESL intitle:faculty"
Cedar Lane Elementary School,Faculty Directory - Loudoun County Public Schools,http://www.lcps.org/site/Default.aspx?PageType=1&SiteID=2771&ChannelID=2850&DirectoryType=6,"""Cedar Lane Elementary School"" ESL intitle:faculty"
Union Colony,"Higher Ed Jobs, Administrative Jobs, and Faculty Career ...",https://chroniclevitae.com/disciplines/42831-french-language-teacher-education/people,"""Union Colony"" ESL intitle:faculty"
St Pius X,Faculty & Staff - St. Pius X - St. Matthias Academy,https://pmateachertraining.weebly.com/faculty--staff.html,"""St Pius X"" ESL intitle:faculty"
Joliet Junior College,Joliet Junior College Full time faculty Jobs in Naperville ...,"https://www.glassdoor.com/Jobs/Joliet-Junior-College-full-time-faculty-Naperville-Jobs-EI_IE113168.0,21_KO22,39_IL.40,50_IC1128928.htm","""Joliet Junior College"" ESL intitle:faculty"
Crenshaw Elementary,Central and Weis Middle School - Faculty and Staff,http://galvestonisd.tx.schoolwebpages.com/education/components/scrapbook/default.php?sectiondetailid=28604&,"""Crenshaw Elementary"" ESL intitle:faculty"
Staunton City Schools,"Higher Ed Jobs, Administrative Jobs, and Faculty Career ...",https://chroniclevitae.com/disciplines/41492-online-learning/people,"""Staunton City Schools"" ESL intitle:faculty"
Cambridge Elementary,Faculty & Staff – Wescosville Elementary School,https://www.eastpennsd.org/wescosville/faculty-staff/,"""Cambridge Elementary"" ESL intitle:faculty"
Lane School,Powells Lane School: Faculty & Staff (Printable) - Edline,http://www.edlinesites.net/pages/Powells_Lane_School/Staff/Faculty___Staff__Printable_,"""Lane School"" ESL intitle:faculty"
CSE,Faculty Roster — Central New Mexico Community College,https://www.cnm.edu/depts/academic-affairs/faculty-roster,"""CSE"" ESL intitle:faculty"
Southwestern Technical College,Faculty & Staff Directory | Southern Regional Technical ...,http://southernregional.edu/faculty-staff-directory,"""Southwestern Technical College"" ESL intitle:faculty"
Arlington Elementary,NIA Arlington Elementary Faculty and Staff | Newman ...,http://www.newmanacademy.org/nia-arlington-elementary-staff,"""Arlington Elementary"" ESL intitle:faculty"
HMR,TEACHING VOCABULARY TO ENGLISH LANGUAGE LEARNERS Presented ...,http://files.eric.ed.gov/fulltext/ED508771.pdf,"""HMR"" ESL intitle:faculty"
St. Elizabeth Ann Seton,Mathematics Faculty - Pima Community College - LinkedIn,https://www.linkedin.com/title/mathematics-faculty-at-pima-community-college,"""St. Elizabeth Ann Seton"" ESL intitle:faculty"
Pleasant Ridge Montessori,Faculty and Staff – Pleasant Ridge Waldorf School,https://pleasantridgewaldorf.org/our-school/faculty-and-staff/,"""Pleasant Ridge Montessori"" ESL intitle:faculty"
St. Patrick School,projects.chass.utoronto.ca,http://projects.chass.utoronto.ca/emls/iemls/shaksper/biogs/s.txt,"""St. Patrick School"" ESL intitle:faculty"
Corpus Christi School,Texas A&M International University,http://www.tamiu.edu/newsinfo/8-19-04/article3.shtml,"""Corpus Christi School"" ESL intitle:faculty"
Saint Matthew Catholic School,St. Matthew Parish School - School Faculty,http://stmatthewschool.org/Faculty.html,"""Saint Matthew Catholic School"" ESL intitle:faculty"
Mitchell College,Faculty Positions,http://agency.governmentjobs.com/mitchellcc/default.cfm,"""Mitchell College"" ESL intitle:faculty"
St. Croix Preparatory Academy,Getting to know you - New MPA faculty and staff | Mounds ...,https://www.moundsparkacademy.org/news/2015/08/25/getting-to-know-you/,"""St. Croix Preparatory Academy"" ESL intitle:faculty"
Western Christian.org,Western Christian Schools | Private Schools in Claremont ...,https://www.westernchristian.org/page,"""Western Christian.org"" ESL intitle:faculty"
Saint James School,Elementary School Faculty – Saint James School,http://stjweb.org/about/contact-us/elementary-school/,"""Saint James School"" ESL intitle:faculty"
Christopher Thomas,FBE means Faculty of Business and Economics - All Acronyms,https://www.allacronyms.com/FBE/Faculty_of_Business_and_Economics,"""Christopher Thomas"" ESL intitle:faculty"
St. Joseph,"Faculty & Staff | St. Joseph School of Hilo, Hi",http://sjshilo.com/faculty-staff/,"""St. Joseph"" ESL intitle:faculty"
MultiCultural Resource Center,"Diversity, Inclusion and Cultural Awareness | Jason ...",http://journals.uncc.edu/index.php/facultyguide/article/view/388/389,"""MultiCultural Resource Center"" ESL intitle:faculty"
Trinity Christian,College Faculty at Trinity Christian,https://www.trnty.edu/academics/faculty-list/,"""Trinity Christian"" ESL intitle:faculty"
St. John Neumann Catholic School,Top 17 English Faculty profiles at Pikes Peak Community ...,https://www.linkedin.com/title/english-faculty-at-pikes-peak-community-college,"""St. John Neumann Catholic School"" ESL intitle:faculty"
St. Jude,Faculty/Staff - Cathedral School of St. Jude,http://www.cathedralschoolofstjude.org/facultystaff1.html,"""St. Jude"" ESL intitle:faculty"
PS 112,FACULTY SENATE MINUTES - Welcome to Chaffey College,https://www.chaffey.edu/facultysenate/minutes/f08minutes.shtml,"""PS 112"" ESL intitle:faculty"
Immaculate Conception,"IC Catholic Prep, Elmhurst, IL » Faculty & Staff",http://www.iccatholicprep.org/about-iccp/faculty-staff/,"""Immaculate Conception"" ESL intitle:faculty"
District 2,Faculty & Staff | Teachers College Columbia University,http://www.tc.columbia.edu/cahnfellows/personnel/faculty--staff/,"""District 2"" ESL intitle:faculty"
Cassie,Faculty & Staff – Crestview Elementary School,http://crestview.henricoschools.us/faculty-staff/,"""Cassie"" ESL intitle:faculty"
Wakefield School,Grier School | Faculty & Staff,https://www.grier.org/page/About-Us/Faculty--Staff,"""Wakefield School"" ESL intitle:faculty"
Glendale Elementary,"Adjunct Faculty, English Department in Phoenix | Profiles ...",https://www.linkedin.com/title/adjunct-faculty%2C-english-department/phoenix,"""Glendale Elementary"" ESL intitle:faculty"
Fairview Elementary,Faculty & Staff – Fairview Elementary School,https://www.wcs.edu/fes/school-info/faculty-staff/,"""Fairview Elementary"" ESL intitle:faculty"
Brighton School,Faculty | Denver Online High School,http://online.dpsk12.org/about-3/faculty-2/,"""Brighton School"" ESL intitle:faculty"
The Hill School,Lucas Del Priore | Professional Profile,https://www.linkedin.com/in/lucas-del-priore-753098145,"""The Hill School"" ESL intitle:faculty"
Josephine,"Adjunct Faculty at Laney College | Profiles, Jobs, Skills ...",https://www.linkedin.com/title/adjunct-faculty-at-laney-college,"""Josephine"" ESL intitle:faculty"
Cold Springs Middle School,Examples of Faculty Outreach and Service in 2011 Nevada,https://www.unr.edu/Documents/education/college/accreditation/53d-outreach-service.pdf,"""Cold Springs Middle School"" ESL intitle:faculty"
Veterans Memorial Elementary,Faculty and Staff Directory / Home - Schoolwires,https://tx02215271.schoolwires.net/domain/1027,"""Veterans Memorial Elementary"" ESL intitle:faculty"
Eastside Elementary,Sun Prairie Area School District - Interesting Facts about ...,http://www.sunprairie.k12.wi.us/schools/prairieview/PV_facts.cfm,"""Eastside Elementary"" ESL intitle:faculty"
Valley Middle School,Administration / Faculty and Staff,http://www.svsd.net/site/Default.aspx?PageID=3397,"""Valley Middle School"" ESL intitle:faculty"
St. Jude School,Faculty/Staff - Cathedral School of St. Jude,http://www.cathedralschoolofstjude.org/facultystaff1.html,"""St. Jude School"" ESL intitle:faculty"
Special Education Services,Cultural Responsiveness in the Special Education/ESL ...,http://scholarsarchive.byu.edu/cgi/viewcontent.cgi?article=2790&context=etd,"""Special Education Services"" ESL intitle:faculty"
Lincoln Elementary School,Faculty & Staff – Lincoln Elementary School,https://www.eastpennsd.org/lincoln/faculty-staff/,"""Lincoln Elementary School"" ESL intitle:faculty"
St. Anne's Academy,International & Cultural Studies | Meet the SUNY ...,http://web.cobleskill.edu/experts/category/international-cultural-studies/,"""St. Anne's Academy"" ESL intitle:faculty"
Renaissance Academy,Faculty & Staff - Charlotte-Mecklenburg Schools,http://schools.cms.k12.nc.us/highlandrenaissanceES/Pages/FacultyAndStaff.aspx,"""Renaissance Academy"" ESL intitle:faculty"
Private Reading Tutor,Top 25 Adjunct Faculty profiles at Coppin State University ...,https://www.linkedin.com/title/adjunct-faculty-at-coppin-state-university,"""Private Reading Tutor"" ESL intitle:faculty"
North High School,Faculty Directory - Bartholomew,http://www.bcsc.k12.in.us/site/Default.aspx?PageType=1&SiteID=256&ChannelID=297&DirectoryType=6,"""North High School"" ESL intitle:faculty"
Coppell Independent School District,"1,000+ Faculty Jobs in Dallas, TX | LinkedIn",https://www.linkedin.com/jobs/faculty-jobs-dallas-tx/10,"""Coppell Independent School District"" ESL intitle:faculty"
Lone Rock School,Faculty and Staff - Headwaters Academy,http://www.headwatersacademy.org/faculty-and-staff.html,"""Lone Rock School"" ESL intitle:faculty"
Conley Elementary School,Faculty and Staff - Worsham Elementary School,http://worshames.aldineisd.org/cms/One.aspx?portalId=11925&pageId=123688,"""Conley Elementary School"" ESL intitle:faculty"
Leeds High School,MHS Faculty - Shelby County Schools,http://www.shelbyed.k12.al.us/schools/mhs/faculty.html,"""Leeds High School"" ESL intitle:faculty"
Taylorsville Elementary School,Taylorsville Elementary School Faculty/Staff / Welcome,http://www.bcsc.k12.in.us/domain/2877,"""Taylorsville Elementary School"" ESL intitle:faculty"
Lexington High School,Faculty & Staff – Gilbert High School,http://ghs.lexington1.net/faculty-staff/,"""Lexington High School"" ESL intitle:faculty"
Wilmot Elementary School,For Faculty - Lakewood High School,http://lakewood.jeffcopublicschools.org/staff/for_faculty/,"""Wilmot Elementary School"" ESL intitle:faculty"
OIS,Home - Faculty of Extension,https://www.extension.ualberta.ca/,"""OIS"" ESL intitle:faculty"
Wallingford-Swarthmore School District,2016-2017 Cohort: Faculty Center for Ignatian Pedagogy ...,http://www.luc.edu/fcip/opedproject/2016-2017cohort/,"""Wallingford-Swarthmore School District"" ESL intitle:faculty"
Private Tutoring,PhD Tutor - Private Tutoring | In Home Tutors,https://www.privatetutoringathome.com/tutor/phd-tutor/,"""Private Tutoring"" ESL intitle:faculty"
Cornwall Elementary,"Faculty | Cornwall Terrace Elementary School, Sinking ...",https://www.wilsonsd.org/cornwall-terrace-elementary/faculty/,"""Cornwall Elementary"" ESL intitle:faculty"
Jemicy School,Hebron Academy | About | Faculty/Staff Directory,https://www.hebronacademy.org/Page/ABOUT/Faculty--Staff-Directory?deptId=&gradeId=&letter=W,"""Jemicy School"" ESL intitle:faculty"
Spring Valley Elementary School,Faculty Members Participate in Senior Service // The Roundup,https://www.jesuitroundup.org/news/service/senior-service/faculty-members-participate-senior-service/,"""Spring Valley Elementary School"" ESL intitle:faculty"
Trexler Middle School,Faculty & Staff - Charlotte-Mecklenburg Schools,http://schools.cms.k12.nc.us/southwestMS/Pages/FacultyAndStaff.aspx,"""Trexler Middle School"" ESL intitle:faculty"
Jubilee,NHP Faculty and Staff 2016-2017 - cpschools.com,https://cpschools.com/nhp/wp-content/uploads/sites/71/2017/09/NHP_Staff_17-18.pdf,"""Jubilee"" ESL intitle:faculty"
Columbus City Schools,Adjunct Faculty Member at Columbus State Community College ...,https://www.linkedin.com/title/adjunct-faculty-member-at-columbus-state-community-college,"""Columbus City Schools"" ESL intitle:faculty"
Ohio Department of Education,Faculty profiles for full-time Ohio Dominican University ...,http://www.ohiodominican.edu/academics/faculty-staff/faculty-profiles/timothy-mieck,"""Ohio Department of Education"" ESL intitle:faculty"
Pioneer Middle School,Faculty / Staff - Willowcreek Middle School,https://willowcreek.alpineschools.org/faculty-staff/,"""Pioneer Middle School"" ESL intitle:faculty"
DoDDS,ESL Faculty - Colorado Mountain College,http://coloradomtn.edu/classes/esl/esl-faculty/,"""DoDDS"" ESL intitle:faculty"
Red Oak Elementary,Staff & Faculty Directory - nrms.k12.nc.us,https://www.nrms.k12.nc.us/Page/873,"""Red Oak Elementary"" ESL intitle:faculty"
Dover Elementary School,Dover Union Free School District: Faculty and Staff,http://www.doverschools.org/page.cfm?p=125&start=21,"""Dover Elementary School"" ESL intitle:faculty"
Red Oak Elementary School,About Us / Faculty Directory,https://www.nrms.k12.nc.us/Page/1257,"""Red Oak Elementary School"" ESL intitle:faculty"
Guilford Elementary School,Faculty Directory - lcps.org,https://www.lcps.org/site/Default.aspx?PageType=1&SiteID=2771&ChannelID=2850&DirectoryType=6,"""Guilford Elementary School"" ESL intitle:faculty"
Plymouth Meeting Friends School,Education Faculty News: Dr. Graciela Slesaransky-Poe ...,https://www.arcadia.edu/news/2012/02/education-faculty-news-dr-graciela-slesaransky-poe,"""Plymouth Meeting Friends School"" ESL intitle:faculty"
White Rock Christian Academy,Faculty | White Rock Christian Academy,http://wrca.ca/community/faculty/,"""White Rock Christian Academy"" ESL intitle:faculty"
Lakeside School,Faculty - North Country School,http://www.northcountryschool.org/about-us/faculty,"""Lakeside School"" ESL intitle:faculty"
St. Thomas the Apostle School,Faculty and Staff,http://www.pcs.k12.nj.us/faculty.cfm,"""St. Thomas the Apostle School"" ESL intitle:faculty"
Sunnydale School,"Senior Faculty | Profiles, Jobs, Skills, Articles ...",https://bd.linkedin.com/title/senior-faculty?trk=pprofile_title,"""Sunnydale School"" ESL intitle:faculty"
Northampton Public Schools,Northampton High School Faculty - Northampton Public Schools,http://www.northamptonschools.org/northampton-high-school-faculty/,"""Northampton Public Schools"" ESL intitle:faculty"
St. Francis Xavier School,"Faculty | St. Francis Xavier School, Newark NJ",http://www.stfxschool.org/faculty-2/,"""St. Francis Xavier School"" ESL intitle:faculty"
Franklin Elementary,Faculty & Staff | BabyBen.org,http://www.babyben.org/faculty-staff,"""Franklin Elementary"" ESL intitle:faculty"
Dove Elementary School,Fine Arts / CHHS Fine Arts Faculty - GCISD,http://www.gcisd-k12.org/Domain/670,"""Dove Elementary School"" ESL intitle:faculty"
St. Paul Lutheran School,Faculty | Teachers | Paul Mitchell The School Costa Mesa,https://paulmitchell.edu/portland/team-profiles/2,"""St. Paul Lutheran School"" ESL intitle:faculty"
Valley School,Administration / Faculty and Staff - Seneca Valley School ...,http://www.svsd.net/site/Default.aspx?PageID=3397,"""Valley School"" ESL intitle:faculty"
Covenant Christian School,"Faculty | Covenant Classical School | Naperville, IL",http://covenantclassicalschool.org/pages/page.asp?page_id=127428,"""Covenant Christian School"" ESL intitle:faculty"
School District 57,Faculty: School of Law: Loyola University Chicago - luc.edu,http://www.luc.edu/law/degrees/certificate-school-discipline/faculty/,"""School District 57"" ESL intitle:faculty"
Seguin Elementary,Faculty and Staff / Faculty & Staff List,http://www.houstonisd.org/domain/13881,"""Seguin Elementary"" ESL intitle:faculty"
Sarah Kelly,Welcome to ISTP's New 2016–2017 Faculty and Staff!,http://blog.istp.org/blog/2016/08/16/welcome-istps-new-2016-2017-faculty-staff,"""Sarah Kelly"" ESL intitle:faculty"
Cedar Ridge Elementary,Faculty - Cedar Ridge Elementary,http://cedarridge.wacoisd.org/cms/One.aspx?portalId=18662&pageId=215328,"""Cedar Ridge Elementary"" ESL intitle:faculty"
Meadowlark Elementary,Meadowlark Elementary School - Faculty Directory,http://wes.usd480.net/27943_2,"""Meadowlark Elementary"" ESL intitle:faculty"
Roosevelt Elementary,Faculty Directory - Hawthorne Public Schools,http://www.hawthorne.k12.nj.us/site/Default.aspx?PageType=1&SiteID=11&ChannelID=373&DirectoryType=6,"""Roosevelt Elementary"" ESL intitle:faculty"
East Lake Academy,Our Faculty & Staff – Hilger Higher Learning,https://hhlearning.com/who-we-are/our-faculty-staff/,"""East Lake Academy"" ESL intitle:faculty"
St. Johns School,Faculty Positions | St. John's University,http://www.stjohns.edu/about/administrative-offices/human-resources/recruitment/faculty-positions,"""St. Johns School"" ESL intitle:faculty"
Lawrence School,"Our Faculty | The Honor Roll School - Sugar Land, TX",https://www.thehonorrollschool.com/parents/our-faculty/,"""Lawrence School"" ESL intitle:faculty"
Union Academy,Faculty and Staff | Union Academy,http://www.macon.k12.nc.us/union/faculty-and-staff/,"""Union Academy"" ESL intitle:faculty"
CHILDREN\'S UNIVERSITY,Faculty Works - Pinterest,https://www.pinterest.com/pin/33847434672632922/,"""CHILDREN\'S UNIVERSITY"" ESL intitle:faculty"
Northwest Classen High School,Boarding School Oklahoma City OK - Boarding school ...,http://www.directorym.net/Boarding_School_Oklahoma_City_OK-p1555780-Oklahoma_City_OK.html,"""Northwest Classen High School"" ESL intitle:faculty"
Stephenville ISD,Faculty - Gordon ISD,http://www.gordonisd.net/Faculty/,"""Stephenville ISD"" ESL intitle:faculty"
Hook Elementary,Building Relationships and Resiliency with Faculty: The ...,http://www.northeastresiliency.org/wp-content/uploads/2017/03/NRC_Building-Relationships-and-Resiliency-with-Faculty-Case-Study-1.pdf,"""Hook Elementary"" ESL intitle:faculty"
Somerset Christian School,Professional Education Faculty Qualifications and Experience,https://studylib.net/doc/7460323/professional-education-faculty-qualifications-and-experience,"""Somerset Christian School"" ESL intitle:faculty"
Mortimer Jordan High School,MHS Faculty - Shelby County Schools,http://www.shelbyed.k12.al.us/schools/mhs/faculty.html,"""Mortimer Jordan High School"" ESL intitle:faculty"
Troy City Schools,"Students, Faculty and Alumni Accepted into Juried Exhibit ...",https://www.onu.edu/node/49873,"""Troy City Schools"" ESL intitle:faculty"
Macon County Schools,Faculty and Staff | Macon Middle School,http://www.macon.k12.nc.us/mms/faculty-and-staff/,"""Macon County Schools"" ESL intitle:faculty"
Dollarway School District,Faculty & Staff | Southeast Arkansas College,https://www.seark.edu/faculty-staff,"""Dollarway School District"" ESL intitle:faculty"
Greenwich Public Schools,speech djibouti undergraduate school adjunct faculty Jobs ...,http://www.localcareers.com/speech-djibouti-undergraduate-school-adjunct-faculty-jobs-in-connecticut,"""Greenwich Public Schools"" ESL intitle:faculty"
GLWC,Siena Heights University > Faculty & Staff,http://sienaheights.edu/FacultyandStaff/tabid/322/Letter/X/Default.aspx,"""GLWC"" ESL intitle:faculty"
Middle Tennessee State University,Information for Faculty | Middle Tennessee State University,http://www.mtsu.edu/english/forfaculty/index.php,"""Middle Tennessee State University"" ESL intitle:faculty"
Richards School,Faculty Jobs- Communications Jobs at Diverse Jobs,http://jobs.diversejobs.net/candidate/processcandquicksearch?catid=NP494.111&desctgl_state=full&pagenum=0,"""Richards School"" ESL intitle:faculty"
Highland School,Faculty and Support Staff - School Town of Highland,http://www.highland.k12.in.us/district_services/northwest_indiana_special_education_coop/faculty_and_support_staff,"""Highland School"" ESL intitle:faculty"
Hammond Central School,Faculty / UPK-4 Elementary Staff - Lisbon Central School,http://ny05000131.schoolwires.net/domain/135,"""Hammond Central School"" ESL intitle:faculty"
St. Augustine School,Faculty of Education | University of Ottawa,http://education.uottawa.ca/en/node,"""St. Augustine School"" ESL intitle:faculty"
Central Dauphin School District,Matthew Herman | Shenandoah University | Faculty Directory,https://www.su.edu/faculty-staff/faculty/matthew-herman/,"""Central Dauphin School District"" ESL intitle:faculty"
Washington Middle School,FACULTY AND STAFF - Jamestown High School,http://www.jamestownpublicschools.org/washington/faculty/memerson/Washington/Faculty.html,"""Washington Middle School"" ESL intitle:faculty"
Woodward Academy,Our Invested Faculty | Forsyth Country Day School,https://www.fcds.org/page/about/meet-our-faculty?letter=M,"""Woodward Academy"" ESL intitle:faculty"
Maplewood Middle School,World Language-ESL / Faculty - somsd.k12.nj.us,http://www.somsd.k12.nj.us/Page/559,"""Maplewood Middle School"" ESL intitle:faculty"
Trinity School,Meet the Faculty & Staff - Trinity School of Texas,http://www.trinityschooloftexas.com/index.php/about/meet-the-faculty-staff,"""Trinity School"" ESL intitle:faculty"
Dixon Elementary,Webster County High School: WCHS Faculty/Staff,http://wch-wcs-ky.schoolloop.com/cms/page_view?d=x&piid=&vpid=1408775838878,"""Dixon Elementary"" ESL intitle:faculty"
All Saints Academy,Staff & Faculty | Saint Raphael Catholic School,https://www.saintraphaelschool.org/about-us/faculty/,"""All Saints Academy"" ESL intitle:faculty"
Leakey ISD,Faculty Meeting • Events - Leakey Independent School District,http://www.leakeyisd.org/District/Events/19472-Faculty-Meeting.html,"""Leakey ISD"" ESL intitle:faculty"
Sam Houston Elementary,Faculty and Staff Directory / Faculty/Staff Directory,http://www.dallasisd.org/domain/11871,"""Sam Houston Elementary"" ESL intitle:faculty"
Bennett Elementary School,Student VS Faculty Game - Freedom High School,https://freedomhs.pwcs.edu/news/archived_news/student_v_s_faculty_game/,"""Bennett Elementary School"" ESL intitle:faculty"
Dana Elementary,Faculty and Staff - Fletcher Elementary,http://www.hendersoncountypublicschoolsnc.org/fle/staff/,"""Dana Elementary"" ESL intitle:faculty"
SD 70,What Are Online Teaching Faculty Telling Us About Building ...,http://www.tandfonline.com/doi/full/10.1080/10668926.2012.679463?src=recsys,"""SD 70"" ESL intitle:faculty"
WASD,Faculty - Waynesboro Area Senior High School - wasd.k12.pa.us,http://www.wasd.k12.pa.us/cms/One.aspx?portalId=441870&pageId=1278305,"""WASD"" ESL intitle:faculty"
Cedar Hill Prep School,Cedar Hill Preparatory School Faculty & Staff Directory,http://cedarhillprep.com/about-us/faculty-and-staff-directory/,"""Cedar Hill Prep School"" ESL intitle:faculty"
LVI,Locust Valley Central School District Faculty | Administration,http://www.lvcsd.k12.ny.us/faculty/administration,"""LVI"" ESL intitle:faculty"
Rhonda Foster,"Ventura College FACULTY, STAFF and ORGANIZATION DIRECTORY ...",https://www.venturacollege.edu/sites/default/files/files/college-information/directory/vc_alpha_and_org_directory_011117.pdf,"""Rhonda Foster"" ESL intitle:faculty"
International School of Louisiana,Fifteen New Faculty Members Join Jesuit for 2015 – 2016 ...,https://www.jesuitnola.org/archive-2015/fifteen-new-faculty-members-join-jesuit-for-2015-2016-school-year/,"""International School of Louisiana"" ESL intitle:faculty"
Robinson Middle School,Mead Faculty and Staff Directory - Wichita Public Schools,https://www.usd259.org/Page/8409,"""Robinson Middle School"" ESL intitle:faculty"
Rome City Schools,Faculty and Staff Directory | Darlington School,http://www.darlingtonschool.org/about/facultydetail.aspx?teacherID=80359&category=0,"""Rome City Schools"" ESL intitle:faculty"
Ridgewood Elementary,Ridgewood Faculty - Ridgewood Elementary School,https://sites.google.com/a/pitt.k12.nc.us/ridgewood/home/ridgewood-faculty,"""Ridgewood Elementary"" ESL intitle:faculty"
Summit Academy,Faculty & Staff - Chelsea Academy,https://chelseaacademy.org/about-us/faculty-staff/,"""Summit Academy"" ESL intitle:faculty"
The King's Christian School,Faculty - The King's Christian School,http://www.tkcs.org/index.php/about-kings-christian/staff/faculty,"""The King's Christian School"" ESL intitle:faculty"
CPSB,Faculty/Staff / ESL - Calcasieu Parish Public Schools,http://www.cpsb.org/Page/2932,"""CPSB"" ESL intitle:faculty"
Carpe Diem Academy,1st Grade Faculty - IB World School,https://www.magellanschool.org/primary/people/1st-faculty/,"""Carpe Diem Academy"" ESL intitle:faculty"
Rialto Unified School District,"Adjunct Faculty Jobs in Moreno Valley, CA | Glassdoor","https://www.glassdoor.com/Job/moreno-valley-adjunct-faculty-jobs-SRCH_IL.0,13_IC1147111_KO14,29.htm","""Rialto Unified School District"" ESL intitle:faculty"
Holy Angels School,Maternity BVM School Chicago | Our Faculty,http://www.maternitybvmchicago.com/our-faculty#!,"""Holy Angels School"" ESL intitle:faculty"
The Reading Clinic,New Faculty & Staff - schools.graniteschools.org,https://schools.graniteschools.org/westvalley/2014/07/18/new-faculty-staff/,"""The Reading Clinic"" ESL intitle:faculty"
BANYAN,Foreign Teaching Faculty Positions 2015 at Sanya ...,http://www.admissions.cn/teacher/foreign-teaching-faculty-positions-2015-at-sanya-university_8.html,"""BANYAN"" ESL intitle:faculty"
Central Elementary,Faculty & Staff – Central Elementary,https://central.alpineschools.org/faculty-staff/,"""Central Elementary"" ESL intitle:faculty"
Ryan school,Half Hollow Hills: Faculty/Staff Directory,http://www.halfhollowhills.k12.ny.us/page.cfm?p=977318&directoryStart=661,"""Ryan school"" ESL intitle:faculty"
Hammond School,Faculty & Staff - P.S.82Q The Hammond School Go Lions!,http://www.ps82q.org/afs.html,"""Hammond School"" ESL intitle:faculty"
OLPH,McCallie | Faculty/Staff Directory,https://www.mccallie.org/page/about-us/facultystaff-directory?deptId=&gId=2910&letter=,"""OLPH"" ESL intitle:faculty"
JCDS,Faculty | Mizel Jewish Community Day School,https://mizelschool.org/about-mizel/faculty/,"""JCDS"" ESL intitle:faculty"
Grand Prairie School,College of Education professors recognized at UTA Faculty ...,https://www.uta.edu/coed//news/releases/2017/news-release8.php,"""Grand Prairie School"" ESL intitle:faculty"
Logos School,Bulletin Boards + Doors - pinterest.com,https://www.pinterest.com/pin/223843043948749486/,"""Logos School"" ESL intitle:faculty"
Elgin Community College,accessECC Portal - Employees - Elgin Community College,http://elgin.edu/faculty.aspx?id=342,"""Elgin Community College"" ESL intitle:faculty"
Center for Learning and Development,Faculty development - definition of Faculty development by ...,https://www.thefreedictionary.com/Faculty+development,"""Center for Learning and Development"" ESL intitle:faculty"
Trinity Lutheran School,Faculty & Staff – Peace Lutheran School,https://peacebremerton.org/about/faculty-staff/,"""Trinity Lutheran School"" ESL intitle:faculty"
Madison Public Schools,Liberal and Creative Arts Faculty - Manchester Community ...,https://www.manchestercc.edu/academics/divisions/liberal-arts/lca-faculty/,"""Madison Public Schools"" ESL intitle:faculty"
Burke Town School,Faculty and Staff | Welcome to the Thaddeus Stevens School,http://thaddeusstevensschool.org/about-us/faculty-and-staff/,"""Burke Town School"" ESL intitle:faculty"
St. Mary's School,Faculty & Staff - St. Mary's School,http://www.smschool.us/my-st-marys-portal/faculty-staff,"""St. Mary's School"" ESL intitle:faculty"
Central Quebec School Board,Faculty - Bishop's University,http://www.ubishops.ca/VsMb1,"""Central Quebec School Board"" ESL intitle:faculty"
Henry County Schools,Faculty Directory - Henry County Public Schools / Overview,http://www.henry.k12.va.us/site/Default.aspx?PageType=1&SiteID=215&ChannelID=231&DirectoryType=6,"""Henry County Schools"" ESL intitle:faculty"
Midland ISD,Midland College Faculty Vitae,https://www.midland.edu/about/media/documents/vitae/hall-valerie.pdf,"""Midland ISD"" ESL intitle:faculty"
Curriculum Services,Faculty and Staff News | San Diego Continuing Education,http://sdce.edu/organization/news/faculty-staff,"""Curriculum Services"" ESL intitle:faculty"
East Mississippi Community College,FACULTY - MCC - Meridian Community College,http://www.meridiancc.edu/workforce-education/programs-of-study/nursing/practical-nursing/faculty/index,"""East Mississippi Community College"" ESL intitle:faculty"
The Learning Center,Learning Center Faculty Satisfaction & Software Evaluation ...,https://www.lamission.edu/2013accreditation/evidence2c/RCFacultySoftwareEval.pdf,"""The Learning Center"" ESL intitle:faculty"
Wareham Middle School,Faculty & Staff - Alma del Mar,http://almadelmar.org/about-us/meet-our-team/faculty-staff/,"""Wareham Middle School"" ESL intitle:faculty"
Washington Community School,Washington Community School / Faculty,https://www.bboed.org/Page/212,"""Washington Community School"" ESL intitle:faculty"
