Central Elementary School,Surrey Tutorpro for Middle/Elementary School/Math/Science ...,https://vancouver.craigslist.ca/rds/lss/d/surrey-tutorpro-for-middle/6414356643.html,"""Central Elementary School"" remedial intitle:contact"
Erie 2-Chautauqua-Cattaraugus BOCES,LSTA FY 2002 Grant Projects w/abstracts & contact ...,http://www.nysl.nysed.gov/libdev/lsta/fy2002.pdf,"""Erie 2-Chautauqua-Cattaraugus BOCES"" remedial intitle:contact"
Jefferson Elementary,Contact Me - Highland Middle School,http://hil.hobbsschools.net/staff/social_studies/mr__walker/contact_me,"""Jefferson Elementary"" remedial intitle:contact"
School District of Pittsburgh,Daniel Wilson No Contact Violation | Restraining Order ...,https://www.scribd.com/document/249995505/Daniel-Wilson-No-Contact-Violation,"""School District of Pittsburgh"" remedial intitle:contact"
The Village School,Adderbury Contact May 2017 by Adderbury Contact - issuu,https://issuu.com/adderbury.org/docs/adderbury_contact_may_2017,"""The Village School"" remedial intitle:contact"
Lincoln County School District,Grantee City Contact Award Year Year One Award Program ...,http://www.afterschoolalliance.org/states_docs/21cclc/NV_21_grants.pdf,"""Lincoln County School District"" remedial intitle:contact"
Good Shepherd School,Contact Us - The Good Shepherd Catholic Montessori,http://www.gscmontessori.org/contact-us/,"""Good Shepherd School"" remedial intitle:contact"
Metropolitan Community College,Biographies and Contact Information Keynote Presenter,https://www.signup4.net/Upload/CENG10A/TEAM82E/FE2014_Biographies%20and%20KEYNOTE.pdf,"""Metropolitan Community College"" remedial intitle:contact"
Mary Wright,Dana Martin-Hayden at Ohio Environmental Protection Agency ...,https://leadferret.com/directory/person/dana-martin-hayden/19579513,"""Mary Wright"" remedial intitle:contact"
Jefferson Elementary,Contact Me - Highland Middle School,http://hil.hobbsschools.net/staff/social_studies/mr__walker/contact_me,"""Jefferson Elementary"" remedial intitle:contact"
Metropolitan Community College,Biographies and Contact Information Keynote Presenter,https://www.signup4.net/Upload/CENG10A/TEAM82E/FE2014_Biographies%20and%20KEYNOTE.pdf,"""Metropolitan Community College"" remedial intitle:contact"
Margaret Flannery,John Thomas at The University of Michigan Contact Details ...,https://leadferret.com/directory/person/john-thomas/904696,"""Margaret Flannery"" remedial intitle:contact"
Holy Trinity School,Contact the Catholic Schools Office of Gauteng,http://www.cso.za.org/Contact-Us,"""Holy Trinity School"" remedial intitle:contact"
St. Aloysius,St Aloysius High School » Contact Us,http://www.staloysiushighschool.com/en/contact-us/,"""St. Aloysius"" remedial intitle:contact"
Madison Oneida BOCES,Contact Us Board of Education - MORIC,http://web.moric.org/rome/supportfiles/summerschool12.pdf,"""Madison Oneida BOCES"" remedial intitle:contact"
Central High School,8th Grade: Need to Know / HC: Counselor Contact Information,http://www.readington.k12.nj.us/domain/352,"""Central High School"" remedial intitle:contact"
Emerson Elementary School,"Kevin Kelly at AIG (American International Group, Inc ...",https://leadferret.com/directory/person/kevin-kelly/3085440,"""Emerson Elementary School"" remedial intitle:contact"
Delgado Community College,Contact Us | National Student Clearinghouse,https://studentclearinghouse.info/contact/,"""Delgado Community College"" remedial intitle:contact"
St. Anne's,St George's Grammar School - Contact Us,http://www.sggs.co.za/Contact,"""St. Anne's"" remedial intitle:contact"
Holy Trinity,Contact the Catholic Schools Office of Gauteng,http://www.cso.za.org/Contact-Us,"""Holy Trinity"" remedial intitle:contact"
St. Johns,Contact us - St John New Zealand,http://www.stjohn.org.nz/Contact-us/Other/,"""St. Johns"" remedial intitle:contact"
St. Joseph School,Contact Us - stjosephprimaryschool.net,http://www.stjosephprimaryschool.net/index.php/contact-us,"""St. Joseph School"" remedial intitle:contact"
Signal Hill,Contact details of Ward Councilors in the Scenic South ...,http://scenicsouth.co.za/place/contact-details-of-ward-councilors-in-the-scenic-south/,"""Signal Hill"" remedial intitle:contact"
William Brown,William Brown at United States Navy Contact Details ...,https://leadferret.com/directory/person/william-brown/27395868,"""William Brown"" remedial intitle:contact"
Baker Elementary,Mark Baker at US Navy Contact Details | LeadFerret.com,https://leadferret.com/directory/person/mark-baker/500751917,"""Baker Elementary"" remedial intitle:contact"
North Elementary,Grantee City Contact Award Year Year One Award Program ...,http://www.afterschoolalliance.org/states_docs/21cclc/WI_21_grants.pdf,"""North Elementary"" remedial intitle:contact"
Children's World,AIS Montessori Section Previous - AlHuda International School,http://aispk.org/ais-montessori-section-previous/,"""Children's World"" remedial intitle:contact"
Linda Mansfield,Grantee City Contact Award Year Year One Award Program ...,http://www.afterschoolalliance.org/states_docs/21cclc/OH_21_grants.pdf,"""Linda Mansfield"" remedial intitle:contact"
The Children's School,Stay In Shape This Christmas | Core Elements,http://www.coreelements.uk.com/stay-in-shape,"""The Children's School"" remedial intitle:contact"
St. Paul's Episcopal School,Elizabeth Collins at United States Navy Contact Details ...,https://leadferret.com/directory/person/elizabeth-collins/5166058,"""St. Paul's Episcopal School"" remedial intitle:contact"
Diagnostic Center,"SRL Diagnostic Center in Adibatla, Hyderabad - Book ...",https://www.lybrate.com/hyderabad/clinic/srl-diagnostic-center-devi-road-916b#!,"""Diagnostic Center"" remedial intitle:contact"
CEAP,obtain ground truth: Topics by Science.gov,https://www.science.gov/topicpages/o/obtain+ground+truth.html,"""CEAP"" remedial intitle:contact"
Garden city Community College,Elizabeth Watts at US Navy Contact Details | LeadFerret.com,https://leadferret.com/directory/person/elizabeth-watts/500567899,"""Garden city Community College"" remedial intitle:contact"
Liberty High School,"How to Contact Matt Kiser's - Phone Number, Email, Address ...",https://www.spokeo.com/Matt-Kiser,"""Liberty High School"" remedial intitle:contact"
Roanoke Public Schools,Robert Johnson at State of Minnesota Contact Details ...,https://leadferret.com/directory/person/robert-johnson/12332859,"""Roanoke Public Schools"" remedial intitle:contact"
Joliet Junior College,Mark Smith - leadferret.com,https://leadferret.com/directory/person/mark-smith/23697910,"""Joliet Junior College"" remedial intitle:contact"
Lane School,Binh Nguyen at United States Navy Contact Details ...,https://leadferret.com/directory/person/binh-nguyen/18524342,"""Lane School"" remedial intitle:contact"
CSE,Contact | Coreso,https://www.coreso.eu/contact/,"""CSE"" remedial intitle:contact"
Arlington Elementary,Contact Information / District Staff Directory,https://dcps.duvalschools.org/Page/8417,"""Arlington Elementary"" remedial intitle:contact"
HMR,"R+L Carriers - HazMat, Hazardous Material documents need ...",https://www.rlcarriers.com/hazmatcontact.asp,"""HMR"" remedial intitle:contact"
St. Elizabeth Ann Seton,Contact Me - Our Lady of Peace,http://olpschoollynbrook.org/class_pages/music/music_grades_1-2/contact_me,"""St. Elizabeth Ann Seton"" remedial intitle:contact"
St. Patrick School,Contact Me - Our Lady of Peace,https://drvcolp.ss8.sharpschool.com/class_pages/mrs__keane/contact_me,"""St. Patrick School"" remedial intitle:contact"
Mitchell College,"Chino Downtown Directory, Chino Apple.com, Dell.com ...",http://chino.unitedway-apple.com/,"""Mitchell College"" remedial intitle:contact"
Western Christian.org,Western Christian Schools | Private Schools in Claremont ...,https://www.westernchristian.org/page,"""Western Christian.org"" remedial intitle:contact"
Saint James School,Practical allegory – Covenant - livingchurch.org,https://livingchurch.org/covenant/2017/12/07/practical-allegory/,"""Saint James School"" remedial intitle:contact"
Christopher Thomas,"Mr. Christopher Thomas Clarke, Massage Therapist in Palm ...",http://npino.com/massage-therapist/1548401557-mr.-christopher-thomas-clarke/,"""Christopher Thomas"" remedial intitle:contact"
St. Joseph,Contact Us - stjosephprimaryschool.net,http://www.stjosephprimaryschool.net/index.php/contact-us,"""St. Joseph"" remedial intitle:contact"
Trinity Christian,Contact | Trinityhouse | Trinityhouse,http://www.trinityhouse.co.za/contact/,"""Trinity Christian"" remedial intitle:contact"
St. Jude,Linda Harris at St Jude Children's Rsrch Hosp Contact ...,https://leadferret.com/directory/person/linda-harris/4050781,"""St. Jude"" remedial intitle:contact"
Immaculate Conception,Find and Contact Us | Immaculate Conception Catholic ...,https://catholicschooldenton.org/find-and-contact-us,"""Immaculate Conception"" remedial intitle:contact"
District 2,VERTAC SUPERFUND SITE EPA REGION 6 JACKSONVILLE ...,https://semspub.epa.gov/work/06/500014736.pdf,"""District 2"" remedial intitle:contact"
Cassie,CONTACT | Geelong Myotherapy and Remedial Massage,http://geelongmyotherapy.com.au/location/,"""Cassie"" remedial intitle:contact"
Glendale Elementary,Christine Edwards at Government of The United States ...,https://leadferret.com/directory/person/christine-edwards/11766654,"""Glendale Elementary"" remedial intitle:contact"
Josephine,"NPI 1184155947 Theresa Josephine Spohrer, Massage ...",http://npino.com/massage-therapist/1184155947-theresa-josephine-spohrer/,"""Josephine"" remedial intitle:contact"
Valley Middle School,Mary Madden at Randolph Township Schools Contact Details ...,https://leadferret.com/directory/person/mary-madden/4465947,"""Valley Middle School"" remedial intitle:contact"
St. Jude School,"Reborn Hospital in Saki Naka, Mumbai - Book Appointment ...",https://www.lybrate.com/mumbai/clinic/reborn-hospital-saki-naka-1#!,"""St. Jude School"" remedial intitle:contact"
Atlantis Charter School,"Paul Thomas at School District of Marshall, MO Contact ...",https://leadferret.com/directory/person/paul-thomas/13062633,"""Atlantis Charter School"" remedial intitle:contact"
Special Education Services,Special Education Teacher 2017-18 - education / teaching ...,https://washingtondc.craigslist.org/doc/edu/d/special-education-teacher/6417275920.html,"""Special Education Services"" remedial intitle:contact"
Lincoln Elementary School,Contact Us | Scotia-Glenville Central School District,http://www.scotiaglenvilleschools.org/contact-us/,"""Lincoln Elementary School"" remedial intitle:contact"
North High School,Contact us | Bracken High School,http://brackenhighschool.co.za/contact-us/,"""North High School"" remedial intitle:contact"
PSLS,www.science.gov,http://www.science.gov/topicpages/e/equation+ode+models.html,"""PSLS"" remedial intitle:contact"
Alison Polly,Contact Information – BLaST Intermediate Unit 17,http://wordpress.iu17.org/?page_id=509,"""Alison Polly"" remedial intitle:contact"
Lexington High School,Contact Us | Cobleskill-Richmondville Central School ...,http://www.crcs.k12.ny.us/contact-us/,"""Lexington High School"" remedial intitle:contact"
OIS,OSHP | Contact Us,http://www.statepatrol.ohio.gov/counties.stm,"""OIS"" remedial intitle:contact"
Private Tutoring,Contact us - Tutorax,https://www.tutorax.com/en/contact-us/,"""Private Tutoring"" remedial intitle:contact"
Jubilee,Lisa Spurr Remedial Massage | Contact Us,http://www.lisaspurr-remedialmassage.com/contact-2/,"""Jubilee"" remedial intitle:contact"
Columbus City Schools,Grantee City Contact Award Year Year One Award Program ...,http://www.afterschoolalliance.org/states_docs/21cclc/OH_21_grants.pdf,"""Columbus City Schools"" remedial intitle:contact"
Ohio Department of Education,Ohio.gov | Agency Contact Information,http://www.ohio.gov/agencies/,"""Ohio Department of Education"" remedial intitle:contact"
DoDDS,"32 CFR Ch. V (7-1-09 Edition) Department of the Army, DoD ...",https://www.gpo.gov/fdsys/bulkdata/CFR/2009/title-32/CFR-2009-title32-vol3.xml,"""DoDDS"" remedial intitle:contact"
Lakeside School,"Environmental Site Assessment - Cost ¤1,700 - Kettleman ...",http://www.alfaenv.com/east_meridian_ca_site_assessment_cost_25_.htm,"""Lakeside School"" remedial intitle:contact"
St. Thomas the Apostle School,Contact Me - Our Lady of Peace,https://drvcolp.ss8.sharpschool.com/class_pages/mrs__keane/contact_me,"""St. Thomas the Apostle School"" remedial intitle:contact"
St. Francis Xavier School,"Contact info | St. Francis Xavier School, Newark NJ",http://www.stfxschool.org/contact-info/,"""St. Francis Xavier School"" remedial intitle:contact"
Franklin Elementary,Principal’s Message Contact Information Mission Statement,http://www.axiomadvisors.net/livesarc/SARCIndexPDFs/01611196090039_07-08_1.pdf,"""Franklin Elementary"" remedial intitle:contact"
Valley School,Tapti Valley International School :: Contact Us,http://www.taptivalleyschool.com/InternationalSchool/Contact-Us.aspx,"""Valley School"" remedial intitle:contact"
Hyde Park Elementary,Contact Information / District Staff Directory,https://dcps.duvalschools.org/Page/8417,"""Hyde Park Elementary"" remedial intitle:contact"
Covenant Christian School,"Bracken High School - Contact Us, Phone Number, Address ...",http://www.callupcontact.com/b/business/Bracken_High_School/67671,"""Covenant Christian School"" remedial intitle:contact"
McGuffey Elementary,Grantee City Contact Award Year Year One Award Program ...,http://www.afterschoolalliance.org/states_docs/21cclc/OH_21_grants.pdf,"""McGuffey Elementary"" remedial intitle:contact"
Roosevelt Elementary,Karen Johnson at Mahwah Board Of Education Contact Details ...,https://leadferret.com/directory/person/karen-johnson/4413082,"""Roosevelt Elementary"" remedial intitle:contact"
St. Johns School,Contact Us - St. Nicholas Diocesan School,http://www.stnicholas.co.za/contact-us/,"""St. Johns School"" remedial intitle:contact"
OHR HATORAH,Contact - East Selkirk Middle School East Selkirk Manitoba ...,http://east-selkirk-middle-school.manitoba.xcanada.ca/contact.aspx,"""OHR HATORAH"" remedial intitle:contact"
Lawrence School,Lawrence School - Contact Us,https://www.lawrenceschool.org/about/contact-us,"""Lawrence School"" remedial intitle:contact"
Northwest Classen High School,About Our District / Contact Us,http://www.okcps.org/Page/264,"""Northwest Classen High School"" remedial intitle:contact"
Hook Elementary,ติดต่อเรา contact | สถานีตำรวจภูธรคำชะอี,http://khamcha-i.mukdahan.police.go.th/?page_id=78,"""Hook Elementary"" remedial intitle:contact"
Troy City Schools,Julie Anderson at State of Minnesota Contact Details ...,https://leadferret.com/directory/person/julie-anderson/12332812,"""Troy City Schools"" remedial intitle:contact"
Macon County Schools,Alabama Community Education Association Contact,http://www.aces.edu/acea/Contact%20Newsletter.pdf,"""Macon County Schools"" remedial intitle:contact"
Greenwich Public Schools,Contact Us - Greenwich Public Schools,https://www.greenwichschools.org/international-school-at-dundee/school-information/contact-us,"""Greenwich Public Schools"" remedial intitle:contact"
Middle Tennessee State University,James Smith at Government of The United States Contact ...,https://leadferret.com/directory/person/james-smith/12699295,"""Middle Tennessee State University"" remedial intitle:contact"
Highland School,John Walker at United States Navy Contact Details ...,https://leadferret.com/directory/person/john-walker/15052618,"""Highland School"" remedial intitle:contact"
St. Augustine School,CLRE Test - Pinterest,https://www.pinterest.com/pin/476326098060653870/,"""St. Augustine School"" remedial intitle:contact"
Washington Middle School,Contact Information and Location - Blades Elementary,http://blades.mehlvilleschooldistrict.com/school_info/contact_information_and_location/,"""Washington Middle School"" remedial intitle:contact"
Trinity School,Contact Us - Trinityhouse,http://www.trinityhouse.co.za/contact/,"""Trinity School"" remedial intitle:contact"
Sam Houston Elementary,Grantee City Contact Award Year Year One Award Program ...,http://www.afterschoolalliance.org/states_docs/21cclc/OK_21_grants.pdf,"""Sam Houston Elementary"" remedial intitle:contact"
WASD,www.science.gov,http://www.science.gov/topicpages/s/strain+miami+pbs1071.html,"""WASD"" remedial intitle:contact"
PS 42,ma ludse luids: Topics by Science.gov,https://www.science.gov/topicpages/m/ma+ludse+luids,"""PS 42"" remedial intitle:contact"
LVI,Contact Us | Renova Environmental Services,http://renovaenviro.com/contact/,"""LVI"" remedial intitle:contact"
CPSB,www.science.gov,http://www.science.gov/topicpages/i/iniae+exopolysaccharide-producing+strains.html,"""CPSB"" remedial intitle:contact"
Carpe Diem Academy,CarpeDiem Primary - Contact Info,http://www.carpediemprimary.co.za/contact-info.html,"""Carpe Diem Academy"" remedial intitle:contact"
The Reading Clinic,Edublox Reading and Learning Clinic: Contact Us,http://thereadingclinic.co.za/e/contact.htm,"""The Reading Clinic"" remedial intitle:contact"
BANYAN,Contact us - Banyan Retreat,http://www.banyanretreat.com/contact-us/,"""BANYAN"" remedial intitle:contact"
Central Elementary,Surrey Tutorpro for Middle/Elementary School/Math/Science ...,https://vancouver.craigslist.ca/rds/lss/d/surrey-tutorpro-for-middle/6414356643.html,"""Central Elementary"" remedial intitle:contact"
JCDS,"The original documents are located in Box 6, folder ...",https://www.fordlibrarymuseum.gov/library/document/0005/7288228.pdf,"""JCDS"" remedial intitle:contact"
Elgin Community College,Elgin Community College financial aid office contact,http://www.elgincommunitycollege.net/Elgin-Community-College-financial-aid-office-contact.php,"""Elgin Community College"" remedial intitle:contact"
St. Mary's School,Contact Us | St. Mary's Parish School,http://stmsaints.org/content/contact-us,"""St. Mary's School"" remedial intitle:contact"
Henry County Schools,"Contact Dian Schaffhauser, THE Journal - PressRush",https://www.pressrush.com/author/5392202/dian-schaffhauser,"""Henry County Schools"" remedial intitle:contact"
Midland ISD,"""..DSS....“You put my daughter's life on the line and no ...",https://www.pinterest.com/pin/64387469648347146/,"""Midland ISD"" remedial intitle:contact"
Curriculum Services,San Mateo HigH ScHool Pto in contact,http://www.sanmateohigh.org/sites/default/files/pdfs/InContact080904.pdf,"""Curriculum Services"" remedial intitle:contact"
East Mississippi Community College,Paul Miller at United States Navy Contact Details ...,https://leadferret.com/directory/person/paul-miller/5414638,"""East Mississippi Community College"" remedial intitle:contact"
Louisiana Department of Corrections,"DOC Louisiana Contact Number, Email Address | DOC ...",http://pattest.us/doc-louisiana-contact-number-149435,"""Louisiana Department of Corrections"" remedial intitle:contact"
The Learning Center,Johnson County Community College Contact: Professional ...,http://www.jccc.edu/student-resources/counseling/transfer/files/transfer-guides/manu-rn-to-bsn.pdf,"""The Learning Center"" remedial intitle:contact"
Washington Community School,Grantee City Contact Award Year Year One Award Program ...,http://www.afterschoolalliance.org/states_docs/21cclc/NJ_21_grants.pdf,"""Washington Community School"" remedial intitle:contact"
