Central Elementary School,Faculty Contacts and Web Pages - South Central Elementary ...,http://www.scentral.k12.in.us/elem-students-parents/elem-faculty-contact-information,"""Central Elementary School"" remedial intitle:faculty"
Jefferson Elementary,North Pocono School District - Faculty - npsd.org,http://www.npsd.org/index.php?option=com_contxtd&catid=61&Itemid=219,"""Jefferson Elementary"" remedial intitle:faculty"
Germantown School District,Sharing COEHS Insights with faculty and staff,https://mbasic.facebook.com/notes/wiu-college-of-education-and-human-services/sharing-coehs-insights-with-faculty-and-staff/189128793545/,"""Germantown School District"" remedial intitle:faculty"
Metropolitan Community College,Adjunct Faculty Positions - HigherEdJobs,https://www.higheredjobs.com/adjunct/search.cfm?type=1,"""Metropolitan Community College"" remedial intitle:faculty"
Bloomfield College,Alcohol and Other Drugs (AOD) Policies and Procedures for ...,http://www.bloomfield.edu/sites/default/files/common/AOD.pdf,"""Bloomfield College"" remedial intitle:faculty"
Jefferson Elementary,North Pocono School District - Faculty - npsd.org,http://www.npsd.org/index.php?option=com_contxtd&catid=61&Itemid=219,"""Jefferson Elementary"" remedial intitle:faculty"
Harmony Science Academy,Coaches Handbook California Faculty Association,https://www.hioxcloud.com/getpdf/coaches-handbook-california-faculty-association.pdf,"""Harmony Science Academy"" remedial intitle:faculty"
Valley Christian School,Mr. John Davis | Administration | Faculty & Staff | About ...,https://www.heritagechristianschools.org/about-hcs/faculty-staff/administration/mr-john-davis,"""Valley Christian School"" remedial intitle:faculty"
Metropolitan Community College,Adjunct Faculty Positions - HigherEdJobs,https://www.higheredjobs.com/adjunct/search.cfm?type=1,"""Metropolitan Community College"" remedial intitle:faculty"
Howard Elementary,Report from the Committee on Intercollegiate Athletics ...,https://www.slideserve.com/edan/report-from-the-committee-on-intercollegiate-athletics-cia-mary-k-boudreaux-dvm-phd-faculty-athletics-representative-may-7-2013,"""Howard Elementary"" remedial intitle:faculty"
St. Aloysius,St Aloysius High School » Faculty,http://www.staloysiushighschool.com/en/faculty/,"""St. Aloysius"" remedial intitle:faculty"
Central High School,Middle/High School | Faculty & Staff | About HCS ...,https://www.heritagechristianschools.org/about-hcs/faculty-staff/middlehigh-school,"""Central High School"" remedial intitle:faculty"
The Roeper School,Meet the New Faculty and Staff | MICDS,https://www.micds.org/page/news-detail?pk=1116146,"""The Roeper School"" remedial intitle:faculty"
Saginaw Valley State University,Faculty & Staff - Aim High School,http://www.aimhighschool.com/about_us/faculty_and_staff.php,"""Saginaw Valley State University"" remedial intitle:faculty"
Emerson Elementary School,Content Posted in 2016 | Repository for the research and ...,http://scholarworks.umt.edu/2016.html,"""Emerson Elementary School"" remedial intitle:faculty"
Delgado Community College,Kingsborough Community College - KCC Faculty Resources,http://www.kbcc.cuny.edu/LC/Pages/KCCFacultyResources.aspx,"""Delgado Community College"" remedial intitle:faculty"
Atkinson  Elementary,Faculty Contacts and Web Pages - South Central Elementary ...,http://www.scentral.k12.in.us/elem-students-parents/elem-faculty-contact-information,"""Atkinson  Elementary"" remedial intitle:faculty"
St. Anne's,"Rights, wrongs, and injustices: The structure of remedial ...",http://www.otago.ac.nz/law/news/events/otago656604.html,"""St. Anne's"" remedial intitle:faculty"
Holland Bloorview Kids,www.physicaltherapy.utoronto.ca,http://www.physicaltherapy.utoronto.ca/wp-content/uploads/2011/08/2017-18-Student-Handbook.pdf,"""Holland Bloorview Kids"" remedial intitle:faculty"
Greenwood Elementary,TCTA Convention - Pinterest,https://www.pinterest.com/pin/204984220511492319/,"""Greenwood Elementary"" remedial intitle:faculty"
Eastern Oregon University,Faculty Handbook - oit.edu,http://www.oit.edu/docs/default-source/human-resources-documents/faculty-policies-and-procedures/faculty-handbook---2017-18.pdf?sfvrsn=2,"""Eastern Oregon University"" remedial intitle:faculty"
Pembroke School,Faculty Senate - University of North Carolina at Pembroke,https://www.uncp.edu/sites/default/files/Images_Docs/Departments/Faculty_Senate/Faculty_Senate/Agendas/SenateAgenda5-4-11.doc,"""Pembroke School"" remedial intitle:faculty"
Holy Trinity,Faculty and Staff – Peace Lutheran Church and School,http://www.peacehartford.org/peace-lutheran-school/faculty-and-staff/,"""Holy Trinity"" remedial intitle:faculty"
St. Johns,Faculty » St. John's Lutheran Elementary School | Two ...,http://www.sjtworiversles.org/faculty/,"""St. Johns"" remedial intitle:faculty"
Wayne Elementary,ECU University Archives - Faculty W,http://www.ecu.edu/cs-lib/archives/facultyw.cfm,"""Wayne Elementary"" remedial intitle:faculty"
St. Joseph School,"SJS Faculty & Staff | St. Joseph Church | Mantua, OH",https://stjosephmantua.com/sjs-faculty-staff,"""St. Joseph School"" remedial intitle:faculty"
William Brown,ECU University Archives - Faculty S,http://www.ecu.edu/cs-lib/archives/facultys.cfm?RenderForPrint=1&RenderForPrint=1&RenderForPrint=1,"""William Brown"" remedial intitle:faculty"
The Children's School,Design-Based Learning Administration & Faculty,http://www2.artcenter.edu/teachers/faculty.php,"""The Children's School"" remedial intitle:faculty"
Marshall Middle School,No Faculty Available - Faculty & Research - Harvard ...,http://www.hbs.edu/faculty/Pages/nofaculty.aspx,"""Marshall Middle School"" remedial intitle:faculty"
Diagnostic Center,Computer Science Faculty Jobs in Tripoli - Computer ...,https://www.wisdomjobsgulf.com/computer-science-faculty-jobs-in-tripoli,"""Diagnostic Center"" remedial intitle:faculty"
Denison ISD,Faculty and Staff | Immaculate Conception Catholic School ...,https://catholicschooldenton.org/facultystaff,"""Denison ISD"" remedial intitle:faculty"
CEAP,Evaluation of Community Environmental Action Planning ...,http://sahelsudan.org/images/report/final%20ceap%20evaluation%20report%20ceap.pdf,"""CEAP"" remedial intitle:faculty"
Waldorf School of Princeton,Faculty & Staff - Waldorf School of Lexington,http://thewaldorfschool.org/faculty-staff/,"""Waldorf School of Princeton"" remedial intitle:faculty"
Liberty High School,"Jenkins Thanks Community, Faculty For Warm Welcome ...",http://articles.mcall.com/1985-09-05/news/2482691_1_nazareth-school-board-school-nurse,"""Liberty High School"" remedial intitle:faculty"
Joliet Junior College,Faculty Talk About Teaching at the Community College ...,http://www.oxfordhandbooks.com/view/10.1093/oxfordhb/9780199935291.001.0001/oxfordhb-9780199935291-e-47,"""Joliet Junior College"" remedial intitle:faculty"
Lane School,"Jason Naranjo, Ph.D. - Faculty and Staff - School of ...",https://www.uwb.edu/education/faculty/jasonnaranjo,"""Lane School"" remedial intitle:faculty"
CSE,"Faculty of Computer Science, IBA - Minutes CSE_ICT",https://fcsiba.wikispaces.com/Minutes+CSE_ICT,"""CSE"" remedial intitle:faculty"
HMR,LSU Faculty Handbook - Faculty Senate Louisiana State ...,http://www.lsu.edu/senate/handbook/employee.html,"""HMR"" remedial intitle:faculty"
St. Elizabeth Ann Seton,Faculty and Staff - Our Lady of Peace,http://www.olpschoollynbrook.org/directory/faculty_and_staff,"""St. Elizabeth Ann Seton"" remedial intitle:faculty"
St. Patrick School,Faculty and Staff - Our Lady of Peace,http://www.olpschoollynbrook.org/directory/faculty_and_staff,"""St. Patrick School"" remedial intitle:faculty"
Corpus Christi School,Faculty & Staff – Corpus Christi Catholic School,http://cccschambersburg.org/faculty-staff/,"""Corpus Christi School"" remedial intitle:faculty"
Mitchell College,College Rankings - Top 500 Ranked Colleges - Highest Full ...,http://www.stateuniversity.com/rank/salary_ft_faculty_total_rank/2,"""Mitchell College"" remedial intitle:faculty"
Western Christian.org,Western Christian Schools | Private Schools in Claremont ...,https://www.westernchristian.org/page,"""Western Christian.org"" remedial intitle:faculty"
St. Joseph,St. Joseph Catholic Church: Our Faculty & Staff,http://sjccs.net/115,"""St. Joseph"" remedial intitle:faculty"
MultiCultural Resource Center,"Diversity, Inclusion and Cultural Awareness | Jason ...",http://journals.uncc.edu/index.php/facultyguide/article/view/388/389,"""MultiCultural Resource Center"" remedial intitle:faculty"
Trinity Christian,"Faculty & Staff | Vandalia Christian School, A Private ...",http://vandaliachristian.com/about-us/faculty-staff/,"""Trinity Christian"" remedial intitle:faculty"
St. Jude,13-00 Faculty of medicine and - American University of Beirut,https://www.aub.edu.lb/registrar/Documents/archivecatalogue/catalogue-graduate07-08/fm.pdf,"""St. Jude"" remedial intitle:faculty"
Immaculate Conception,Faculty and Staff | Immaculate Conception Catholic School ...,https://catholicschooldenton.org/facultystaff,"""Immaculate Conception"" remedial intitle:faculty"
District 2,Stuyvesant High School - District 2 - InsideSchools,https://insideschools.org/school/02M475,"""District 2"" remedial intitle:faculty"
Cassie,A QUALITATIVE ANALYSIS OF ORAL READING MISCUES MADE BY ...,http://www.marquette.edu/library/theses/already_uploaded_to_IR/pacl_p_1976.pdf,"""Cassie"" remedial intitle:faculty"
Glendale Elementary,The faculty and staff join me in welcoming you to Haine ...,http://docs.exdat.com/docs/index-149036.html,"""Glendale Elementary"" remedial intitle:faculty"
Fairview Elementary,Monthly N FAIRVIEW FACULTY - sps186.org,http://www.sps186.org/downloads/basic/384335/November%202013%20newsletter.pdf,"""Fairview Elementary"" remedial intitle:faculty"
The Hill School,"Faculty & Staff | The Hill School of Middleburg, VA",http://www.thehillschool.org/faculty-staff/,"""The Hill School"" remedial intitle:faculty"
Josephine,Faculty and Staff - amses.weebly.com,http://amses.weebly.com/faculty-and-staff.html,"""Josephine"" remedial intitle:faculty"
Valley Middle School,Boulder Valley Waldorf School | Faculty | teaching ...,http://bvwaldorf.org/about/faculty/,"""Valley Middle School"" remedial intitle:faculty"
Special Education Services,Shortage of Special Education Teachers and Faculty: Fact Sheet,https://specialedshortages.org/wp-content/uploads/2014/03/HECSE-Shortage-Special-Ed-Expertise-Among-Teachers-Faculty.pdf,"""Special Education Services"" remedial intitle:faculty"
Lincoln Elementary School,Faculty | A Child's Place School,https://www.achildsplaceschool.com/about-us/faculty/,"""Lincoln Elementary School"" remedial intitle:faculty"
Renaissance Academy,Middle & High – Faculty & Staff – Renaissance Academy,http://www.racademy.org/apps/pages/index.jsp?type=d&uREC_ID=361280&pREC_ID=786191,"""Renaissance Academy"" remedial intitle:faculty"
North High School,"GNPS grants tenure to faculty, admins - The Island Now",https://theislandnow.com/news-98/gnps-grants-tenure-to-faculty-admins/,"""North High School"" remedial intitle:faculty"
Lexington High School,Faculty & Staff - Waldorf School of Lexington,http://thewaldorfschool.org/faculty-staff/,"""Lexington High School"" remedial intitle:faculty"
OIS,Reader_ct4821.pdf - Traﬃc Flow Theory and Simulation ...,https://www.coursehero.com/file/24617500/Reader-ct4821pdf/,"""OIS"" remedial intitle:faculty"
Private Tutoring,Dr Louise Watson Associate Professor Faculty of Education ...,http://www.canberra.edu.au/researchrepository/file/e3d6cdff-d903-a9d1-cda3-a6afcc671444/1/full_text_published.pdf,"""Private Tutoring"" remedial intitle:faculty"
Jubilee,Department with Faculty | KB women's College,http://kbwomenscollege.in/index.php/department-with-faculty/,"""Jubilee"" remedial intitle:faculty"
Columbus City Schools,College Bound - College faculty Archives - Education Week,http://blogs.edweek.org/edweek/college_bound/college-faculty/,"""Columbus City Schools"" remedial intitle:faculty"
Ohio Department of Education,Ohio Faculty Council Meeting (April 2016) | Ohio Higher Ed,https://www.ohiohighered.org/content/ohio_faculty_council_meeting_april_2016,"""Ohio Department of Education"" remedial intitle:faculty"
DoDDS,8B Constructive Trusts and Beneficial Ownership - Faculty ...,https://www.studyblue.com/notes/note/n/8b-constructive-trusts-and-beneficial-ownership/deck/20268489,"""DoDDS"" remedial intitle:faculty"
Lakeside School,Faculty Member Name - University of West Florida,http://uwf.edu/ncate/fdoe/Fdoe/Faculty/FacultyList_Comprehensive.doc,"""Lakeside School"" remedial intitle:faculty"
St. Thomas the Apostle School,Faculty and Staff - Our Lady of Peace,http://www.olpschoollynbrook.org/directory/faculty_and_staff,"""St. Thomas the Apostle School"" remedial intitle:faculty"
Northampton Public Schools,End of year letter to faculty 2012 | Northampton Public ...,https://npssuper.wordpress.com/2012/06/18/end-of-year-letter-to-faculty-2012/,"""Northampton Public Schools"" remedial intitle:faculty"
St. Francis Xavier School,"Faculty | St. Francis Xavier School, Newark NJ",http://www.stfxschool.org/faculty-2/,"""St. Francis Xavier School"" remedial intitle:faculty"
Franklin Elementary,A Dispatch Special Report: With Hickman's tenure coming to ...,http://www.cdispatch.com/news/article.asp?aid=62572,"""Franklin Elementary"" remedial intitle:faculty"
Sewell Elementary,Inverness Christian Academy - Faculty,http://invernesschristian.org/faculty,"""Sewell Elementary"" remedial intitle:faculty"
Valley School,Faculty and Staff | River Valley Waldorf School,https://rivervalleyschool.org/about-us/faculty-and-staff/,"""Valley School"" remedial intitle:faculty"
Seguin Elementary,TCTA Convention - Pinterest,https://www.pinterest.com/pin/204984220511492319/,"""Seguin Elementary"" remedial intitle:faculty"
Sarah Kelly,es faculty handbook 2014-2015 | Sweater | Homework,https://www.scribd.com/document/237785723/es-faculty-handbook-2014-2015,"""Sarah Kelly"" remedial intitle:faculty"
Westview Elementary School,TROY UNIVERSITY FACULTY SENATE MEETING MINUTES,http://trojan.troy.edu/employees/standingcommittees/minutes/FC/Minutes-11-27-2012.pdf,"""Westview Elementary School"" remedial intitle:faculty"
St. Johns School,Faculty @ All Saints School,https://www.setoncatholicallsaints.org/faculty/,"""St. Johns School"" remedial intitle:faculty"
Lawrence School,"Our Faculty & Staff - St. Lawrence School - Lawrenceburg, IN",https://stlschool.com/staff,"""Lawrence School"" remedial intitle:faculty"
CHILDREN\'S UNIVERSITY,Faculty Collaboration Database - Publications with Surgery ...,https://fcd.mcw.edu/?module=search&func=showPublications&searchTerm=Surgery,"""CHILDREN\'S UNIVERSITY"" remedial intitle:faculty"
Hook Elementary,"Medical News, Health News",http://www.medicalhealthnews.net/rss/branches-of-medicine-a-m/internal-medicine,"""Hook Elementary"" remedial intitle:faculty"
Somerset Christian School,Professional Education Faculty Qualifications and Experience,http://studylib.net/doc/7460323/professional-education-faculty-qualifications-and-experience,"""Somerset Christian School"" remedial intitle:faculty"
Dollarway School District,Faculty Service and Collaborative Activities Department ...,https://www.uapb.edu/sites/www/Uploads/SOE/5.3e-%20Activities%20in%20Schools.pdf,"""Dollarway School District"" remedial intitle:faculty"
Greenwich Public Schools,School Officials Release Update On Western Middle School ...,https://patch.com/connecticut/greenwich/school-officials-release-update-western-middle-school-fields,"""Greenwich Public Schools"" remedial intitle:faculty"
Middle Tennessee State University,Tennessee University Faculty Senates (TUFS),https://www.utc.edu/faculty-senate/archives/documents/TUFSMinutesApril2010.pdf,"""Middle Tennessee State University"" remedial intitle:faculty"
Richards School,UT System Board of Regents Honors Seven UT Austin Faculty ...,https://news.utexas.edu/2017/09/22/ut-system-honors-seven-ut-austin-faculty-members,"""Richards School"" remedial intitle:faculty"
Highland School,Faculty & Staff Directory - Wallingford Public Schools,http://www.wallingford.k12.ct.us/district-information/faculty-staff-directory,"""Highland School"" remedial intitle:faculty"
Washington Middle School,Music Department Faculty - Titusville Area School District,http://www.gorockets.org/MusicDepartmentFaculty.aspx,"""Washington Middle School"" remedial intitle:faculty"
Trinity School,"Faculty & Staff | Grace Christian School - Ocala, FL",http://www.gcsocala.com/faculty-staff/,"""Trinity School"" remedial intitle:faculty"
PS 42,ma ludse luids: Topics by Science.gov,https://www.science.gov/topicpages/m/ma+ludse+luids,"""PS 42"" remedial intitle:faculty"
LVI,Study-Unit Description - Faculty of Theology - University ...,https://www.um.edu.mt/theology/studyunit/PLC5550,"""LVI"" remedial intitle:faculty"
Rome City Schools,Coaches Handbook California Faculty Association,https://www.hioxcloud.com/getpdf/coaches-handbook-california-faculty-association.pdf,"""Rome City Schools"" remedial intitle:faculty"
Summit Academy,Coaches Handbook California Faculty Association,https://www.hioxcloud.com/getpdf/coaches-handbook-california-faculty-association.pdf,"""Summit Academy"" remedial intitle:faculty"
CPSB,Federal Register - GPO,https://www.gpo.gov/fdsys/pkg/FR-2000-10-05/mods.xml,"""CPSB"" remedial intitle:faculty"
The Reading Clinic,Produ<td by Offi<t or Information for fatuity nd staff at ...,http://commons.emich.edu/cgi/viewcontent.cgi?article=1316&context=focus,"""The Reading Clinic"" remedial intitle:faculty"
BANYAN,Your 2015 NGH Convention Faculty,http://www.ngh.net/conv/2015/2015NGHFaculty.pdf,"""BANYAN"" remedial intitle:faculty"
Central Elementary,Faculty Contacts and Web Pages - South Central Elementary ...,http://www.scentral.k12.in.us/elem-students-parents/elem-faculty-contact-information,"""Central Elementary"" remedial intitle:faculty"
Elgin Community College,Elgin Community College Faculty Association (ECCFA),https://www.facebook.com/eccfaculty/posts/1506749296004623,"""Elgin Community College"" remedial intitle:faculty"
Center for Learning and Development,Faculty Information | Albany Law School: A New York Law School,http://www.albanylaw.edu/faculty/pages/faculty-listing.aspx?ind=Tenenbaum%2c+Evelyn,"""Center for Learning and Development"" remedial intitle:faculty"
Trinity Lutheran School,Faculty and Staff - Trinity Lutheran Church,http://www.trinityjc.org/school/faculty-and-staff/,"""Trinity Lutheran School"" remedial intitle:faculty"
Madison Public Schools,Liberal and Creative Arts Faculty - Manchester Community ...,https://www.manchestercc.edu/academics/divisions/liberal-arts/lca-faculty/,"""Madison Public Schools"" remedial intitle:faculty"
St. Mary's School,Faculty & Staff : St. Mary's Catholic School of Waterford,http://smswaterford.org/faculty-staff/,"""St. Mary's School"" remedial intitle:faculty"
Henry County Schools,Coaches Handbook California Faculty Association,https://www.hioxcloud.com/getpdf/coaches-handbook-california-faculty-association.pdf,"""Henry County Schools"" remedial intitle:faculty"
Midland ISD,TCTA Convention - Pinterest,https://www.pinterest.com/pin/204984220511492319/,"""Midland ISD"" remedial intitle:faculty"
Curriculum Services,Faculty(Senate(Status(Report(for(201362014 10/10/14,https://www.kent.edu/sites/default/files/file/Faculty%20Senate%20Actions%20Report_2013-2014.pdf,"""Curriculum Services"" remedial intitle:faculty"
Rise Academy,This faculty-created website for an upper-level college ...,https://www.pinterest.com/pin/25332816629379954/,"""Rise Academy"" remedial intitle:faculty"
The Learning Center,Faculty Introduction to Supplemental Instruction ...,https://home.fredonia.edu/tlc/faculty-supplemental,"""The Learning Center"" remedial intitle:faculty"
