Lima City Schools,Staff - Ohio Coalition for the Education of Children with ...,http://www.ocecd.org/Staff.aspx,"""Lima City Schools"" remedial intitle:staff"
Central Elementary School,Central Elementary School » Central School Welcomes New Staff,http://www2.wall.k12.nj.us/cn/2014/09/12/central-school-welcomes-new-staff/,"""Central Elementary School"" remedial intitle:staff"
Jefferson Elementary,Instructional / Staff / Remedial Assistant and Health Room ...,https://www.eastpennsd.org/hr/substitutes/instructional-staff-assistant-substitutes/,"""Jefferson Elementary"" remedial intitle:staff"
Germantown School District,Sharing COEHS Insights with faculty and staff,https://mbasic.facebook.com/notes/wiu-college-of-education-and-human-services/sharing-coehs-insights-with-faculty-and-staff/189128793545/,"""Germantown School District"" remedial intitle:staff"
Lincoln County School District,"Full text of ""ERIC ED276699: Linking Staff Development and ...",https://archive.org/stream/ERIC_ED276699/ERIC_ED276699_djvu.txt,"""Lincoln County School District"" remedial intitle:staff"
Good Shepherd School,Staff Directory & Websites | Greater Woonsocket Catholic ...,http://gwcrs.org/good-shepherd/staff-directory-homework-links,"""Good Shepherd School"" remedial intitle:staff"
Metropolitan Community College,"Nice Hotel, Clean Rooms, Great Staff! - Review of Hampton ...",https://www.tripadvisor.com/ShowUserReviews-g60885-d887151-r460762947-Hampton_Inn_Suites_Omaha_Downtown-Omaha_Nebraska.html,"""Metropolitan Community College"" remedial intitle:staff"
Bloomfield College,Alcohol and Other Drugs (AOD) Policies and Procedures for ...,http://www.bloomfield.edu/sites/default/files/common/AOD.pdf,"""Bloomfield College"" remedial intitle:staff"
Western Elementary,"Hub rouses teachers, staff at rally | News | news-graphic.com",http://www.news-graphic.com/news/hub-rouses-teachers-staff-at-rally/article_09e12b10-7d32-11e7-a587-cb44e675845a.html,"""Western Elementary"" remedial intitle:staff"
Jefferson Elementary,Instructional / Staff / Remedial Assistant and Health Room ...,https://www.eastpennsd.org/hr/substitutes/instructional-staff-assistant-substitutes/,"""Jefferson Elementary"" remedial intitle:staff"
Valley Christian School,Mr. John Davis | Administration | Faculty & Staff | About ...,https://www.heritagechristianschools.org/about-hcs/faculty-staff/administration/mr-john-davis,"""Valley Christian School"" remedial intitle:staff"
Metropolitan Community College,"Nice Hotel, Clean Rooms, Great Staff! - Review of Hampton ...",https://www.tripadvisor.com/ShowUserReviews-g60885-d887151-r460762947-Hampton_Inn_Suites_Omaha_Downtown-Omaha_Nebraska.html,"""Metropolitan Community College"" remedial intitle:staff"
Newton Elementary,Staff Directory - newton.k12.in.us,http://www.newton.k12.in.us/index.php/faculty/staff-directory,"""Newton Elementary"" remedial intitle:staff"
Howard Elementary,"A. Staff Matters - Unclassified BE IT RESOLVED, that the ...",http://www.albanyschools.org/district/board/2014-15/8-21/HR.report.pdf,"""Howard Elementary"" remedial intitle:staff"
St. Aloysius,St Aloysius High School » Send off to our Retiring Staff,http://www.staloysiushighschool.com/en/send-off-to-our-retiring-staff/,"""St. Aloysius"" remedial intitle:staff"
Advantage Academy,Manchester Public Schools: Highland Staff Bios,http://publicschools.manchesterct.gov/page.cfm?p=1004,"""Advantage Academy"" remedial intitle:staff"
Forest Hills Elementary,General Information / Staff Directory,http://www.fhrangers.org/Page/1653,"""Forest Hills Elementary"" remedial intitle:staff"
Highlands School,"HARASSMENT, INTIMIDATION AND BULLYING POLICY AND ...",http://slideplayer.com/slide/4458335/,"""Highlands School"" remedial intitle:staff"
Central High School,Staff Directory / Staff Directory - Andover School,http://www.andovercsd.org/Page/76,"""Central High School"" remedial intitle:staff"
The Roeper School,Meet the New Faculty and Staff | MICDS,https://www.micds.org/page/news-detail?pk=1116146,"""The Roeper School"" remedial intitle:staff"
Saginaw Valley State University,Faculty & Staff - Aim High School,http://www.aimhighschool.com/about_us/faculty_and_staff.php,"""Saginaw Valley State University"" remedial intitle:staff"
Emerson Elementary School,Content Posted in 2016 | Repository for the research and ...,http://scholarworks.umt.edu/2016.html,"""Emerson Elementary School"" remedial intitle:staff"
Delgado Community College,Should Louisiana sell naming rights to fund TOPS? Board of ...,http://www.nola.com/education/index.ssf/2017/01/tops_funding_naming_rights.html,"""Delgado Community College"" remedial intitle:staff"
Atkinson  Elementary,New Staff Fall 2016-2017 / New Staff Fall 2016-2017 - pps.net,https://www.pps.net/domain/2861,"""Atkinson  Elementary"" remedial intitle:staff"
St. Anne's,St Anne's Community Services Staff Manual,http://www.st-annes.org.uk/wp-content/uploads/2015/06/4-1-Health-and-Safety-Policy-22.10.14.pdf,"""St. Anne's"" remedial intitle:staff"
Parker Elementary,Parker Staff List - project#2schoolsite2 - Google Sites,https://sites.google.com/site/project2schoolsite2/parker-staff-list,"""Parker Elementary"" remedial intitle:staff"
Laurelhurst,"<E T=""03"">Acting Manager, Air Traffic Division, Central ...",https://www.gpo.gov/fdsys/pkg/FR-2001-01-31/xml/FR-2001-01-31.xml,"""Laurelhurst"" remedial intitle:staff"
Greenwood Elementary,Kindness on the Road | Chester M. Stephens Elementary ...,https://www.pinterest.com/pin/277041814548508407/,"""Greenwood Elementary"" remedial intitle:staff"
Eastern Oregon University,Wallowa school staff welcomes new teachers - News ...,http://www.wallowa.com/20100902/wallowa-school-staff-welcomes-new-teachers,"""Eastern Oregon University"" remedial intitle:staff"
Holy Trinity,Faculty and Staff – Peace Lutheran Church and School,http://www.peacehartford.org/peace-lutheran-school/faculty-and-staff/,"""Holy Trinity"" remedial intitle:staff"
St. Johns,Staff | ST JOHN'S D.S.G. - PIETERMARITZBURG,https://www.stjohnsdsg.com/our-school/staff/,"""St. Johns"" remedial intitle:staff"
Glencoe Elementary,New Staff Fall 2016-2017 / New Staff Fall 2016-2017,http://www.pps.net/Page/7759,"""Glencoe Elementary"" remedial intitle:staff"
St. Joseph School,"SJS Faculty & Staff | St. Joseph Church | Mantua, OH",https://stjosephmantua.com/sjs-faculty-staff,"""St. Joseph School"" remedial intitle:staff"
Signal Hill,"Burns Cooley Dennis, Inc.: Projects : Staff : A.E. (Eddie ...",http://www.bcdgeo.com/index.php/staff/staff-details/39/,"""Signal Hill"" remedial intitle:staff"
Sandburg Elementary,Staff Directory - Sandburg Elementary School,http://sandburg.lwsd.org/about-us/staff-directory,"""Sandburg Elementary"" remedial intitle:staff"
William Brown,Staff Bios | manoa.hawaii.edu/ExploringOurFluidEarth,https://manoa.hawaii.edu/exploringourfluidearth/staff-bios,"""William Brown"" remedial intitle:staff"
Baker Elementary,Staff: June 2005 - MabryOnline.org,http://mabryonline.org/staff/archives/2005/06/index.html,"""Baker Elementary"" remedial intitle:staff"
North Elementary,washington staff handbook | Adequate Yearly Progress ...,https://www.scribd.com/doc/247953101/washington-staff-handbook,"""North Elementary"" remedial intitle:staff"
center point urbana,Staff Resources | Cedar Rapids Community School District,http://www.cr.k12.ia.us/district-resources/,"""center point urbana"" remedial intitle:staff"
Diagnostic Center,About The Davidson Center Staff | The Davidson Center,http://davidsoncenter.com/about-us/staff/,"""Diagnostic Center"" remedial intitle:staff"
Denison ISD,Faculty and Staff | Immaculate Conception Catholic School ...,https://catholicschooldenton.org/facultystaff,"""Denison ISD"" remedial intitle:staff"
CEAP,Curriculum : Rod & Staff - Pathway - & More - Rod and Staff,https://www.milestonebooks.com/list/Rod_and_Staff_Curriculum/,"""CEAP"" remedial intitle:staff"
SJHS,Staff Directory Results | North Colonie Central School ...,http://www.northcolonie.org/staff-directory-results/,"""SJHS"" remedial intitle:staff"
Waldorf School of Princeton,Faculty & Staff - Waldorf School of Lexington,http://thewaldorfschool.org/faculty-staff/,"""Waldorf School of Princeton"" remedial intitle:staff"
Liberty High School,Support Staff - Boonsboro Elementary School,http://bedfordbnes.sharpschool.net/our_staff/support_staff/,"""Liberty High School"" remedial intitle:staff"
Cedar Lane Elementary School,"Pelczar, Chris - Social Science / Staff home page",https://www.lcps.org/Page/128436,"""Cedar Lane Elementary School"" remedial intitle:staff"
Joliet Junior College,Community College of Philadelphia makes new offer to ...,https://www.communitycollegejobs.com/news-1618-Community_College_of_Philadelphia_makes_new_offer_to_faculty_and_staff_union_with_hopes_of_reaching_contract_agreement.html,"""Joliet Junior College"" remedial intitle:staff"
Cambridge Elementary,31 best Campus staff activities images on Pinterest ...,https://www.pinterest.com/melil03/campus-staff-activities/,"""Cambridge Elementary"" remedial intitle:staff"
Lane School,Teaching Staff - Ancestry.com,http://freepages.history.rootsweb.ancestry.com/~bowesfieldhistory/northcoteteachingstaff.htm,"""Lane School"" remedial intitle:staff"
CSE,Staff Directory / Staff Directory - Andover School,http://www.andovercsd.org/Page/76,"""CSE"" remedial intitle:staff"
Arlington Elementary,District Staff Directory - Duval County Public Schools,https://dcps.duvalschools.org/domain/4845,"""Arlington Elementary"" remedial intitle:staff"
HMR,49 CFR Ch. II (10-1-16 Edition) Federal Railroad ...,https://www.gpo.gov/fdsys/bulkdata/CFR/2016/title-49/CFR-2016-title49-vol4.xml,"""HMR"" remedial intitle:staff"
St. Elizabeth Ann Seton,Staff - Our Lady of Peace,http://www.olpschoollynbrook.org/cms/One.aspx?portalId=55344&pageId=709647,"""St. Elizabeth Ann Seton"" remedial intitle:staff"
St. Patrick School,Faculty and Staff - Our Lady of Peace,http://www.olpschoollynbrook.org/directory/faculty_and_staff,"""St. Patrick School"" remedial intitle:staff"
Corpus Christi School,Faculty & Staff – Corpus Christi Catholic School,http://cccschambersburg.org/faculty-staff/,"""Corpus Christi School"" remedial intitle:staff"
Mitchell College,The University of Connecticut football coaching staff,http://www.universityofconnecticut.org/The-University-of-Connecticut-football-coaching-staff.php,"""Mitchell College"" remedial intitle:staff"
Western Christian.org,Western Christian Schools | Private Schools in Claremont ...,https://www.westernchristian.org/page,"""Western Christian.org"" remedial intitle:staff"
Saint James School,Baltimore Sun prints subject listing - Library Staff Wiki ...,https://wiki.umbc.edu/display/library/Baltimore+Sun+prints+subject+listing,"""Saint James School"" remedial intitle:staff"
Christopher Thomas,Former Chief of Staff to Ex-New York State Senator Pleads ...,http://www.newyorkparalegalblog.com/2011/09/former-chief-of-staff-to-ex-new-york.html,"""Christopher Thomas"" remedial intitle:staff"
St. Joseph,St. Joseph Catholic Church: Our Faculty & Staff,http://sjccs.net/115,"""St. Joseph"" remedial intitle:staff"
Trinity Christian,Teachers and Staff - EAST PALMYRA CHRISTIAN SCHOOL,http://www.eastpalmyrachristianschool.com/teachers-2/,"""Trinity Christian"" remedial intitle:staff"
St. Jude,Staff : Linden Seventh-Day Adventist School Laurelton NY,http://an4f65.adventistschoolconnect.org/article/3/staff,"""St. Jude"" remedial intitle:staff"
Immaculate Conception,Faculty and Staff | Immaculate Conception Catholic School ...,https://catholicschooldenton.org/facultystaff,"""Immaculate Conception"" remedial intitle:staff"
District 2,Stuyvesant High School - District 2 - InsideSchools,https://insideschools.org/school/02M475,"""District 2"" remedial intitle:staff"
Cassie,Central School Welcomes New Staff - wall.k12.nj.us,http://www2.wall.k12.nj.us/cn/2014/09/12/central-school-welcomes-new-staff/,"""Cassie"" remedial intitle:staff"
Wakefield School,Staff - Wakefield School,http://www.wakefield.school.nz/our-school/staff-organisation-2016/,"""Wakefield School"" remedial intitle:staff"
Indian Trail Elementary School,Staff Support | Schoolinfosystem.org | Page 2,http://www.schoolinfosystem.org/category/staff-support/page/2/,"""Indian Trail Elementary School"" remedial intitle:staff"
Glendale Elementary,GESD Staff Update: September 2015,http://gesdstaffupdate.blogspot.com/2015/09/,"""Glendale Elementary"" remedial intitle:staff"
Fairview Elementary,Staff Biographies - North Windy Ridge Intermediate,https://nwris.buncombeschools.org/academics/title_one_and_parent_information/staff_biographies,"""Fairview Elementary"" remedial intitle:staff"
Brighton School,The pain of pink slips: district budget crises are leading ...,https://www.thefreelibrary.com/The+pain+of+pink+slips%3a+district+budget+crises+are+leading+to+fewer...-a0123581711,"""Brighton School"" remedial intitle:staff"
The Hill School,"Faculty & Staff | The Hill School of Middleburg, VA",http://www.thehillschool.org/faculty-staff/,"""The Hill School"" remedial intitle:staff"
Josephine,"A. Staff Matters - Unclassified BE IT RESOLVED, that the ...",http://www.albanyschools.org/district/board/2014-15/3-19/HumanResourceAddendum.pdf,"""Josephine"" remedial intitle:staff"
Eastside Elementary,AUGUSTA RANCH’S RATTLER NEWS September 2013 Principal’s ...,http://slideplayer.com/slide/4505258/,"""Eastside Elementary"" remedial intitle:staff"
Valley Middle School,AuSable Valley Central School District Buildings and ...,http://avcs.org/District/161012%20-%20Lead%20in%20Schools%20Parent%20Letter%20(AFE).pdf,"""Valley Middle School"" remedial intitle:staff"
Special Education Services,Definition of roles: Teachers and support staff | Greater ...,http://www.johnstownschools.org/academics/special-education/definition-roles-teachers-support-staff/,"""Special Education Services"" remedial intitle:staff"
Lincoln Elementary School,Little Falls School Board hears proposals on staff ...,http://mcrecord.com/2012/05/17/little-falls-school-board-hears-proposals-on-staff-position-reductions-and-transfers/,"""Lincoln Elementary School"" remedial intitle:staff"
Renaissance Academy,Middle & High – Faculty & Staff – Renaissance Academy,http://www.racademy.org/apps/pages/index.jsp?type=d&uREC_ID=361280&pREC_ID=786191,"""Renaissance Academy"" remedial intitle:staff"
North High School,Staff Directory Results | North Colonie Central School ...,http://www.northcolonie.org/staff-directory-results/,"""North High School"" remedial intitle:staff"
Lyman Elementary School,RSD13 - John Lyman Elementary School - Staff E-mail,http://lyman.rsd13ct.org/About-Us/Staff-E-mail/index.html,"""Lyman Elementary School"" remedial intitle:staff"
Lexington High School,Faculty & Staff - Waldorf School of Lexington,http://thewaldorfschool.org/faculty-staff/,"""Lexington High School"" remedial intitle:staff"
OIS,Oregon DHS Staff Tools - dhs.state.or.us,http://www.dhs.state.or.us/tools/acronyms_01.html,"""OIS"" remedial intitle:staff"
Private Tutoring,Private Tutoring in Northern Virginia: An FAQ Interview ...,https://brambletonbuzz.wordpress.com/2008/04/21/private-tutoring-faq-virginia-dc-maryland-tutors/,"""Private Tutoring"" remedial intitle:staff"
Lewisburg Area High School,Staff Directory – Lewisburg Area School District,http://www.lasd.us/staff-directory/,"""Lewisburg Area High School"" remedial intitle:staff"
Jubilee,Program Staff Information - heal-online.org,http://www.heal-online.org/jubilee.htm,"""Jubilee"" remedial intitle:staff"
Columbus City Schools,How Well Is Your State Improving High School Graduation ...,http://blogs.edweek.org/edweek/inside-school-research/2017/12/how_well_is_your_state_improving_graduation_rates.html,"""Columbus City Schools"" remedial intitle:staff"
Ohio Department of Education,Staff - Ohio Coalition for the Education of Children with ...,http://www.ocecd.org/Staff.aspx,"""Ohio Department of Education"" remedial intitle:staff"
DoDDS,Staff Directory - About the Colorado Department of Higher ...,http://highered.colorado.gov/DHE/directory.asp,"""DoDDS"" remedial intitle:staff"
Lakeside Union Elementary,EARLY STAFF REPORT RELEASE FOR 11/29/2017 City Attorney,http://www.menlopark.org/DocumentCenter/Home/View/16036,"""Lakeside Union Elementary"" remedial intitle:staff"
Guilford Elementary School,"Pelczar, Chris - Social Science / Staff home page",https://www.lcps.org/Page/128436,"""Guilford Elementary School"" remedial intitle:staff"
St. Thomas the Apostle School,Faculty and Staff - Our Lady of Peace,http://www.olpschoollynbrook.org/directory/faculty_and_staff,"""St. Thomas the Apostle School"" remedial intitle:staff"
Tecumseh Local Schools,"Carlisle schools staff"" Keyword Found Websites Listing ...",https://www.keyword-suggest-tool.com/search/carlisle+schools+staff/,"""Tecumseh Local Schools"" remedial intitle:staff"
St. Francis Xavier School,Teachers - saintfrancisonline.com,http://www.saintfrancisonline.com/index.php/staff,"""St. Francis Xavier School"" remedial intitle:staff"
Franklin Elementary,Pupil Services Staff - Stratford Public Schools,http://www.stratfordk12.org/districtinfo/pupil-personnel-servicesspecial-education/pupil-services-staff,"""Franklin Elementary"" remedial intitle:staff"
St. Paul Lutheran School,Our Staff - Our Redeemer Lutheran Church,http://orlctosa.org/church/church-staff/,"""St. Paul Lutheran School"" remedial intitle:staff"
Valley School,Tapti Valley International School Surat :: Teaching Staff,http://www.taptivalleyschool.com/InternationalSchool/Surat/Pages/Teaching-Staff-014.aspx,"""Valley School"" remedial intitle:staff"
Hyde Park Elementary,District Staff Directory - dcps.duvalschools.org,https://dcps.duvalschools.org/domain/4841,"""Hyde Park Elementary"" remedial intitle:staff"
Valdez City Schools,Support Staff - Richland/kennewick/pasco - LinkedIn,https://www.linkedin.com/title/support-staff/richland/kennewick/pasco,"""Valdez City Schools"" remedial intitle:staff"
Meadowlark Elementary,Administrative Staff Websites / Deborah S. Smith ...,http://www.wsfcs.k12.nc.us/Page/11807,"""Meadowlark Elementary"" remedial intitle:staff"
St. Johns School,St John's College Teaching Staff,http://www.stjohns-hamilton.school.nz/Community/Staff,"""St. Johns School"" remedial intitle:staff"
Lawrence School,"Our Faculty & Staff - St. Lawrence School - Lawrenceburg, IN",https://stlschool.com/staff,"""Lawrence School"" remedial intitle:staff"
CHILDREN\'S UNIVERSITY,Meet the teaching staff of the UCD School of Psychology in ...,"https://www.ucd.ie/psychology/lifewithus/teachingstaff/staffname,205659,en.html","""CHILDREN\'S UNIVERSITY"" remedial intitle:staff"
Northwest Classen High School,School Information / Middle School Staff,https://www.okcps.org/Page/2003,"""Northwest Classen High School"" remedial intitle:staff"
Troy City Schools,Staff | Troy City School District,http://www.troycsd.org/school-14/staff/,"""Troy City Schools"" remedial intitle:staff"
Macon County Schools,Multi-Tiered System of Supports (MTSS) for Instructional ...,http://slideplayer.com/slide/10665374/,"""Macon County Schools"" remedial intitle:staff"
Middle Tennessee State University,"Administration, Faculty, and Staff - Nashville State ...",http://catalog.nscc.edu/content.php?catoid=12&navoid=839,"""Middle Tennessee State University"" remedial intitle:staff"
Highland School,Manchester Public Schools: Highland Staff Bios,http://publicschools.manchesterct.gov/page.cfm?p=1004,"""Highland School"" remedial intitle:staff"
Hammond Central School,STAFF DIRECTORY - Hammond Central School District / Homepage,http://ny01913694.schoolwires.net/cms/lib09/NY01913694/Centricity/Domain/163/2015-16%20Student%20Handbook.docx,"""Hammond Central School"" remedial intitle:staff"
St. Augustine School,Saint John Vianney Catholic Church - Staff,http://stjohnv.churchsites.com/staffteacher.asp,"""St. Augustine School"" remedial intitle:staff"
Washington Middle School,Staff - Blades Elementary,http://mehlvillebladeselementary.ss11.sharpschool.com/staff,"""Washington Middle School"" remedial intitle:staff"
Woodward Academy,Clinical Staff – SATUCI,http://www.satuci.com/staff/clinical-staff/,"""Woodward Academy"" remedial intitle:staff"
Trinity School,Staff - Trinity Lutheran Church,http://www.trinityjc.org/about-trinity/staff-2/,"""Trinity School"" remedial intitle:staff"
SD 70,What Is RTI? - JSTOR,http://www.jstor.org/doi/xml/10.1086/659031,"""SD 70"" remedial intitle:staff"
PS 42,ma ludse luids: Topics by Science.gov,https://www.science.gov/topicpages/m/ma+ludse+luids,"""PS 42"" remedial intitle:staff"
LVI,Title 5—Administrative Personnel (This book contains part ...,https://www.gpo.gov/fdsys/bulkdata/CFR/2017/title-5/CFR-2017-title5-vol3.xml,"""LVI"" remedial intitle:staff"
Summit Academy,Excellent Staff - Thanks Anitia - you're the best ...,https://www.tripadvisor.com/ShowUserReviews-g43323-d95709-r413322767-Millennium_Minneapolis-Minneapolis_Minnesota.html,"""Summit Academy"" remedial intitle:staff"
CPSB,Federal Register - GPO,http://www.gpo.gov/fdsys/pkg/FR-2002-10-01/mods.xml,"""CPSB"" remedial intitle:staff"
Rialto Unified School District,District SPRC Workshop: Pastor/Staff/Parish Relations ...,https://www.slideserve.com/elam/district-sprc-workshop-pastor,"""Rialto Unified School District"" remedial intitle:staff"
The Reading Clinic,Produ<td by Offi<t or Information for fatuity nd staff at ...,http://commons.emich.edu/cgi/viewcontent.cgi?article=1316&context=focus,"""The Reading Clinic"" remedial intitle:staff"
BANYAN,Very friendly staff and excellent suite - Review of Banyan ...,https://www.tripadvisor.com/ShowUserReviews-g293916-d302959-r365382466-Banyan_Tree_Bangkok-Bangkok.html,"""BANYAN"" remedial intitle:staff"
Central Elementary,Central Elementary School » Central School Welcomes New Staff,http://www2.wall.k12.nj.us/cn/2014/09/12/central-school-welcomes-new-staff/,"""Central Elementary"" remedial intitle:staff"
Ryan school,CBSE orders psychometric test of all school staff - Times ...,https://timesofindia.indiatimes.com/india/cbse-orders-psychometric-test-of-all-school-staff/articleshow/60504881.cms,"""Ryan school"" remedial intitle:staff"
OLPH,"Full text of ""[Staff responses to comments received on a ...",https://archive.org/stream/staffresponsesto00bost/staffresponsesto00bost_djvu.txt,"""OLPH"" remedial intitle:staff"
Prairie Valley School Division,SLR Consulting (Canada) Ltd Staff Environmental Engineer ...,http://www.catchajob.ca/job/slr-consulting-canada-ltd-staff-environmental-engineer-or-scientist-vancouver-bc-full-time-in-vancouver-bc/,"""Prairie Valley School Division"" remedial intitle:staff"
Logos School,Staff Directory | Logos Academy – A Vibrant Learning ...,https://www.logosyork.org/about/staff-directory,"""Logos School"" remedial intitle:staff"
Elgin Community College,Support Staff of Elgin Community College Association,https://www.facebook.com/ECCsupportstaff/posts/285541595233491,"""Elgin Community College"" remedial intitle:staff"
Trinity Lutheran School,Staff - Trinity Lutheran Church,http://www.trinityjc.org/about-trinity/staff-2/,"""Trinity Lutheran School"" remedial intitle:staff"
Madison Public Schools,Teacher and Professional Staff,https://www.dol.gov/olms/regs/compliance/cba/pdf/cbrp1118.pdf,"""Madison Public Schools"" remedial intitle:staff"
West Branch Rose City Area Schools,River Valley School Board adds five staff members | News ...,http://www.harborcountry-news.com/news/river-valley-school-board-adds-five-staff-members/article_13697d17-352d-5cad-a74c-a9fa75b65c6f.html,"""West Branch Rose City Area Schools"" remedial intitle:staff"
St. Mary's School,Faculty & Staff : St. Mary's Catholic School of Waterford,http://smswaterford.org/faculty-staff/,"""St. Mary's School"" remedial intitle:staff"
Learning with a Difference,Macquarie University Staff News,https://www.mq.edu.au/staffnews/archive/05/stafnews15.html,"""Learning with a Difference"" remedial intitle:staff"
Curriculum Services,Staff Directory - CAIU,http://www.caiu.org/about/employee-list,"""Curriculum Services"" remedial intitle:staff"
The Learning Center,Associate Director of the Chalon Learning Center ...,https://main.hercjobs.org/jobs/10540581/associate-director-of-the-chalon-learning-center,"""The Learning Center"" remedial intitle:staff"
Weatherford ISD,Thanks to Children's Reading Foundation staff and U.S ...,https://www.pinterest.com/pin/207024914093275994/,"""Weatherford ISD"" remedial intitle:staff"
