Lima City Schools,Bonnie Brown at Virginia Commonwealth University Contact ...,https://leadferret.com/directory/person/bonnie-brown/13171215,"""Lima City Schools"" ""Special Ed"" intitle:contact"
Central Elementary School,Contact Information - Central Union School District,http://www.central.k12.ca.us/contact_information,"""Central Elementary School"" ""Special Ed"" intitle:contact"
Horizon Charter School,Brenda Clark at Central Garden and Pet Contact Details ...,https://leadferret.com/directory/person/brenda-clark/16877834,"""Horizon Charter School"" ""Special Ed"" intitle:contact"
Concord School District,Contact - Concord School District,https://sau8.ss7.sharpschool.com/departments/sshs/contact,"""Concord School District"" ""Special Ed"" intitle:contact"
Jefferson Elementary,Special Education / Contact Information,http://www.hcisd.org/special_education,"""Jefferson Elementary"" ""Special Ed"" intitle:contact"
Humble ISD,Teacher-student sex scandals of 2017 that made headlines ...,http://www.chron.com/news/houston-texas/article/Texas-teacher-student-sex-scandals-of-2017-12396891.php,"""Humble ISD"" ""Special Ed"" intitle:contact"
Hickory Flat Elementary,Technology & Information Services Contact Info – Cherokee ...,http://cherokeek12.net/divisions/technology-and-information-services/contact-info/,"""Hickory Flat Elementary"" ""Special Ed"" intitle:contact"
Arlington ISD,About Birdville ISD / Contact Us,http://www.birdvilleschools.net/Page/31497,"""Arlington ISD"" ""Special Ed"" intitle:contact"
East End Elementary,Contact Information - Wilmington City Schools,http://www.wilmington.k12.oh.us/contact,"""East End Elementary"" ""Special Ed"" intitle:contact"
Rio Elementary School District,"Contact Information - Rio Community School District, Rio, WI",http://www.rio.k12.wi.us/District/contact.html,"""Rio Elementary School District"" ""Special Ed"" intitle:contact"
Oneida Baptist Institute,Joel Miller at Missouri Association of School ...,https://leadferret.com/directory/person/joel-miller/500658074,"""Oneida Baptist Institute"" ""Special Ed"" intitle:contact"
Germantown School District,Ashwaubenon School District - Contact Us and Hours,http://www.ashwaubenon.k12.wi.us/contactus_do.cfm,"""Germantown School District"" ""Special Ed"" intitle:contact"
Lincoln County School District,Contact MDE - Mississippi Department of Education,http://www.mde.k12.ms.us/contact-mde,"""Lincoln County School District"" ""Special Ed"" intitle:contact"
Sumter School District,Debbie Thomas at Greenville County Schools Contact Details ...,https://leadferret.com/directory/person/debbie-thomas/500547930,"""Sumter School District"" ""Special Ed"" intitle:contact"
Hays CISD,Special Education District Parent Liaison Contact Information,http://www4.esc13.net/uploads/parent_involvement/docs/2008-09_family_liaison_contact.pdf,"""Hays CISD"" ""Special Ed"" intitle:contact"
Alexander Elementary School,Contact Us / Contact Us - Hamilton Township School District,http://www.hamilton.k12.nj.us/schools.cfm,"""Alexander Elementary School"" ""Special Ed"" intitle:contact"
Burbank USD,Contact Info • Contact - David Starr Jordan Middle School,http://www.burbankusd.org/DSJMS/Contact/,"""Burbank USD"" ""Special Ed"" intitle:contact"
Metropolitan Community College,Timothy O'Donnell at Kyrene Elementary School District ...,https://leadferret.com/directory/person/timothy-o'donnell/35108275,"""Metropolitan Community College"" ""Special Ed"" intitle:contact"
New Road School of Somerset,Contact Us :: The Alliance of Private Special Education ...,https://specialeducationalliancenj.org/contact-us/,"""New Road School of Somerset"" ""Special Ed"" intitle:contact"
Mary Wright,Contact Us / Contact Us - Hamilton Township School District,http://www.hamilton.k12.nj.us/schools.cfm,"""Mary Wright"" ""Special Ed"" intitle:contact"
Bloomfield College,Jorge Fernandez at Miami-Dade County Public Schools ...,https://leadferret.com/directory/person/jorge-fernandez/501094156,"""Bloomfield College"" ""Special Ed"" intitle:contact"
Western Elementary,Contact Us/Telephone Directory - Prince William County Publ...,https://www.pwcs.edu/about_us/contact_us/,"""Western Elementary"" ""Special Ed"" intitle:contact"
Jefferson Elementary,Special Education / Contact Information,http://www.hcisd.org/special_education,"""Jefferson Elementary"" ""Special Ed"" intitle:contact"
Harmony Science Academy,Special Education District Parent Liaison Contact Information,http://www4.esc13.net/uploads/parent_involvement/docs/2008-09_family_liaison_contact.pdf,"""Harmony Science Academy"" ""Special Ed"" intitle:contact"
Valley Christian School,"115 E Main St - Auburn, WA | Apartment Finder",https://www.apartmentfinder.com/Washington/Auburn-Apartments/115-E-Main-St-Apartments-gftlf6y,"""Valley Christian School"" ""Special Ed"" intitle:contact"
Metropolitan Community College,Timothy O'Donnell at Kyrene Elementary School District ...,https://leadferret.com/directory/person/timothy-o'donnell/35108275,"""Metropolitan Community College"" ""Special Ed"" intitle:contact"
Newton Elementary,Newton County Schools > About > Contact Us > Central ...,http://www.newtoncountyschools.org/about/contact-us/central-office-department.aspx,"""Newton Elementary"" ""Special Ed"" intitle:contact"
Howard Elementary,Tim Hall at Grace J/SHS Contact Details | LeadFerret.com,https://leadferret.com/directory/person/tim-hall/26821350,"""Howard Elementary"" ""Special Ed"" intitle:contact"
Holy Trinity School,Thurlby Primary School - How to contact us,http://www.thurlby.lincs.sch.uk/contact.asp,"""Holy Trinity School"" ""Special Ed"" intitle:contact"
St. Aloysius,Mark Davis at St Aloysius Catholic Church Contact Details ...,https://leadferret.com/directory/person/mark-davis/28420800,"""St. Aloysius"" ""Special Ed"" intitle:contact"
Floyd Elementary,AST - Who we are and contact info - Floyd County Public ...,http://intranet.floyd.k12.va.us/specialed/index_files/Page1533.htm,"""Floyd Elementary"" ""Special Ed"" intitle:contact"
Highlands School,Skyward Customer Reviews - School Management Software,https://www.skyward.com/discover/customer-reviews,"""Highlands School"" ""Special Ed"" intitle:contact"
Lakeview Christian School,Contact Learning Connection Support,https://learningconnection.doe.in.gov/ContactSupport.aspx,"""Lakeview Christian School"" ""Special Ed"" intitle:contact"
Madison Oneida BOCES,Contact Us / Contact Information - Oneida-Herkimer-Madison ...,http://www.oneida-boces.org/Page/396,"""Madison Oneida BOCES"" ""Special Ed"" intitle:contact"
Holy Rosary Catholic School,Jennifer Hanser at University of Wisconsin System Contact ...,https://leadferret.com/directory/person/jennifer-hanser/8141981,"""Holy Rosary Catholic School"" ""Special Ed"" intitle:contact"
Sally Christian,Paula Patterson at The MITRE Corporation Contact Details ...,https://leadferret.com/directory/person/paula-patterson/8710909,"""Sally Christian"" ""Special Ed"" intitle:contact"
Central High School,Contact | Springfield Central High School,http://springfieldcentral.com/contact/index.html,"""Central High School"" ""Special Ed"" intitle:contact"
Bergen Arts and Science,Contact Us - Bergen,https://bcts.bergen.org/index.php/contact-us,"""Bergen Arts and Science"" ""Special Ed"" intitle:contact"
Saginaw Valley State University,Contact Us - UNC School of Law,http://www.law.unc.edu/admissions/contact/,"""Saginaw Valley State University"" ""Special Ed"" intitle:contact"
Greenville Elementary,Greenville Elementary Staff Contact page - gv.bears.k12.mo.us,http://www.gv.bears.k12.mo.us/elementary/teacher-pages,"""Greenville Elementary"" ""Special Ed"" intitle:contact"
Edu-Prize,Contact Us - EDUPRIZE | Arizona Charter Schools,https://www.eduprizeschools.net/contact/,"""Edu-Prize"" ""Special Ed"" intitle:contact"
Alice Morgan,Charles Wood at John Carroll University (inc) Contact ...,https://leadferret.com/directory/person/charles-wood/11053270,"""Alice Morgan"" ""Special Ed"" intitle:contact"
Murray School,Contact Me - Saunders Middle School,https://saundersms.pwcs.edu/departments/Learn-Act/tracy_annunziata_-_8th_special_ed/contact_me,"""Murray School"" ""Special Ed"" intitle:contact"
Emerson Elementary School,Staff e-mail contact list | Emerson Elementary School,https://emerson.madison.k12.wi.us/node/15,"""Emerson Elementary School"" ""Special Ed"" intitle:contact"
Delgado Community College,Pamela Thompson at Rapides Parish School District Contact ...,https://leadferret.com/directory/person/pamela-thompson/26868732,"""Delgado Community College"" ""Special Ed"" intitle:contact"
Durham Public Schools,DUSD – Durham Unified School District - Contact Us,http://www.durhamunified.org/Contact-Us/index.html,"""Durham Public Schools"" ""Special Ed"" intitle:contact"
Atkinson  Elementary,Special Education / Contact Us - Portland Public Schools,http://www.pps.net/Page/622,"""Atkinson  Elementary"" ""Special Ed"" intitle:contact"
Mixon Elementary,Newton County Schools > About > Contact Us > Central ...,http://www.newtoncountyschools.org/about/contact-us/central-office-department.aspx,"""Mixon Elementary"" ""Special Ed"" intitle:contact"
Maxfield Elementary,Contact Us / Contact Us - Saint Paul Public Schools,https://www.spps.org/Domain/10704,"""Maxfield Elementary"" ""Special Ed"" intitle:contact"
Centennial Park School,Curriculum Contact Information - Centennial School District,http://csd28j.org/contact-us/curriculum-contact-information/,"""Centennial Park School"" ""Special Ed"" intitle:contact"
Addison Elementary,Connie Thomas at The Board of Education of Independent ...,https://leadferret.com/directory/person/connie-thomas/10456378,"""Addison Elementary"" ""Special Ed"" intitle:contact"
Parker Elementary,School Information / Contact Us,http://www.houstonisd.org/icon_contact_horn,"""Parker Elementary"" ""Special Ed"" intitle:contact"
Laurelhurst,Contact Us - Seattle Public Schools,https://seattleschools.org/cms/One.aspx?portalId=627&pageId=3002769,"""Laurelhurst"" ""Special Ed"" intitle:contact"
Fuller School,Jennifer Wilson at Denver Public Schools Contact Details ...,https://leadferret.com/directory/person/jennifer-wilson/500641333,"""Fuller School"" ""Special Ed"" intitle:contact"
Marion School District,Ashwaubenon School District - Contact Us and Hours,http://www.ashwaubenon.k12.wi.us/contactus_do.cfm,"""Marion School District"" ""Special Ed"" intitle:contact"
Greenwood Elementary,Contact Caleb Greenwood Elementary - Caleb Greenwood ...,http://calebgreenwood.scusd.edu/general-information/contact-caleb-greenwood-elementary,"""Greenwood Elementary"" ""Special Ed"" intitle:contact"
Ford Elementary,Special Education / Contact Information,http://www.rcsdk8.net/Page/183,"""Ford Elementary"" ""Special Ed"" intitle:contact"
Eastern Oregon University,Contact Us - UNC School of Law,http://www.law.unc.edu/admissions/contact/,"""Eastern Oregon University"" ""Special Ed"" intitle:contact"
Legacy Academy,Cindy Brown at Cedar Rapids Community Schools Contact ...,https://leadferret.com/directory/person/cindy-brown/19325791,"""Legacy Academy"" ""Special Ed"" intitle:contact"
Holy Trinity,Contact | Ministry Of Education,http://www.moe.gov.jm/contact,"""Holy Trinity"" ""Special Ed"" intitle:contact"
St. Johns,Contact School - St. Johns Middle School,http://ms.sjusd.net/cms/One.aspx?portalId=759890&pageId=759919,"""St. Johns"" ""Special Ed"" intitle:contact"
Good Shepherd Christian Academy,Contact Learning Connection Support,https://learningconnection.doe.in.gov/ContactSupport.aspx,"""Good Shepherd Christian Academy"" ""Special Ed"" intitle:contact"
Easton Middle School,For ALL REGISTRATIONS (unless otherwise Easton Julie Shine ...,http://www.easton.k12.ma.us/EU%20WINTER%202016-2017%20update.pdf,"""Easton Middle School"" ""Special Ed"" intitle:contact"
Wayne Elementary,Fort Wayne Community Schools - Contact Us,https://www.fwcs.k12.in.us/contact/contact.php,"""Wayne Elementary"" ""Special Ed"" intitle:contact"
Glencoe Elementary,Special Education / Contact Us - Portland Public Schools,http://www.pps.net/Page/622,"""Glencoe Elementary"" ""Special Ed"" intitle:contact"
St. Joseph School,Autorino Center - Contact Us | University of Saint Joseph ...,http://www.usj.edu/arts/performing-arts/contact-us/,"""St. Joseph School"" ""Special Ed"" intitle:contact"
Holbrook Elementary,"Tingey, Connee (Special Ed.) / Schedule/Contact",http://www.davis.k12.ut.us/Page/52796,"""Holbrook Elementary"" ""Special Ed"" intitle:contact"
Signal Hill,Contact Us/Telephone Directory - Prince William County Publ...,https://www.pwcs.edu/about_us/contact_us/,"""Signal Hill"" ""Special Ed"" intitle:contact"
William Brown,William Brown at Arizona State University Contact Details ...,https://leadferret.com/directory/person/william-brown/8109246,"""William Brown"" ""Special Ed"" intitle:contact"
Bart Johnson,Eric Johnson at Oregon University System Contact Details ...,https://leadferret.com/directory/person/eric-johnson/11220288,"""Bart Johnson"" ""Special Ed"" intitle:contact"
Baker Elementary,Lisa Baker at Houston County Board of Education Contact ...,https://leadferret.com/directory/person/lisa-baker/14201388,"""Baker Elementary"" ""Special Ed"" intitle:contact"
North Elementary,Contact Info - marshall.k12.il.us,http://marshall.k12.il.us/schools/south-elementary-school/contact-info,"""North Elementary"" ""Special Ed"" intitle:contact"
Halifax County Public Schools,Patricia Martin at Ventura County Office of Education ...,https://leadferret.com/directory/person/patricia-martin/25026670,"""Halifax County Public Schools"" ""Special Ed"" intitle:contact"
Crest  Elementary School,Staff Contact Information – Evergreen Elementary School,http://evergreen.silverfallsschools.org/staff-contact-information/,"""Crest  Elementary School"" ""Special Ed"" intitle:contact"
Glasgow Middle School,Contact Us | Fairfax County Public Schools,https://www.fcps.edu/contact-us,"""Glasgow Middle School"" ""Special Ed"" intitle:contact"
MHLT,Contact Us - Minocqua J1 School District - mhlt.org,http://www.mhlt.org/district/contact_us/,"""MHLT"" ""Special Ed"" intitle:contact"
Marshall Middle School,Staff Contact - Marshall Public Schools,http://www.marshallschools.org/mms/msstaffcontact.cfm?dosearch=1,"""Marshall Middle School"" ""Special Ed"" intitle:contact"
St. Paul's Episcopal School,David Hughes at Simpson County Board of Education Contact ...,https://leadferret.com/directory/person/david-hughes/19686015,"""St. Paul's Episcopal School"" ""Special Ed"" intitle:contact"
Rockbrook Elementary,Staff Directory / Contact Us - Lewisville ISD / Homepage,https://www.lisd.net/Page/187,"""Rockbrook Elementary"" ""Special Ed"" intitle:contact"
Diagnostic Center,Burkhart Center for Autism Education & Research | Burkhart ...,https://www.depts.ttu.edu/burkhartcenter/,"""Diagnostic Center"" ""Special Ed"" intitle:contact"
CEAP,Kevin Donovan at Fifth Third Bank Contact Details ...,https://leadferret.com/directory/person/kevin-donovan/500218204,"""CEAP"" ""Special Ed"" intitle:contact"
Garden city Community College,Jennifer Anderson at State of Alabama Department Of ...,https://leadferret.com/directory/person/jennifer-anderson/34691968,"""Garden city Community College"" ""Special Ed"" intitle:contact"
Maude Saunders Elementary,Contact - Walton County School District,http://www.walton.k12.fl.us/contact,"""Maude Saunders Elementary"" ""Special Ed"" intitle:contact"
Marshall Elementary School,Contact Us/Telephone Directory - Prince William County Publ...,https://www.pwcs.edu/about_us/contact_us/,"""Marshall Elementary School"" ""Special Ed"" intitle:contact"
Defiance Elementary School,Contact Us - Tacoma Public Schools,https://www.tacomaschools.org/contact/Pages/default.aspx,"""Defiance Elementary School"" ""Special Ed"" intitle:contact"
Liberty High School,Contact Information - Wilmington City Schools,http://www.wilmington.k12.oh.us/contact,"""Liberty High School"" ""Special Ed"" intitle:contact"
Hilltop Elementary,Contact Information - West Virginia Department of Education,https://wvde.state.wv.us/webmaster.html,"""Hilltop Elementary"" ""Special Ed"" intitle:contact"
Cedar Lane Elementary School,Pupil Services / Special Education Contact Information,http://www.lcps.org/page/1038,"""Cedar Lane Elementary School"" ""Special Ed"" intitle:contact"
St Pius X,High Schools File Download - public high schools and ...,https://high-schools.com/data-request.html,"""St Pius X"" ""Special Ed"" intitle:contact"
Lamar Elementary School,Contact Me - Coronado High School,http://coronado.episd.org/directory/special_ed/puentes-_montes__virginia/contact_me/,"""Lamar Elementary School"" ""Special Ed"" intitle:contact"
Roanoke Public Schools,"David Baker at Caroline County Public Schools, Virginia ...",https://leadferret.com/directory/person/david-baker/19754674,"""Roanoke Public Schools"" ""Special Ed"" intitle:contact"
Joliet Junior College,Ed Johnson at Superior Sch Dist Contact Details ...,https://leadferret.com/directory/person/ed-johnson/20330144,"""Joliet Junior College"" ""Special Ed"" intitle:contact"
Crenshaw Elementary,PTO / Contact Information - cvisd.org,http://www.cvisd.org/Page/3964,"""Crenshaw Elementary"" ""Special Ed"" intitle:contact"
Lane School,About Us / Contact Information - Hicksville High School,http://www.hicksvillepublicschools.org/Page/4396,"""Lane School"" ""Special Ed"" intitle:contact"
CSE,Contact Us:Special Education:EMSC::NYSED,http://www.p12.nysed.gov/specialed/contacts.htm,"""CSE"" ""Special Ed"" intitle:contact"
Arlington Elementary,Fort Wayne Community Schools - Contact Us,https://www.fortwayneschools.org/contact/contact.php,"""Arlington Elementary"" ""Special Ed"" intitle:contact"
HMR,titleDepartments http://www.msd.k12.ca.us/index.php ...,http://www.msd.k12.ca.us/index.php/departments/food-services/5-district/information?format=feed&type=atom,"""HMR"" ""Special Ed"" intitle:contact"
Tammy Elliott,lora reinbold at Anchorage School District Contact Details ...,https://leadferret.com/directory/person/lora-reinbold/501302582,"""Tammy Elliott"" ""Special Ed"" intitle:contact"
St. Elizabeth Ann Seton,Non-Public School Contact Information - 2017-18 Hastings ...,http://seas-school.org/media/1/Non-Public%20School%20Contact%20Information%2017-18.pdf,"""St. Elizabeth Ann Seton"" ""Special Ed"" intitle:contact"
Odessa School District 105,Douglas Johnson at Chesterfield County Public Schools ...,https://leadferret.com/directory/person/douglas-johnson/502427069,"""Odessa School District 105"" ""Special Ed"" intitle:contact"
St. Stephen School,Brian Johnson at Chicago Public Schools Contact Details ...,https://leadferret.com/directory/person/brian-johnson/500472701,"""St. Stephen School"" ""Special Ed"" intitle:contact"
Corpus Christi School,Contact Us,http://www.hwcdsb.ca/contactus/,"""Corpus Christi School"" ""Special Ed"" intitle:contact"
Mitchell College,Contact Us - UNC School of Law,http://www.law.unc.edu/admissions/contact/,"""Mitchell College"" ""Special Ed"" intitle:contact"
Western Christian.org,Western Christian Schools | Private Schools in Claremont ...,https://www.westernchristian.org/page,"""Western Christian.org"" ""Special Ed"" intitle:contact"
Carver Public Schools,Contact Information | Carver Public Schools,http://carver.org/contact-information/,"""Carver Public Schools"" ""Special Ed"" intitle:contact"
Jackson County School District,Jeff Johnson at Cecil County Board-Education Contact ...,https://leadferret.com/directory/person/jeff-johnson/13476322,"""Jackson County School District"" ""Special Ed"" intitle:contact"
Christopher Thomas,David Hanson at Upmc Contact Details | LeadFerret.com,https://leadferret.com/directory/person/david-hanson/9115294,"""Christopher Thomas"" ""Special Ed"" intitle:contact"
Calvin Christian School,"Chowen Plaza - Minneapolis, MN | Apartment Finder",https://www.apartmentfinder.com/Minnesota/Minneapolis-Apartments/Chowen-Plaza-Apartments,"""Calvin Christian School"" ""Special Ed"" intitle:contact"
St. Joseph,Contact Us :: The Alliance of Private Special Education ...,https://specialeducationalliancenj.org/contact-us/,"""St. Joseph"" ""Special Ed"" intitle:contact"
MultiCultural Resource Center,Teresa Williams at Kansas State University Contact Details ...,https://leadferret.com/directory/person/teresa-williams/501826187,"""MultiCultural Resource Center"" ""Special Ed"" intitle:contact"
Gregg County SSA,Contact Information / Home - sabineisd.org,https://www.sabineisd.org/Page/198,"""Gregg County SSA"" ""Special Ed"" intitle:contact"
Trinity Christian,Contact Us - Trinity Christian College Adult Studies,http://adultstudies.trnty.edu/geninfo/contactus,"""Trinity Christian"" ""Special Ed"" intitle:contact"
St. Jude,"Brian Hansen at St. Jude Medical, Inc. Contact Details ...",https://leadferret.com/directory/person/brian-hansen/18473456,"""St. Jude"" ""Special Ed"" intitle:contact"
Champlin Park High School,Bridges / Contact the Staff - Anoka-Hennepin School ...,http://www.ahschools.us/Page/26431,"""Champlin Park High School"" ""Special Ed"" intitle:contact"
Immaculate Conception,"512 N 1st St - Mount Vernon, WA | Apartment Finder",https://www.apartmentfinder.com/Washington/Mount-Vernon-Apartments/512-N-1st-St-Apartments-63knttr,"""Immaculate Conception"" ""Special Ed"" intitle:contact"
District 2,Contact Us - NDSEC,http://ndsec.org/index.php?option=com_content&view=article&id=16&Itemid=46,"""District 2"" ""Special Ed"" intitle:contact"
Cassie,EI/ECSE Contact Information - Oregon,http://www.ode.state.or.us/gradelevel/pre_k/eiecse/eiecsecontractorcontactsmap.pdf,"""Cassie"" ""Special Ed"" intitle:contact"
Akin Elementary,Contact Us / Staff Directory - Wylie,http://www.wylieisd.net/Page/1456,"""Akin Elementary"" ""Special Ed"" intitle:contact"
Wakefield School,John Kennedy at Arizona State University Contact Details ...,https://leadferret.com/directory/person/john-kennedy/7961130,"""Wakefield School"" ""Special Ed"" intitle:contact"
Montessori Children's Academy,Potential_TL_placements - Site Name Contact Phone E­mail ...,https://www.coursehero.com/file/8816141/Potential-TL-placements/,"""Montessori Children's Academy"" ""Special Ed"" intitle:contact"
Chatham Elementary School,chatham-schools | Contact Us,http://www.chathamschools.org/contact-us#!,"""Chatham Elementary School"" ""Special Ed"" intitle:contact"
Glendale Elementary,Barbara Swalina at Kirkwood R-VII Contact Details ...,https://leadferret.com/directory/person/barbara-swalina/18314529,"""Glendale Elementary"" ""Special Ed"" intitle:contact"
Fairview Elementary,Fairview Independent Schools,http://www.fairview.k12.ky.us/News/11783,"""Fairview Elementary"" ""Special Ed"" intitle:contact"
Brighton School,Contact Special Education | St. Anthony-New Brighton ...,http://www.stanthony.k12.mn.us/contact-special-education,"""Brighton School"" ""Special Ed"" intitle:contact"
The Hill School,Rebecca Williams at Muscogee County School District ...,https://leadferret.com/directory/person/rebecca-williams/12858570,"""The Hill School"" ""Special Ed"" intitle:contact"
Mt. Pleasant School District,Education of Homeless Children and Youth Contact List,http://www.k12.wa.us/HomelessEd/ContactList.aspx?printable=true,"""Mt. Pleasant School District"" ""Special Ed"" intitle:contact"
Josephine,EI/ECSE Contact Information - Oregon,http://www.ode.state.or.us/gradelevel/pre_k/eiecse/eiecsecontractorcontactsmap.pdf,"""Josephine"" ""Special Ed"" intitle:contact"
Williamsburg High School,Balfour :: Contact Us - Support | Balfour,http://www.balfour.com/support/contact/,"""Williamsburg High School"" ""Special Ed"" intitle:contact"
Cold Springs Middle School,Jennifer Jones at Washoe County School District Contact ...,https://leadferret.com/directory/person/jennifer-jones/22048374,"""Cold Springs Middle School"" ""Special Ed"" intitle:contact"
Grandview ISD,Special Education / Staff Contact - Springtown ISD,http://www.springtownisd.net/Page/140,"""Grandview ISD"" ""Special Ed"" intitle:contact"
Burton School District,Sarah Jones at Cobb County School District Contact Details ...,https://leadferret.com/directory/person/sarah-jones/10745746,"""Burton School District"" ""Special Ed"" intitle:contact"
Valley Middle School,Contact Information - Ligonier Valley School District,http://lvsd.k12.pa.us/district/special-education-student-services/contact-information/,"""Valley Middle School"" ""Special Ed"" intitle:contact"
Nether Providence Elementary,Administration Contact / Overview,http://www.wssd.org/domain/18,"""Nether Providence Elementary"" ""Special Ed"" intitle:contact"
Atlantis Charter School,Paul Thomas at Independent School District 1 of Tulsa ...,https://leadferret.com/directory/person/paul-thomas/8589414,"""Atlantis Charter School"" ""Special Ed"" intitle:contact"
Special Education Services,Special Education Services / Contact Information,http://www.akronschools.org/domain/21,"""Special Education Services"" ""Special Ed"" intitle:contact"
Lincoln Elementary School,Contact & Directory Info / Contact Information,https://www.yakimaschools.org/domain/14,"""Lincoln Elementary School"" ""Special Ed"" intitle:contact"
Wayne County BOE,Contact Information - West Virginia Department of Education,https://wvde.state.wv.us/webmaster.html,"""Wayne County BOE"" ""Special Ed"" intitle:contact"
Renaissance Academy,"Tingey, Connee (Special Ed.) / Schedule/Contact",https://www.davis.k12.ut.us/Page/52796,"""Renaissance Academy"" ""Special Ed"" intitle:contact"
North High School,About North / Contact Us - ISD 622,http://www.isd622.org/site/Default.aspx?PageID=596,"""North High School"" ""Special Ed"" intitle:contact"
alamogordo public schools,Patricia Jennings at University of Utah Contact Details ...,https://leadferret.com/directory/person/patricia-jennings/25002746,"""alamogordo public schools"" ""Special Ed"" intitle:contact"
Coppell Independent School District,Contact - Coppell Independent School District,http://www.coppellisd.com/contactus,"""Coppell Independent School District"" ""Special Ed"" intitle:contact"
Lone Rock School,Mark Anderson at University of Idaho Contact Details ...,https://leadferret.com/directory/person/mark-anderson/8260962,"""Lone Rock School"" ""Special Ed"" intitle:contact"
Conley Elementary School,Contact Me - Thomas B. Conley Elementary School,http://tces.btschools.org/teacher_pages/ciocon__ms__alison-_speech/Alison_Ciocon/contact_me/,"""Conley Elementary School"" ""Special Ed"" intitle:contact"
Lexington High School,Contact Information - Wilmington City Schools,http://www.wilmington.k12.oh.us/contact,"""Lexington High School"" ""Special Ed"" intitle:contact"
Wilmot Elementary School,Contact Us - Wilmot Elementary,http://wilmot.jeffcopublicschools.org/our_school/contact_us,"""Wilmot Elementary School"" ""Special Ed"" intitle:contact"
OIS,Joseph Lee at University of North Carolina Contact Details ...,https://leadferret.com/directory/person/joseph-lee/10901202,"""OIS"" ""Special Ed"" intitle:contact"
Wallingford Elementary School,Administration Contact / Overview,http://www.wssd.org/domain/18,"""Wallingford Elementary School"" ""Special Ed"" intitle:contact"
Nether Providence Elementary School,Administration Contact / Overview,http://www.wssd.org/domain/18,"""Nether Providence Elementary School"" ""Special Ed"" intitle:contact"
Wallingford-Swarthmore School District,Administration Contact / Overview,http://www.wssd.org/domain/18,"""Wallingford-Swarthmore School District"" ""Special Ed"" intitle:contact"
Swarthmore-Rutledge School,Administration Contact / Overview,http://www.wssd.org/domain/18,"""Swarthmore-Rutledge School"" ""Special Ed"" intitle:contact"
Private Tutoring,Contact Us - Shrewsbury Learning Experts,http://shrewsburylearningexperts.com/contact/,"""Private Tutoring"" ""Special Ed"" intitle:contact"
West Side School,Contact Us / Contact Us - Saint Paul Public Schools,https://www.spps.org/Page/22945,"""West Side School"" ""Special Ed"" intitle:contact"
Spring Valley Elementary School,Contact School - Spring Valley Elementary School,http://svs.chawanakee.k12.ca.us/contact_school,"""Spring Valley Elementary School"" ""Special Ed"" intitle:contact"
Jubilee,【送料無料】SW 18-8 モンテリー 角盆 [16インチ 手付]角盆 トレー トレイ バイキング ビュッフェ ...,http://www.generalplumbing.com/bzE4MzMxbWFya2V0ODM5M3NhbGU=,"""Jubilee"" ""Special Ed"" intitle:contact"
Columbus City Schools,Contact | Ohio Department of Education,http://education.ohio.gov/Contact,"""Columbus City Schools"" ""Special Ed"" intitle:contact"
Ohio Department of Education,Contact | Ohio Department of Education,http://education.ohio.gov/Contact,"""Ohio Department of Education"" ""Special Ed"" intitle:contact"
Pioneer Middle School,Ashwaubenon School District - Contact Us and Pioneer ...,http://www.ashwaubenon.k12.wi.us/pioneer/contactus_pi.cfm,"""Pioneer Middle School"" ""Special Ed"" intitle:contact"
DoDDS,Contact Special Education | St. Anthony-New Brighton ...,http://www.stanthony.k12.mn.us/contact-special-education,"""DoDDS"" ""Special Ed"" intitle:contact"
Red Oak Elementary,Contact Us / flex - Oak Park Independent,https://www.oakparkusd.org/Page/4206,"""Red Oak Elementary"" ""Special Ed"" intitle:contact"
Lakeside Union Elementary,This document was provided to the California Department of ...,https://www.cde.ca.gov/be/ag/ag/yr17/documents/may17w19a3.pdf,"""Lakeside Union Elementary"" ""Special Ed"" intitle:contact"
Gregg County Special Ed,Contact Information / Home - Sabine ISD,http://www.sabineisd.org/domain/79,"""Gregg County Special Ed"" ""Special Ed"" intitle:contact"
Dover Elementary School,Job Opportunities / Contact Human Resources,https://www.wccusd.net/Page/650,"""Dover Elementary School"" ""Special Ed"" intitle:contact"
St. Germain Elementary School,Northland Pines School District - Contact Us,http://www.npsd.k12.wi.us/district/districtcontacts.cfm?lastname=&firstname=&groupid=&positiontitle=&maxrows=50&dosearch=1&sortby=lastname&startrow=51,"""St. Germain Elementary School"" ""Special Ed"" intitle:contact"
Red Oak Elementary School,Contact Us / flex - Oak Park Independent,https://www.oakparkusd.org/Page/4206,"""Red Oak Elementary School"" ""Special Ed"" intitle:contact"
Guilford Elementary School,Pupil Services / Special Education Contact Information,http://www.lcps.org/page/1038,"""Guilford Elementary School"" ""Special Ed"" intitle:contact"
Lakeside School,Seattle Public Schools Summer Resource List of Programs ...,http://csca.thecenterschool.net/file-downloads/doc_download/103-seattle-public-schools-summer-resource-list-of-programs.html,"""Lakeside School"" ""Special Ed"" intitle:contact"
Cambria-Friesland School,"Contact Information - Rio Community School District, Rio, WI",http://www.rio.k12.wi.us/District/contact.html,"""Cambria-Friesland School"" ""Special Ed"" intitle:contact"
Franklin Elementary,CONTACT - Johnson Elementary School,http://johnsonelementary.fssd.org/contact/,"""Franklin Elementary"" ""Special Ed"" intitle:contact"
St. Paul Lutheran School,Ronald Brown - LeadFerret,https://leadferret.com/directory/person/ronald-brown/25672476,"""St. Paul Lutheran School"" ""Special Ed"" intitle:contact"
Kingsley Elementary School,Contact Us / Staff Directory - Naperville Community Unit ...,https://www.naperville203.org/Page/1763,"""Kingsley Elementary School"" ""Special Ed"" intitle:contact"
Valley School,Who Should I Contact About Special Education?,https://www.olatheschools.com/schools2/programs/special-education/contact-us,"""Valley School"" ""Special Ed"" intitle:contact"
Hyde Park Elementary,Exceptional Ed & Student Services / EE/SS Department ...,http://dcps.duvalschools.org/Page/15552,"""Hyde Park Elementary"" ""Special Ed"" intitle:contact"
Covenant Christian School,Contact Learning Connection Support,https://learningconnection.doe.in.gov/ContactSupport.aspx,"""Covenant Christian School"" ""Special Ed"" intitle:contact"
Valdez City Schools,District Information / Contact Us - VALDEZ CITY SCHOOLS ...,http://www.valdezcityschools.org/Page/104,"""Valdez City Schools"" ""Special Ed"" intitle:contact"
Seguin Elementary,School Information / Contact Us,http://www.houstonisd.org/icon_contact_horn,"""Seguin Elementary"" ""Special Ed"" intitle:contact"
Sarah Kelly,Jason Smith at Mutual of Omaha Insurance Company Contact ...,https://leadferret.com/directory/person/jason-smith/21531976,"""Sarah Kelly"" ""Special Ed"" intitle:contact"
Cedar Ridge Elementary,Special Education / Contact Information,http://www.unit5.org/domain/61,"""Cedar Ridge Elementary"" ""Special Ed"" intitle:contact"
Campbell Henderson,Eric Anderson at Weyerhaeuser Company Contact Details ...,https://leadferret.com/directory/person/eric-anderson/6934166,"""Campbell Henderson"" ""Special Ed"" intitle:contact"
Bonnie Brae Elementary,Kathy Bruce at Fairfax County Public Schools Contact ...,https://leadferret.com/directory/person/kathy-bruce/16285424,"""Bonnie Brae Elementary"" ""Special Ed"" intitle:contact"
Hermon Hutchens Elementary,School Information / Contact Us - Valdez City Schools,https://www.valdezcityschools.org/Page/204,"""Hermon Hutchens Elementary"" ""Special Ed"" intitle:contact"
Roosevelt Elementary,Roosevelt Elementary - Contact,http://rv.dlschools.net/?PageName=Contact,"""Roosevelt Elementary"" ""Special Ed"" intitle:contact"
St. Johns School,Contact Us / Staff Directory - Wylie,https://www.wylieisd.net/Page/1456,"""St. Johns School"" ""Special Ed"" intitle:contact"
OHR HATORAH,Data kollel Dallas contact number and information | Imamother,http://www.imamother.com/forum/viewtopic.php?t=269730,"""OHR HATORAH"" ""Special Ed"" intitle:contact"
Lawrence School,Lawrence School - Contact Us,https://www.lawrenceschool.org/about/contact-us,"""Lawrence School"" ""Special Ed"" intitle:contact"
Union Academy,Mary Gray at Arizona State University Contact Details ...,https://leadferret.com/directory/person/mary-gray/7962797,"""Union Academy"" ""Special Ed"" intitle:contact"
CHILDREN\'S UNIVERSITY,The main point of contact for families searching for ...,https://www.pinterest.pt/pin/532269249680058457/,"""CHILDREN\'S UNIVERSITY"" ""Special Ed"" intitle:contact"
Sweetwater Middle School,Transportation Contact Numbers (Special Needs),http://www.sweetwatermiddleschool.net/web-facilities.nsf/pages/TransportationContactNumbers(SpecialNeeds),"""Sweetwater Middle School"" ""Special Ed"" intitle:contact"
Vision Christian Academy,Contact Learning Connection Support,https://learningconnection.doe.in.gov/ContactSupport.aspx,"""Vision Christian Academy"" ""Special Ed"" intitle:contact"
Hook Elementary,Special Education Binder Classy Bubble theme 90 pages of ...,https://www.pinterest.com/pin/41165784070871197/,"""Hook Elementary"" ""Special Ed"" intitle:contact"
Troy City Schools,Nancy Johnson at Eugene School District 4-j Contact ...,https://leadferret.com/directory/person/nancy-johnson/13534810,"""Troy City Schools"" ""Special Ed"" intitle:contact"
Macon County Schools,"Grand Rapids Public Schools August 18, Contact information ...",http://slideplayer.com/slide/3904355/,"""Macon County Schools"" ""Special Ed"" intitle:contact"
Greenwich Public Schools,Contact Information - Norwalk Public Schools,https://www.norwalkps.org/district/facilities/contact_information,"""Greenwich Public Schools"" ""Special Ed"" intitle:contact"
Middle Tennessee State University,Contact Us - Middle Tennessee State University,http://ucdb.mtsu.edu/pod/addrecord.php?-link=Add%20Record,"""Middle Tennessee State University"" ""Special Ed"" intitle:contact"
Richards School,Contact Us - Richards - Google Sites,https://sites.google.com/a/sau43.org/richards/contact-us,"""Richards School"" ""Special Ed"" intitle:contact"
Highland School,Education of Homeless Children and Youth Contact List,http://www.k12.wa.us/HomelessEd/ContactList.aspx,"""Highland School"" ""Special Ed"" intitle:contact"
Northgate School District,Ruth Smith at BRTRC Inc. Contact Details | LeadFerret.com,https://leadferret.com/directory/person/ruth-smith/35802640,"""Northgate School District"" ""Special Ed"" intitle:contact"
St. Augustine School,Contact | Father Lacombe Catholic School,https://fl.starcatholic.ab.ca/contact,"""St. Augustine School"" ""Special Ed"" intitle:contact"
Central Dauphin School District,Troy Smith at Derby Unified School District 260 Contact ...,https://leadferret.com/directory/person/troy-smith/14504844,"""Central Dauphin School District"" ""Special Ed"" intitle:contact"
Indian Hill School District,Contact Us | Wisconsin Department of Public Instruction,https://dpi.wi.gov/support/contact-us,"""Indian Hill School District"" ""Special Ed"" intitle:contact"
Neenah High School,Ashwaubenon School District - Contact Us and Hours,http://www.ashwaubenon.k12.wi.us/contactus_do.cfm,"""Neenah High School"" ""Special Ed"" intitle:contact"
Washington Middle School,Contact & Directory Info / Contact Information,https://www.yakimaschools.org/domain/14,"""Washington Middle School"" ""Special Ed"" intitle:contact"
Woodward Academy,Debbie Johnson at Relocation Synergy Group Inc Contact ...,https://leadferret.com/directory/person/debbie-johnson/33080216,"""Woodward Academy"" ""Special Ed"" intitle:contact"
Maplewood Middle School,Contact Us / Overview - ISD 622,https://www.isd622.org/domain/803,"""Maplewood Middle School"" ""Special Ed"" intitle:contact"
Trinity School,Contact Learning Connection Support,https://learningconnection.doe.in.gov/ContactSupport.aspx,"""Trinity School"" ""Special Ed"" intitle:contact"
Dixon Elementary,Sherryl Anderson at Jefferson County Board Education ...,https://leadferret.com/directory/person/sherryl-anderson/501743568,"""Dixon Elementary"" ""Special Ed"" intitle:contact"
All Saints Academy,High Schools File Download - public high schools and ...,https://high-schools.com/data-request.html,"""All Saints Academy"" ""Special Ed"" intitle:contact"
Sam Houston Elementary,General Information / School Contact Information,https://www.dallasisd.org/Page/6555,"""Sam Houston Elementary"" ""Special Ed"" intitle:contact"
Bennett Elementary School,Contact Me - Lake Ridge Elementary School,https://lakeridgees.pwcs.edu/class_pages/special_ed___e_s_o_l/ms__exum/contact_me,"""Bennett Elementary School"" ""Special Ed"" intitle:contact"
Dana Elementary,Eula ISD Contact Information,http://www.eulaisd.us/contacts.htm,"""Dana Elementary"" ""Special Ed"" intitle:contact"
SD 70,DIST # DISTRICT NAME CONTACT MAILING ADDRESS,http://www.autismoutreach.ca/sites/default/files/district_partner_14_10_16.pdf,"""SD 70"" ""Special Ed"" intitle:contact"
WASD,Special Education - Contact Us,http://wallenpaupack.org/se_contact.asp,"""WASD"" ""Special Ed"" intitle:contact"
LVI,About Us Recipients Awards Dinner How to Help Nominate A ...,http://lafayette.granicus.com/MetaViewer.php?view_id=3&clip_id=531&meta_id=3646,"""LVI"" ""Special Ed"" intitle:contact"
Rhonda Foster,Kathy Moore at Emory University Contact Details ...,https://leadferret.com/directory/person/kathy-moore/34779744,"""Rhonda Foster"" ""Special Ed"" intitle:contact"
Robinson Middle School,Contact Heights Staff / Heights Staff Directory,https://www.usd259.org/Page/11254,"""Robinson Middle School"" ""Special Ed"" intitle:contact"
Battle Creek elementary,Contact Us / Contact Us - Saint Paul Public Schools,https://www.spps.org/Domain/10704,"""Battle Creek elementary"" ""Special Ed"" intitle:contact"
Summit Academy,"Special ed teacher, 24, fired for alleged tryst with male ...",http://www.foxnews.com/us/2017/12/04/pennsylvania-teacher-fired-for-allegedly-having-sex-with-student-in-classroom.html,"""Summit Academy"" ""Special Ed"" intitle:contact"
CPSB,Early Childhood / Contact Information,http://www.cpsb.org/Page/789,"""CPSB"" ""Special Ed"" intitle:contact"
Armitage Academy,Patricia Johnson at Denver Public Schools Contact Details ...,https://leadferret.com/directory/person/patricia-johnson/24768720,"""Armitage Academy"" ""Special Ed"" intitle:contact"
Rialto Unified School District,District 1 2 3 Address Contact Number,http://coeonline.fullerton.edu/Accreditation2007/NCATE/NCATE_Standards/Standard%203/Common_Internship_Districts_06-07.pdf,"""Rialto Unified School District"" ""Special Ed"" intitle:contact"
Colonial School District,Patricia Campbell at Phoenix Union High School District ...,https://leadferret.com/directory/person/patricia-campbell/34946519,"""Colonial School District"" ""Special Ed"" intitle:contact"
BANYAN,"Contact Benway School | Wayne, New Jersey",http://www.benwayschool.org/contact-us.html,"""BANYAN"" ""Special Ed"" intitle:contact"
Prairie Lakes AEA,Donna Davis at Michigan State University Contact Details ...,https://leadferret.com/directory/person/donna-davis/10026616,"""Prairie Lakes AEA"" ""Special Ed"" intitle:contact"
Central Elementary,Who Should I Contact About Special Education?,https://www.olatheschools.com/schools2/programs/special-education/contact-us,"""Central Elementary"" ""Special Ed"" intitle:contact"
Ryan school,Contact Maureen Ryan | North Reading Public School District,https://www.north-reading.k12.ma.us/user/226/contact,"""Ryan school"" ""Special Ed"" intitle:contact"
Hammond School,Who To Contact - School City of Hammond,http://www.hammond.k12.in.us/departments/special_education/who_to_contact,"""Hammond School"" ""Special Ed"" intitle:contact"
JCDS,John Baker at United States Air Force Contact Details ...,https://leadferret.com/directory/person/john-baker/500659208,"""JCDS"" ""Special Ed"" intitle:contact"
Grand Prairie School,John Orr at Yukon-Kuskokwim Health Corp Contact Details ...,https://leadferret.com/directory/person/john-orr/9295185,"""Grand Prairie School"" ""Special Ed"" intitle:contact"
Rio Rancho Public Schools,Feds Contact 4 More Districts 2017 - Economist: States ...,http://scholarshipweb.net/tag/feds-contact-4-more-districts,"""Rio Rancho Public Schools"" ""Special Ed"" intitle:contact"
Pinnacle School,Contact Learning Connection Support,https://learningconnection.doe.in.gov/ContactSupport.aspx,"""Pinnacle School"" ""Special Ed"" intitle:contact"
PrayWoodman Elementary,Pray-Woodman Elementary - PWS Contact Directory,http://www.usd266.com/education/components/scdirectory/default.php?sectiondetailid=14915,"""PrayWoodman Elementary"" ""Special Ed"" intitle:contact"
Elgin Community College,Robert Green at The Harrisburg Area Community College ...,https://leadferret.com/directory/person/robert-green/12408273,"""Elgin Community College"" ""Special Ed"" intitle:contact"
Valerie Dalton,"Kimberly Gordon at SunTrust Banks, Inc. Contact Details ...",https://leadferret.com/directory/person/kimberly-gordon/2741174,"""Valerie Dalton"" ""Special Ed"" intitle:contact"
Cyril Public Schools,Coalgate Public Schools - District Contact Information,http://www.coalgateschools.org/11346_2,"""Cyril Public Schools"" ""Special Ed"" intitle:contact"
Center for Learning and Development,Contact Us - Cooke Center: Special Education in New York City,http://www.cookecenter.org/page.cfm?p=62,"""Center for Learning and Development"" ""Special Ed"" intitle:contact"
Trinity Lutheran School,"Debbie Johnson at Brown, Harris & Stevens Llc Contact ...",https://leadferret.com/directory/person/debbie-johnson/35343642,"""Trinity Lutheran School"" ""Special Ed"" intitle:contact"
Madison Public Schools,2015 District Para Contact List,http://www.sde.ct.gov/sde/lib/sde/pdf/curriculum/cali/district_contact_for_paras_2014-2015.pdf,"""Madison Public Schools"" ""Special Ed"" intitle:contact"
St. Mary's School,Contact Us : NYSSD : Special Education : NYSED,http://www.p12.nysed.gov/specialed/nyssd/contact.html,"""St. Mary's School"" ""Special Ed"" intitle:contact"
Hope Haven Children's Clinic,Yolanda Gonzalez at Denver Public Schools Contact Details ...,https://leadferret.com/directory/person/yolanda-gonzalez/27517871,"""Hope Haven Children's Clinic"" ""Special Ed"" intitle:contact"
Ashland City School District,Contact Us | Ashland City Schools,http://ashlandcityschools.org/contact-us,"""Ashland City School District"" ""Special Ed"" intitle:contact"
Waller School,Waller ISD - Contact Us,http://wallerisd.schoolfusion.us/modules/cms/pages.phtml?pageid=148313,"""Waller School"" ""Special Ed"" intitle:contact"
Henry County Schools,How to Contact The Henry County School System,http://www.henry.k12.ga.us/contact_us.htm,"""Henry County Schools"" ""Special Ed"" intitle:contact"
Barbara Mccabe,Sherry Spranger at Northwest School District Contact ...,https://leadferret.com/directory/person/sherry-spranger/11249716,"""Barbara Mccabe"" ""Special Ed"" intitle:contact"
Curriculum Services,Contact Us - Tuscola Intermediate School District,http://www.tuscolaisd.org/cms/One.aspx?portalId=390507&pageId=2483665,"""Curriculum Services"" ""Special Ed"" intitle:contact"
East Mississippi Community College,Paul Miller at The Regents of The University of Colorado ...,https://leadferret.com/directory/person/paul-miller/13258881,"""East Mississippi Community College"" ""Special Ed"" intitle:contact"
Rise Academy,Contact - Erie Rise Academy,https://www.erierise.org/Contact/,"""Rise Academy"" ""Special Ed"" intitle:contact"
SW\WC Service Cooperative,"To register for any of these workshops, visit our website ...",http://www.swsc.org/cms/lib04/MN01000693/Centricity/Domain/40/Spring_2011_Review_for_website.pdf,"""SW\WC Service Cooperative"" ""Special Ed"" intitle:contact"
The Learning Center,SSD - Contact Us,https://www.ssdmo.org/contact.html,"""The Learning Center"" ""Special Ed"" intitle:contact"
Washington Community School,Public Relations / Contact Us - Indianapolis Public Schools,https://www.myips.org/Page/32546,"""Washington Community School"" ""Special Ed"" intitle:contact"
