Central Elementary School,Faculty Directory - Van Buren High School,http://www.vbsd.us/schools/central-elementary-school/faculty-directory,"""Central Elementary School"" ""Special Ed"" intitle:faculty"
Hampton Academy,Faculty – Seacoast Academy of Music,https://seacoastacademyofmusic.org/faculty/,"""Hampton Academy"" ""Special Ed"" intitle:faculty"
Concord School District,Woodside Elementary School: Faculty and Staff,http://woodside.mdusd.org/cms/page_view?d=x&piid=&vpid=1393053673191,"""Concord School District"" ""Special Ed"" intitle:faculty"
Jefferson Elementary,Faculty & Staff / Special Ed,http://www.houstonisd.org/Page/61620,"""Jefferson Elementary"" ""Special Ed"" intitle:faculty"
Hickory Flat Elementary,Faculty/Staff – Hickory Flat Elementary School,https://cherokeek12.net/hickoryflates/faculty-staff/,"""Hickory Flat Elementary"" ""Special Ed"" intitle:faculty"
Arlington ISD,Seniors vs Faculty Volleyball Game - Seguin High School,https://www.aisd.net/seguin-high-school/event/seniors-vs-faculty-volleyball-game/,"""Arlington ISD"" ""Special Ed"" intitle:faculty"
Germantown School District,Faculty and Staff - Germantown Municipal School District,http://www.gmsdk12.org/OfficeandStaff.aspx,"""Germantown School District"" ""Special Ed"" intitle:faculty"
Lincoln County School District,Faculty Directory - Lincoln County R-III School District,http://www.troy.k12.mo.us/site/Default.aspx?PageType=1&SiteID=17&ChannelID=176&DirectoryType=6,"""Lincoln County School District"" ""Special Ed"" intitle:faculty"
Hays CISD,Education - Faculty Jobs in Austin | Jobing.com,https://austin.jobing.com/cat/education-faculty,"""Hays CISD"" ""Special Ed"" intitle:faculty"
Burbank USD,Faculty Directory • Page - John Burroughs High School,http://www.burbankusd.org/JBHS/5328-Untitled.html,"""Burbank USD"" ""Special Ed"" intitle:faculty"
Good Shepherd School,Les Finch's Learning Tree Day Faculty and Student ...,http://www.schoolsandreunions.com/f_lesfinch%27slearningtreeday_chicago_il_124881.html,"""Good Shepherd School"" ""Special Ed"" intitle:faculty"
Metropolitan Community College,St Pius X/st Leo Elem School Faculty and Student ...,http://www.schoolsandreunions.com/f_stpiusx/stleoelemschool_omaha_ne_130395.html,"""Metropolitan Community College"" ""Special Ed"" intitle:faculty"
Bloomfield College,Souderton Charter School Collaborative - Faculty and Staff,http://www.scsc4kidssj.org/our-school/faculty-and-staff,"""Bloomfield College"" ""Special Ed"" intitle:faculty"
Western Elementary,Faculty & Staff - Coweta Schools,http://www.cowetaschools.org/aes/index.php/staff,"""Western Elementary"" ""Special Ed"" intitle:faculty"
Jefferson Elementary,Faculty & Staff / Special Ed,http://www.houstonisd.org/Page/61620,"""Jefferson Elementary"" ""Special Ed"" intitle:faculty"
Valley Christian School,"School Reunions, Details For Egremont Schools, Inc ...",http://www.schoolsandreunions.com/f_egremontschools%2Cinc._chatsworth_ca_120889.html,"""Valley Christian School"" ""Special Ed"" intitle:faculty"
Metropolitan Community College,St Pius X/st Leo Elem School Faculty and Student ...,http://www.schoolsandreunions.com/f_stpiusx/stleoelemschool_omaha_ne_130395.html,"""Metropolitan Community College"" ""Special Ed"" intitle:faculty"
Newton Elementary,West Newton > About Us > Faculty and Staff > Staff Directory,http://www.newtoncountyschools.org/westnewton/about-us/faculty-and-staff/staff-directory.aspx,"""Newton Elementary"" ""Special Ed"" intitle:faculty"
Howard Elementary,St Anthony Of Padua School - schoolsandreunions.com,http://www.schoolsandreunions.com/f_stanthonyofpaduaschool_gardena_ca_122884.html,"""Howard Elementary"" ""Special Ed"" intitle:faculty"
Holy Trinity School,Dennison Academy Faculty and Student Information Los ...,http://www.schoolsandreunions.com/f_dennisonacademy_los-angeles_ca_120814.html,"""Holy Trinity School"" ""Special Ed"" intitle:faculty"
St. Aloysius,St Philip Neri Faculty and Student Information School ...,http://www.schoolsandreunions.com/f_stphilipneri_lynwood_ca_123237.html,"""St. Aloysius"" ""Special Ed"" intitle:faculty"
Forest Hills Elementary,Faculty Bios / Susan Collins - browardschools1.com,https://www.browardschools1.com/Page/31226,"""Forest Hills Elementary"" ""Special Ed"" intitle:faculty"
Floyd Elementary,"CES Faculty - Floyd County Schools, VA",http://intranet.floyd.k12.va.us/checkel/CES/Faculty%20&%20Staff/CES%20Faculty.htm,"""Floyd Elementary"" ""Special Ed"" intitle:faculty"
Highlands School,Faculty & Staff | Dundee Highlands Elementary School,http://dhes.d300.org/faculty_staff,"""Highlands School"" ""Special Ed"" intitle:faculty"
Dickson Public Schools,Faculty & Staff - Fairland Elementary School,http://www.fairlandowls.com/Faculty%20&%20Staff.htm,"""Dickson Public Schools"" ""Special Ed"" intitle:faculty"
Central High School,Faculty & Staff | Springfield Central High School,http://springfieldcentral.com/about/staff.html,"""Central High School"" ""Special Ed"" intitle:faculty"
Saginaw Valley State University,6-8 Faculty - Michigan Great Lakes Virtual Academy (MGLVA),https://mglvak12.weebly.com/6-8-faculty.html,"""Saginaw Valley State University"" ""Special Ed"" intitle:faculty"
Greenville Elementary,Faculty Member Name - Murray State University,http://coekate.murraystate.edu/ncate/2008/general/NCATE.Table.11.doc,"""Greenville Elementary"" ""Special Ed"" intitle:faculty"
Edu-Prize,Staff & Faculty Biographies - Great Hearts Archway Chandler,http://archwaychandler.greatheartsacademies.org/staff-faculty-biographies/,"""Edu-Prize"" ""Special Ed"" intitle:faculty"
Murray School,Faculty/Staff,http://www.grantbulldogs.info/email-facultystaff-2/,"""Murray School"" ""Special Ed"" intitle:faculty"
Emerson Elementary School,Emerson Elementary School - Faculty and Staff Directory,http://emerson.duncanps.org/page/71383_2,"""Emerson Elementary School"" ""Special Ed"" intitle:faculty"
Delgado Community College,"Faculty Jobs in Cooperstown, NY | Glassdoor","https://www.glassdoor.com/Job/cooperstown-faculty-jobs-SRCH_IL.0,11_IC1132556_KO12,19.htm","""Delgado Community College"" ""Special Ed"" intitle:faculty"
Durham Public Schools,Education - Faculty Jobs in Austin | Jobing.com,https://austin.jobing.com/cat/education-faculty,"""Durham Public Schools"" ""Special Ed"" intitle:faculty"
Atkinson  Elementary,Faculty & Staff - Coweta Schools,http://www.cowetaschools.org/aes/index.php/staff,"""Atkinson  Elementary"" ""Special Ed"" intitle:faculty"
St. Anne's,Faculty and Administration - St Anne Catholic SchoolSt ...,http://2016.stanneschool.com/about-us/faculty-and-administration/,"""St. Anne's"" ""Special Ed"" intitle:faculty"
Mixon Elementary,Faculty - Calvary Christian School,https://calvaryknights.com/faculty/,"""Mixon Elementary"" ""Special Ed"" intitle:faculty"
Parker Elementary,Faculty and Staff / Faculty and Staff Directory,http://www.houstonisd.org/domain/42062,"""Parker Elementary"" ""Special Ed"" intitle:faculty"
Greenwood Elementary,"School Reunions, Details For Hughes (teresa) Elementary ...",http://www.schoolsandreunions.com/f_hughes%28teresa%29elementary_cudahay_ca_9998.html,"""Greenwood Elementary"" ""Special Ed"" intitle:faculty"
Little Chico Creek Elem.,Adjunct/Temporary Faculty 1],https://www.csuchico.edu/ncate/documents/Standard5/5.4.b%20Qualifications%20of%20Clinical%20Faculty.pdf,"""Little Chico Creek Elem."" ""Special Ed"" intitle:faculty"
Ford Elementary,Faculty & Staff - Ford Elementary,http://ford.conroeisd.net/department/faculty-staff/,"""Ford Elementary"" ""Special Ed"" intitle:faculty"
Eastern Oregon University,EASTERN OREGON UNIVERSITY Administration and Faculty,https://www.eou.edu/catalog/files/2016/05/16-17-Administration-and-Faculty.pdf,"""Eastern Oregon University"" ""Special Ed"" intitle:faculty"
Holy Trinity,Education - Faculty Jobs in Arizona | Jobing.com,https://arizona.jobing.com/cat/education-faculty,"""Holy Trinity"" ""Special Ed"" intitle:faculty"
St. Johns,Faculty and Staff 2017-2018 | Cunningham Creek Elementary ...,http://www-ccs.stjohns.k12.fl.us/teachers/,"""St. Johns"" ""Special Ed"" intitle:faculty"
Easton Middle School,Faculty/Staff Directory - Welcome to Easton Public Schools,http://www.easton.k12.ma.us/our_schools/moreau_hall/faculty_staff_directory.php,"""Easton Middle School"" ""Special Ed"" intitle:faculty"
Hodgen Elementary,Hodgin Elementary School: Faculty and Staff,http://hodgin.aps.edu/cms/page_view?d=x&piid=&vpid=1392794080112,"""Hodgen Elementary"" ""Special Ed"" intitle:faculty"
Marina Vista,Faculty & Staff - Synapse School,http://www.synapseschool.org/about-us/faculty-staff,"""Marina Vista"" ""Special Ed"" intitle:faculty"
St. Joseph School,Faculty & Staff - Saint Joseph School,http://www.stjosephschoolmedford.com/staticpages/index.php?page=faculty,"""St. Joseph School"" ""Special Ed"" intitle:faculty"
Holbrook Elementary,Faculty and Staff Directory - Davis School District,http://www.davis.k12.ut.us/site/Default.aspx?PageType=1&SiteID=3320&ChannelID=3328&DirectoryType=6,"""Holbrook Elementary"" ""Special Ed"" intitle:faculty"
Signal Hill,Half Hollow Hills: Faculty/Staff Directory,http://www.halfhollowhills.k12.ny.us/page.cfm?p=977318&viewdirid=818,"""Signal Hill"" ""Special Ed"" intitle:faculty"
William Brown,Wewoka ISD :: Faculty & Staff - wps.k12.ok.us,http://www.wps.k12.ok.us/?DivisionID=20659&DepartmentID=23801&ToggleSideNav=,"""William Brown"" ""Special Ed"" intitle:faculty"
Baker Elementary,Faculty & Staff - Baker Elementary School,http://bakerelementarymauryk12.ss9.sharpschool.com/about_us/faculty___staff,"""Baker Elementary"" ""Special Ed"" intitle:faculty"
North Elementary,Nokomis CUSD #22 - Faculty & Staff - nokomis.k12.il.us,http://www.nokomis.k12.il.us/index.php/en/parents/viewcategory/10-parent-information?limitstart=0,"""North Elementary"" ""Special Ed"" intitle:faculty"
Children's World,Maric College-north Hollywood Faculty and Student ...,http://www.schoolsandreunions.com/f_mariccollege%2Dnorthhollywood_north-hollywood_ca_130928.html,"""Children's World"" ""Special Ed"" intitle:faculty"
The Children's School,Board Of Directors Faculty Representative Resume Example ...,https://resumes.livecareer.com/r/board-of-directors-faculty-representative-21147700,"""The Children's School"" ""Special Ed"" intitle:faculty"
Marshall Middle School,Faculty – Thurgood Marshall Middle School,http://tmmslynn.com/faculty/,"""Marshall Middle School"" ""Special Ed"" intitle:faculty"
Rockbrook Elementary,"St Vincent De Paul School - Omaha, NE-Nebraska Faculty and ...",http://www.schoolsandreunions.com/f_stvincentdepaulschool_omaha_ne_130402.html,"""Rockbrook Elementary"" ""Special Ed"" intitle:faculty"
Diagnostic Center,Faculty and Staff Resource Guide - De Anza College,http://www.deanza.edu/specialed/pdf/disabilities.pdf,"""Diagnostic Center"" ""Special Ed"" intitle:faculty"
SJHS,Faculty | Southside School District,http://southsideschools.org/index.php/sjhs/faculty_sjhs/,"""SJHS"" ""Special Ed"" intitle:faculty"
Marshall Elementary School,Faculty & Staff / Special Ed,http://www.houstonisd.org/Page/61620,"""Marshall Elementary School"" ""Special Ed"" intitle:faculty"
Liberty High School,Faculty & Staff – Emmaus High School - East Penn School ...,https://www.eastpennsd.org/ehs/faculty-staff/,"""Liberty High School"" ""Special Ed"" intitle:faculty"
St Pius X,St Pius X/st Leo Elem School Faculty and Student ...,http://www.schoolsandreunions.com/f_stpiusx/stleoelemschool_omaha_ne_130395.html,"""St Pius X"" ""Special Ed"" intitle:faculty"
Joliet Junior College,Administration and Staff Directory / Faculty / Staff Directory,http://www.lakeland.k12.nj.us/Page/59,"""Joliet Junior College"" ""Special Ed"" intitle:faculty"
Staunton City Schools,Staunton Unit Schools Faculty/Staff E-mail Addresses,http://stauntonschools.org/faculty_staff.htm,"""Staunton City Schools"" ""Special Ed"" intitle:faculty"
Lane School,About Us / Faculty and Staff - Hicksville Public Schools ...,http://www.hicksvillepublicschools.org/Page/1131,"""Lane School"" ""Special Ed"" intitle:faculty"
CSE,"M.Ed. in Special Education Faculty - Geneva College, a ...",http://www.geneva.edu/faculty-staff/faculty/faculty_med_special_ed,"""CSE"" ""Special Ed"" intitle:faculty"
Arlington Elementary,South Bay Lutheran High School Faculty and Student ...,http://www.schoolsandreunions.com/f_southbaylutheranhighschool_inglewood_ca_122819.html,"""Arlington Elementary"" ""Special Ed"" intitle:faculty"
St. Elizabeth Ann Seton,Mathematics Faculty - Pima Community College - LinkedIn,https://www.linkedin.com/title/mathematics-faculty-at-pima-community-college,"""St. Elizabeth Ann Seton"" ""Special Ed"" intitle:faculty"
St. Stephen School,Faculty | Goucher College,http://www.goucher.edu/learn/graduate-programs/graduate-programs-in-education/faculty,"""St. Stephen School"" ""Special Ed"" intitle:faculty"
St. Patrick School,Faculty - Bishop McGann-Mercy Diocesan High School,http://drvcmcgann.ss8.sharpschool.com/welcome/directory/faculty,"""St. Patrick School"" ""Special Ed"" intitle:faculty"
Corpus Christi School,Faculty & Staff (Emmanuel Christian Academy OH),http://www.ecaoh.com/staff,"""Corpus Christi School"" ""Special Ed"" intitle:faculty"
St. Croix Preparatory Academy,"St. Croix Preparatory Academy, Stillwater, MN - Faculty",http://stcroixprep.pegasus.webaloo.com/faculty.aspx,"""St. Croix Preparatory Academy"" ""Special Ed"" intitle:faculty"
Western Christian.org,Western Christian Schools | Private Schools in Claremont ...,https://www.westernchristian.org/page,"""Western Christian.org"" ""Special Ed"" intitle:faculty"
Carver Public Schools,Harlem Wizards vs. Carver Faculty “Crushers”: April 4th ...,http://carver.org/harlem-wizards-vs-carver-faculty-crushers-april-4th/,"""Carver Public Schools"" ""Special Ed"" intitle:faculty"
Calvin Christian School,Concord El. Faculty and Student Information Edina ...,http://www.schoolsandreunions.com/f_concordel._edina_mn_47029.html,"""Calvin Christian School"" ""Special Ed"" intitle:faculty"
St. Joseph,Special Education Faculty of Saint Joseph’s University,http://online.sju.edu/graduate/masters-special-education/faculty,"""St. Joseph"" ""Special Ed"" intitle:faculty"
Trinity Christian,Meet the Faculty - Trinity Christian College Adult Studies,http://adultstudies.trnty.edu/ashome/geninfo/faculty,"""Trinity Christian"" ""Special Ed"" intitle:faculty"
St. Jude,Faculty Connections | Shaoyu Li,https://pages.uncc.edu/connections/people/shaoyu-li/,"""St. Jude"" ""Special Ed"" intitle:faculty"
Immaculate Conception,FACULTY | Immaculate Conception Catholic School Augusta ...,https://icaugusta.org/faculty,"""Immaculate Conception"" ""Special Ed"" intitle:faculty"
District 2,Stuyvesant High School - District 2 - InsideSchools,https://insideschools.org/school/02M475,"""District 2"" ""Special Ed"" intitle:faculty"
Cassie,Faculty & Staff - Charlotte-Mecklenburg Schools,http://schools.cms.k12.nc.us/rockyriverHS/Pages/FacultyAndStaff.aspx,"""Cassie"" ""Special Ed"" intitle:faculty"
Montessori Children's Academy,"School Reunions, Details For Hughes (teresa) Elementary ...",http://www.schoolsandreunions.com/f_hughes%28teresa%29elementary_cudahay_ca_9998.html,"""Montessori Children's Academy"" ""Special Ed"" intitle:faculty"
Glendale Elementary,The faculty and staff join me in welcoming you to Haine ...,http://docs.exdat.com/docs/index-149036.html,"""Glendale Elementary"" ""Special Ed"" intitle:faculty"
Fairview Elementary,Fairview Elem: Faculty & Staff - Official Homepage,http://leg.nat.k12.la.us/schoolwork/schools/fairview_site/people.html,"""Fairview Elementary"" ""Special Ed"" intitle:faculty"
Josephine,"Administration, Faculty and Staff / PHS Faculty & Staff",http://www.peekskillcsd.org/Page/177,"""Josephine"" ""Special Ed"" intitle:faculty"
Veterans Memorial Elementary,Faculty and Staff Directory / Home,https://www.romaisd.com/Page/1044,"""Veterans Memorial Elementary"" ""Special Ed"" intitle:faculty"
Eastside Elementary,New Faculty and Staff 2017 - Shiver Elementary School,http://ses.grady.k12.ga.us/news/what_s_new/new_faculty_and_staff_2017/,"""Eastside Elementary"" ""Special Ed"" intitle:faculty"
Valley Middle School,"Sun Valley HS: Teacher, Staff, and Faculty Directory",http://sunvalleyhs-lausd-ca.schoolloop.com/directory,"""Valley Middle School"" ""Special Ed"" intitle:faculty"
Special Education Services,Shortage of Special Education Teachers and Faculty: Fact Sheet,https://specialedshortages.org/wp-content/uploads/2014/03/HECSE-Shortage-Special-Ed-Expertise-Among-Teachers-Faculty.pdf,"""Special Education Services"" ""Special Ed"" intitle:faculty"
Lincoln Elementary School,Faculty and Staff Directory - Davis School District,http://www.davis.k12.ut.us/site/Default.aspx?PageType=1&SiteID=3082&ChannelID=3086&DirectoryType=6,"""Lincoln Elementary School"" ""Special Ed"" intitle:faculty"
Rivers Edge Academy,Faculty and Staff_OLD - Grundy County Special Education ...,http://www.grundyspecialed.org/faculty-and-staff_old.html,"""Rivers Edge Academy"" ""Special Ed"" intitle:faculty"
Renaissance Academy,About Viewmont High / Faculty Email/Homepage,https://www.davis.k12.ut.us/Page/80659,"""Renaissance Academy"" ""Special Ed"" intitle:faculty"
North High School,North Star High School - Faculty and Staff,http://lns.lps.org/detail.html?id=3057,"""North High School"" ""Special Ed"" intitle:faculty"
alamogordo public schools,Hobart High School Faculty - hobart.k12.ok.us,http://hobart.k12.ok.us/HIGHSCHOOL/hsfaculty/facultylistings.htm,"""alamogordo public schools"" ""Special Ed"" intitle:faculty"
Lyman Elementary School,Special Education / Special Education Faculty and Staff,http://www.spart5.net/Domain/693,"""Lyman Elementary School"" ""Special Ed"" intitle:faculty"
Conley Elementary School,FACULTY & STAFF - Reece Academy - Pre-K - K,http://reeceacad.aldineisd.org/cms/One.aspx?portalId=9621&pageId=109573,"""Conley Elementary School"" ""Special Ed"" intitle:faculty"
Taylorsville Elementary School,Faculty Directory - Bartholomew,http://www.bcsc.k12.in.us/site/Default.aspx?PageType=1&SiteID=74&ChannelID=98&DirectoryType=6,"""Taylorsville Elementary School"" ""Special Ed"" intitle:faculty"
Private Tutoring,Special Needs Digest: Why Getting Help for Kids with ...,http://www.specialneedsdigest.com/2017/12/why-getting-help-for-kids-with-dyslexia.html,"""Private Tutoring"" ""Special Ed"" intitle:faculty"
Discovery Intermediate School,Apollo Elementary School - Faculty & Staff,http://apollo.goddardusd.com/index.php?pageID=3615,"""Discovery Intermediate School"" ""Special Ed"" intitle:faculty"
Jemicy School,Special Needs Digest: Why Getting Help for Kids with ...,http://www.specialneedsdigest.com/2017/12/why-getting-help-for-kids-with-dyslexia.html,"""Jemicy School"" ""Special Ed"" intitle:faculty"
Spring Valley Elementary School,"Faculty and Staff - School District of Spring Valley, WI",http://www.springvalley.k12.wi.us/html/faculty.html,"""Spring Valley Elementary School"" ""Special Ed"" intitle:faculty"
Jubilee,Faculty/Staff | Destiny Leadership Academy,https://www.jubileeacademiccenter.com/destiny-leadership-academy/facultystaff/,"""Jubilee"" ""Special Ed"" intitle:faculty"
Columbus City Schools,The Flipped Faculty Meeting - Finding Common Ground ...,http://blogs.edweek.org/edweek/finding_common_ground/2012/09/the_flipped_faculty_meeting.html,"""Columbus City Schools"" ""Special Ed"" intitle:faculty"
Ohio Department of Education,Lawriter - OAC - 3301-35-05 Faculty and staff focus.,http://codes.ohio.gov/oac/3301-35-05,"""Ohio Department of Education"" ""Special Ed"" intitle:faculty"
Pioneer Middle School,Faculty / Staff - Willowcreek Middle School,https://willowcreek.alpineschools.org/faculty-staff/,"""Pioneer Middle School"" ""Special Ed"" intitle:faculty"
DoDDS,School Information / Faculty & Staff Directory,http://www.georgetownisd.org/site/Default.aspx?PageID=689,"""DoDDS"" ""Special Ed"" intitle:faculty"
Dover Elementary School,Dover Union Free School District: Faculty & Staff,http://www.doverschools.org/page.cfm?p=62,"""Dover Elementary School"" ""Special Ed"" intitle:faculty"
Wilson Public Schools,Paoli High School Faculty,http://www.paoli.k12.ok.us/hsfaculty.html,"""Wilson Public Schools"" ""Special Ed"" intitle:faculty"
Burruss Elementary,Faculty and Staff Directory / Faculty (2016-2017),http://www.houstonisd.org/domain/6229,"""Burruss Elementary"" ""Special Ed"" intitle:faculty"
Lakeside School,Lakeside Elementary - Davis School District,http://www.davis.k12.ut.us/site/Default.aspx?PageType=1&SiteID=4158&ChannelID=4161&DirectoryType=6,"""Lakeside School"" ""Special Ed"" intitle:faculty"
St. Thomas the Apostle School,North Park Montessori Academy Faculty and Student ...,http://www.schoolsandreunions.com/f_northparkmontessoriacademy_grand-rapids_mi_43629.html,"""St. Thomas the Apostle School"" ""Special Ed"" intitle:faculty"
St. Francis Xavier School,Maric College-north Hollywood Faculty and Student ...,http://www.schoolsandreunions.com/f_mariccollege%2Dnorthhollywood_north-hollywood_ca_130928.html,"""St. Francis Xavier School"" ""Special Ed"" intitle:faculty"
Franklin Elementary,FACULTY - Liberty Elementary School,http://libertyelementary.fssd.org/contact/faculty/,"""Franklin Elementary"" ""Special Ed"" intitle:faculty"
St. Paul Lutheran School,Frost Lake Learning Center St. Paul Faculty and Student ...,http://www.schoolsandreunions.com/f_frostlakelearningcenter_st.-paul_mn_48285.html,"""St. Paul Lutheran School"" ""Special Ed"" intitle:faculty"
Valley School,Locust Valley Central School District Faculty | Administration,http://www.lvcsd.k12.ny.us/faculty/administration,"""Valley School"" ""Special Ed"" intitle:faculty"
Covenant Christian School,Faculty & Staff - Covenant Christian Academy,http://www.covenantchristianacademy.org/about-cca/faculty-staff,"""Covenant Christian School"" ""Special Ed"" intitle:faculty"
Seguin Elementary,Faculty & Staff / Special Ed,http://www.houstonisd.org/Page/61620,"""Seguin Elementary"" ""Special Ed"" intitle:faculty"
Cedar Ridge Elementary,Faculty - Cedar Ridge Elementary,http://cedarridge.wacoisd.org/cms/One.aspx?portalId=18662&pageId=215328,"""Cedar Ridge Elementary"" ""Special Ed"" intitle:faculty"
Bonnie Brae Elementary,Faculty / Homepage - FWISD,https://www.fwisd.org/Page/854,"""Bonnie Brae Elementary"" ""Special Ed"" intitle:faculty"
Meadowlark Elementary,Faculty Directory | Newman Elementary School,http://newman.slcschools.org/our-school/faculty-directory,"""Meadowlark Elementary"" ""Special Ed"" intitle:faculty"
Roosevelt Elementary,Faculty & Staff / Special Ed. - houstonisd.org,http://www.houstonisd.org/Page/13650,"""Roosevelt Elementary"" ""Special Ed"" intitle:faculty"
Bristol Tennessee City Schools,Faculty Handbook 2012-2013 2,http://www2.btcs.org/ths/facultyhandbook.pdf,"""Bristol Tennessee City Schools"" ""Special Ed"" intitle:faculty"
St. Johns School,Faculty and Staff 2017-2018 | Cunningham Creek Elementary ...,http://www-ccs.stjohns.k12.fl.us/teachers/,"""St. Johns School"" ""Special Ed"" intitle:faculty"
Lawrence School,Locust Valley Central School District Faculty | Administration,http://www.lvcsd.k12.ny.us/faculty/administration,"""Lawrence School"" ""Special Ed"" intitle:faculty"
CHILDREN\'S UNIVERSITY,Faculty Works - Pinterest,https://www.pinterest.com/pin/33847434672632922/,"""CHILDREN\'S UNIVERSITY"" ""Special Ed"" intitle:faculty"
Northwest Classen High School,Meeker Public Schools - High School Faculty,http://www.meeker.k12.ok.us/16623_2,"""Northwest Classen High School"" ""Special Ed"" intitle:faculty"
Hook Elementary,memeorandum: Campus locked down after faculty member ...,http://www.memeorandum.com/171003/p65,"""Hook Elementary"" ""Special Ed"" intitle:faculty"
Somerset Christian School,Professional Education Faculty Qualifications and Experience,https://studylib.net/doc/7460323/professional-education-faculty-qualifications-and-experience,"""Somerset Christian School"" ""Special Ed"" intitle:faculty"
Middle Tennessee State University,Faculty Positions – Research in Mathematics Education,http://sigrme.org/open-positions/faculty-positions/,"""Middle Tennessee State University"" ""Special Ed"" intitle:faculty"
Motley Elementary School,faculty handbook 08-09 - Home - Macon County R-1 School ...,http://www.macon.k12.mo.us/schools/career_center/teachers/handbook/,"""Motley Elementary School"" ""Special Ed"" intitle:faculty"
St. Augustine School,"Faculty of Humanities & Education, UWI St. Augustine",https://sta.uwi.edu/fhe/,"""St. Augustine School"" ""Special Ed"" intitle:faculty"
Neenah High School,Faculty - Uw Oshkosh - LinkedIn,https://www.linkedin.com/title/faculty-at-uw-oshkosh,"""Neenah High School"" ""Special Ed"" intitle:faculty"
Washington Middle School,Washington Middle School - WMS Faculty - District 186,http://www.sps186.org/schools/Washington/?p=108884,"""Washington Middle School"" ""Special Ed"" intitle:faculty"
Trinity School,Faculty - Trinity School is a Junior High and High School ...,https://trinityschools.org/riverridge/about/faculty/,"""Trinity School"" ""Special Ed"" intitle:faculty"
Sam Houston Elementary,Faculty & Staff - CCISD,https://houston.ccisd.us/Campus/Directory/Faculty-Staff,"""Sam Houston Elementary"" ""Special Ed"" intitle:faculty"
WASD,Senior vs. Parents and Faculty vs. Faculty Games ...,http://plone.weatherlysd.org/schools/high-school/class-and-club-news/senior-vs.-parents-and-faculty-vs.-faculty-games,"""WASD"" ""Special Ed"" intitle:faculty"
LVI,Locust Valley Central School District Faculty | Administration,http://www.lvcsd.k12.ny.us/faculty/administration,"""LVI"" ""Special Ed"" intitle:faculty"
Robinson Middle School,Coleman Middle School Faculty and Student Information ...,http://www.schoolsandreunions.com/f_colemanmiddleschool_wichita_ks_34602.html,"""Robinson Middle School"" ""Special Ed"" intitle:faculty"
Rome City Schools,ROME MIDDLE SCHOOL FACULTY HANDBOOK 2015-2016 ROME CITY ...,https://www.rcs.rome.ga.us/cms/lib/GA01903616/Centricity/Domain/667/RMS%20Faculty%20Handbook%202015-16.pdf,"""Rome City Schools"" ""Special Ed"" intitle:faculty"
Summit Academy,"Administration, Faculty and Staff / PHS Faculty & Staff",http://www.peekskillcsd.org/Page/177,"""Summit Academy"" ""Special Ed"" intitle:faculty"
CPSB,Faculty/Staff / Special Services - Calcasieu Parish Public ...,http://www.cpsb.org/Page/850,"""CPSB"" ""Special Ed"" intitle:faculty"
Rialto Unified School District,Eisenhower High School Faculty & Staff - rialto.k12.ca.us,http://www.rialto.k12.ca.us/eisenhower/email.html,"""Rialto Unified School District"" ""Special Ed"" intitle:faculty"
Sherman Central School,Faculty Directory - Friendship Central School / Overview,http://www.friendship.wnyric.org/site/Default.aspx?PageType=1&SiteID=1&ChannelID=30&DirectoryType=6,"""Sherman Central School"" ""Special Ed"" intitle:faculty"
BANYAN,Staff and Faculty – Rio Vista Middle School,http://rioschools.org/riovista/staff/,"""BANYAN"" ""Special Ed"" intitle:faculty"
Central Elementary,Faculty Directory - Van Buren High School,http://www.vbsd.us/schools/central-elementary-school/faculty-directory,"""Central Elementary"" ""Special Ed"" intitle:faculty"
Ryan school,"Faculty, Emeriti, and Staff - Mississippi State University",http://catalog.msstate.edu/undergraduate/facultyemeritiandstaff/facultyemeritiandstaff.pdf,"""Ryan school"" ""Special Ed"" intitle:faculty"
Logos School,Faculty/Staff - Pleasant Grove High School,https://pghs.alpineschools.org/faculty/,"""Logos School"" ""Special Ed"" intitle:faculty"
Elgin Community College,Adjunct Faculty Positions - HigherEdJobs,http://www.higheredjobs.com/adjunct/search.cfm?PosType=2&type=1&SortBy=2,"""Elgin Community College"" ""Special Ed"" intitle:faculty"
Trinity Lutheran School,Trinity Faculty - trinitycougars.org,http://www.trinitycougars.org/contact/trinity-faculty,"""Trinity Lutheran School"" ""Special Ed"" intitle:faculty"
Madison Public Schools,Old Saybrook Public Schools: Faculty & Staff Directory,http://www.oldsaybrookschools.org/page.cfm?p=687,"""Madison Public Schools"" ""Special Ed"" intitle:faculty"
St. Mary's School,Meet Our Faculty & Staff – St. Mary's School Bird Island,http://www.stmarysschoolbirdisland.com/?page_id=303,"""St. Mary's School"" ""Special Ed"" intitle:faculty"
Henry County Schools,Ola Elementary School - Henry County Schools / Overview,http://www.henry.k12.ga.us/ola/faculty.htm,"""Henry County Schools"" ""Special Ed"" intitle:faculty"
The Learning Center,Children's Learning Center | Faculty Directory,http://childrenlearn.org/about-us/faculty-directory/,"""The Learning Center"" ""Special Ed"" intitle:faculty"
Washington Community School,Horace Mann Community School / Faculty,http://www.bboed.org/Page/172,"""Washington Community School"" ""Special Ed"" intitle:faculty"
