Lima City Schools,Lima City Schools - Staff List,http://www.limacityschools.org/website.nsf/openpage?openagent&page=ACADEMICS&cid=747298A45D886DEA85257C8200729FDB&pcid=756721EB6F541E6A85257C600070210E,"""Lima City Schools"" ""Special education"" intitle:staff"
Central Elementary School,Central Staff - Central Elementary - SharpSchool,http://fhsdcentral.sharpschool.net/central_staff,"""Central Elementary School"" ""Special education"" intitle:staff"
Bethel Local Schools,"669 Staff Member Jobs in Parsippany, NJ | LinkedIn",https://www.linkedin.com/jobs/staff-member-jobs-parsippany-nj,"""Bethel Local Schools"" ""Special education"" intitle:staff"
HLV Community School District,Staff Directory - HLV Community School District,http://www.hlv.k12.ia.us/teachers-staff,"""HLV Community School District"" ""Special education"" intitle:staff"
Mercer County BOE,Staff Contacts | Mercer County Schools,http://boe.merc.k12.wv.us/?q=node/84,"""Mercer County BOE"" ""Special education"" intitle:staff"
Bison School District 52-1,Team Site - Certified Staff,http://bison.k12.sd.us/SitePages/Certified%20Staff.aspx,"""Bison School District 52-1"" ""Special education"" intitle:staff"
Hampton Academy,Staff - Hampton Academy,http://hampton-academy.sau90.org/staff,"""Hampton Academy"" ""Special education"" intitle:staff"
Mission Bell Elementary,Staff - jusd.k12.ca.us,http://www.jusd.k12.ca.us/our-district/edserv/pico/Pages/Staff.aspx,"""Mission Bell Elementary"" ""Special education"" intitle:staff"
Horizon Charter School,Horizon Charter School - Faculty and Staff,http://portal.horizoncharterschools.org/?Obj=FacultyandStaff,"""Horizon Charter School"" ""Special education"" intitle:staff"
Concord School District,Staff Directory - Rundlett Middle School,https://rms.sau8.org/staff_directory,"""Concord School District"" ""Special education"" intitle:staff"
Erie 2-Chautauqua-Cattaraugus BOCES,Erie 2-Chautauqua-Cattaraugus BOCES - e2ccb.org,http://www.e2ccb.org/AdultEducation.cfm?subpage=340710,"""Erie 2-Chautauqua-Cattaraugus BOCES"" ""Special education"" intitle:staff"
Jefferson Elementary,Staff Directory - Jefferson Elementary School,http://jes.jeffcityschools.org/staff-directory.html,"""Jefferson Elementary"" ""Special education"" intitle:staff"
Humble ISD,State & Federal Programs / Staff,http://www.humbleisd.net/site/Default.aspx?PageID=1035,"""Humble ISD"" ""Special education"" intitle:staff"
Hickory Flat Elementary,Principals – Cherokee County School District,https://cherokeek12.net/blog/tag/principals/,"""Hickory Flat Elementary"" ""Special education"" intitle:staff"
Arlington ISD,Special Education - Arlington Independent School District,http://w2.aisd.net/aisd/LinkClick.aspx?link=1108&tabid=257,"""Arlington ISD"" ""Special education"" intitle:staff"
School District of Pittsburgh,Annual Staff Training. Thank you for participating in this ...,http://slideplayer.com/slide/3804841/,"""School District of Pittsburgh"" ""Special education"" intitle:staff"
Paul Munro Elementary,Staff Directory | Heritage High School,http://www.lcsedu.net/schools/hhs/school-information/staff-directory,"""Paul Munro Elementary"" ""Special education"" intitle:staff"
The Village School,About - happyvillage.org,http://happyvillage.org/about/,"""The Village School"" ""Special education"" intitle:staff"
East End Elementary,East End Staff Directory - North Plainfield School District,http://www.nplainfield.org/site/Default.aspx?PageType=1&SiteID=163&ChannelID=170&DirectoryType=6,"""East End Elementary"" ""Special education"" intitle:staff"
Saddleback Valley USD,Capistrano USD Staff Secretary Salary | Glassdoor,"https://www.glassdoor.com/Monthly-Pay/Capistrano-USD-Staff-Secretary-Monthly-Pay-E211844_D_KO15,30.htm","""Saddleback Valley USD"" ""Special education"" intitle:staff"
Greenwich Township BOE,Staff Directory / Home - East Greenwich School District ...,https://www.eastgreenwich.k12.nj.us/domain/132,"""Greenwich Township BOE"" ""Special education"" intitle:staff"
Rio Elementary School District,Pupil Personnel Services Staff – Rio School District,http://rioschools.org/departments/pupil-personnel-services/pupil-personnel-services-staff/,"""Rio Elementary School District"" ""Special education"" intitle:staff"
Germantown School District,Germantown School District - Staff Home,http://www.germantownschools.org/staff/index.cfm,"""Germantown School District"" ""Special education"" intitle:staff"
Lincoln County School District,Lincoln County School District 2017-2018 Special Education ...,http://www.lincoln.k12.or.us/dept_programs/special_education/documents/17-18Specialists_List.pdf,"""Lincoln County School District"" ""Special education"" intitle:staff"
Sumter School District,Sumter School District | For Staff,http://sumterschools.net/about-us/for-staff/,"""Sumter School District"" ""Special education"" intitle:staff"
Incarnation Catholic School,Staff Links - St. Peter's Catholic Secondary School,http://smcdsb.ss9.sharpschool.com/cms/One.aspx?portalId=97405&pageId=3705629,"""Incarnation Catholic School"" ""Special education"" intitle:staff"
Marianne Burrow,Faculty and Staff - OnCourse Systems For Education,https://app.oncoursesystems.com/school/webpage/11131750/908721,"""Marianne Burrow"" ""Special education"" intitle:staff"
Potomac Elementary,Potomac ES - Staff Directory,http://montgomeryschoolsmd.org/schools/potomaces/staff/directory.aspx,"""Potomac Elementary"" ""Special education"" intitle:staff"
Girard School District,Faculty & Staff - Girard School District,http://www.girardsd.org/faculty-staff,"""Girard School District"" ""Special education"" intitle:staff"
Hays CISD,Human Resources / District Staff Directory - Hays CISD,http://www.hayscisd.net/Page/410,"""Hays CISD"" ""Special education"" intitle:staff"
Caney Valley Public Schools,Elementary Staff - Canute Public Schools,http://www.canutepublicschool.com/elementary-staff.html,"""Caney Valley Public Schools"" ""Special education"" intitle:staff"
Seekonk Public Schools,For Staff - Seekonk,http://seekonk.sharpschool.com/For%20Staff/,"""Seekonk Public Schools"" ""Special education"" intitle:staff"
Creston Community Schools,crestonschools | STAFF DIRECTORY,https://www.crestonschools.org/staff-directory#!,"""Creston Community Schools"" ""Special education"" intitle:staff"
Alexander Elementary School,Alexander Elementary Staff Directory,https://www.greenville.k12.sc.us/alexand/staff/,"""Alexander Elementary School"" ""Special education"" intitle:staff"
Burbank USD,Staff Directory • Page - Burbank Unified School District,https://www.burbankusd.org/District/Department/14-Special-Ed-and-Psychology-Services/16092-Untitled.html,"""Burbank USD"" ""Special education"" intitle:staff"
Johnson Creek School District,Johnson Creek Public Schools - Middle School Staff,http://www.johnsoncreek.k12.wi.us/middle/msstaff.cfm,"""Johnson Creek School District"" ""Special education"" intitle:staff"
Kosciusko School District,Canton School District Staff Directory - Canton School ...,http://www.cantonsdk12.org/district41-1/index.php/staff-directory,"""Kosciusko School District"" ""Special education"" intitle:staff"
Bettendorf CSD,MT Staff - Mark Twain Elementary School,http://mt.bettendorf.k12.ia.us/staff,"""Bettendorf CSD"" ""Special education"" intitle:staff"
McBride School,St. Francis School District - SPECIAL EDUCATION STAFF,http://www.stfrancisschools.org/district/tpspecialeducationstaff.cfm,"""McBride School"" ""Special education"" intitle:staff"
Good Shepherd School,Good Shepherd School Teachers and Staff,http://www.goodshepherdwels.org/home/140007524/140007670/Images/Good%20Shepherd%20School%20Teachers%20and%20Staff%20Directory%2016-17.pdf,"""Good Shepherd School"" ""Special education"" intitle:staff"
McLaurin Elementary School,Faculty and Staff - Chastain Road Elementary School,http://cre.pickens.k12.sc.us/our_staff/faculty_and_staff,"""McLaurin Elementary School"" ""Special education"" intitle:staff"
Metropolitan Community College,Metropolitan Community College | Penn Valley | Francis ...,https://secure.mcckc.edu/popups/FrancisStaff_Members.html,"""Metropolitan Community College"" ""Special education"" intitle:staff"
Mary Wright,Staff - Houston School District,http://www.houstonmsschools.com/staff,"""Mary Wright"" ""Special education"" intitle:staff"
Pompton Lakes BOE,Staff Directory / E-Mail / Staff Information,http://www.plps-k12.org/Page/207,"""Pompton Lakes BOE"" ""Special education"" intitle:staff"
Bloomfield College,Education Faculty & Staff | Bloomfield College,http://www.bloomfield.edu/academics/programs-and-majors/education/meet-faculty,"""Bloomfield College"" ""Special education"" intitle:staff"
C.W. Shipley Elementary School,Staff Directory Searchable / JCS Central Office Staff ...,http://boe.jeff.k12.wv.us/domain/1367,"""C.W. Shipley Elementary School"" ""Special education"" intitle:staff"
North LaFayette Elementary,LaFayette Middle | Staff Directory,http://lms.walkerschools.org/staff-directory/,"""North LaFayette Elementary"" ""Special education"" intitle:staff"
Tyndall Elementary,Tyndall Elementary Staff - BHSD042,http://www.bonhomme.k12.sd.us/faculty/math,"""Tyndall Elementary"" ""Special education"" intitle:staff"
Western Elementary,Administrative Staff - Prince William County Public Schools,https://pwcs.edu/academics___programs/special_education/location___administrative_staff_/administrative_staff/,"""Western Elementary"" ""Special education"" intitle:staff"
Jefferson Elementary,Staff Directory - Jefferson Elementary School,http://jes.jeffcityschools.org/staff-directory.html,"""Jefferson Elementary"" ""Special education"" intitle:staff"
Halton Hills Christian School,"Halton Hills Christian School in Georgetown, Ontari | MEET ...",https://www.haltonhillschristianschool.org/meet-our-staff#!,"""Halton Hills Christian School"" ""Special education"" intitle:staff"
Harmony Science Academy,Staff – Harmony Science Academy Houston | Harmony Public ...,http://hsahouston.harmonytx.org/staff/,"""Harmony Science Academy"" ""Special education"" intitle:staff"
Valley Christian School,Our Faculty and Staff - Valley Christian High School,https://vchsaz.org/academics/faculty/,"""Valley Christian School"" ""Special education"" intitle:staff"
Belmond-Klemme Comm. School,Staff Directory - Belmond-Klemme Community School District,http://bkcsd.org/page/members,"""Belmond-Klemme Comm. School"" ""Special education"" intitle:staff"
Metropolitan Community College,Metropolitan Community College | Penn Valley | Francis ...,https://secure.mcckc.edu/popups/FrancisStaff_Members.html,"""Metropolitan Community College"" ""Special education"" intitle:staff"
Manvel Public School,Staff Directory / Staff Directory Search,http://www.manvilleschools.org/directory,"""Manvel Public School"" ""Special education"" intitle:staff"
bayview hill public school,Pages - Our Staff - YRDSB,http://www.yrdsb.ca/schools/bayviewhill.es/info/Pages/Our-Staff.aspx,"""bayview hill public school"" ""Special education"" intitle:staff"
Newton Elementary,Newtown Elementary - Staff,http://www.newtownes.vbschools.com/pages/aboutus/staff/,"""Newton Elementary"" ""Special education"" intitle:staff"
Lisa Koester,MRH School District > About Us > Administration & Staff ...,http://www.mrhschools.net/about-us/administration-and-staff/staff-directory,"""Lisa Koester"" ""Special education"" intitle:staff"
Blytheville High School,Staff Directory | KIPP Delta Public Schools,http://kippdelta.org/our-team-staff-directory,"""Blytheville High School"" ""Special education"" intitle:staff"
Fayetteville-Perry Local,Staff Directory - Fayetteville - Perry Local Schools,http://www.fp.k12.oh.us/cms/One.aspx?portalId=1028313&pageId=27994041,"""Fayetteville-Perry Local"" ""Special education"" intitle:staff"
Lenape Elementary School,For Staff Directory - New Paltz Middle School,http://www.newpaltz.k12.ny.us/site/Default.aspx?PageType=1&SiteID=1&ChannelID=67&DirectoryType=6,"""Lenape Elementary School"" ""Special education"" intitle:staff"
Howard Elementary,Staff Directory - Howard Elementary,http://howardhssd.weebly.com/staff-directory.html,"""Howard Elementary"" ""Special education"" intitle:staff"
Integrated Arts Academy,Teachers & Support Staff - Academy For Integrated Arts,http://www.afiakc.org/teachers/,"""Integrated Arts Academy"" ""Special education"" intitle:staff"
Banks County Elementary School,Staff - Banks County School District,http://bces.banks.k12.ga.us/staff.html,"""Banks County Elementary School"" ""Special education"" intitle:staff"
Centreville Elementary,Centerville Elementary - Staff,http://www.centervillees.vbschools.com/pages/aboutus/staff/,"""Centreville Elementary"" ""Special education"" intitle:staff"
Holy Trinity School,Meet Our Faculty & Staff - Holy Trinity Catholic School ...,http://holy-trinity-school.org/about-staff.php,"""Holy Trinity School"" ""Special education"" intitle:staff"
pawling elementary school,Staff of The Hartford Courant - The Pulitzer Prizes,http://www.pulitzer.org/finalists/staff-177,"""pawling elementary school"" ""Special education"" intitle:staff"
St. Aloysius,Our Staff – St. Aloysius Catholic Church,https://www.staloysiuspwv.org/about/staff/,"""St. Aloysius"" ""Special education"" intitle:staff"
Expressive Learning,School Staff Presentation - duxbury.k12.ma.us,http://www.duxbury.k12.ma.us/cms/lib2/MA01001583/Centricity/Domain/76/SBC%20Convocation%20PP%20reduced.pdf,"""Expressive Learning"" ""Special education"" intitle:staff"
Washington Oak Elementary,Staff - Washington Oak Elementary SChool,http://washingtonoak.weebly.com/staff.html,"""Washington Oak Elementary"" ""Special education"" intitle:staff"
Advantage Academy,Uplift Education - Good school and great staff. High turnover.,https://www.glassdoor.com/Reviews/Employee-Review-Uplift-Education-RVW3467771.htm,"""Advantage Academy"" ""Special education"" intitle:staff"
Fulton County Elementary/,Staff Directory - school.fultonschools.org,http://school.fultonschools.org/hs/roswell/Pages/Directory.aspx,"""Fulton County Elementary/"" ""Special education"" intitle:staff"
Forest Hills Elementary,Staff Directory / FH Staff - Eden Prairie Schools,http://www.edenpr.org/domain/442,"""Forest Hills Elementary"" ""Special education"" intitle:staff"
Floyd Elementary,Floyd Elementary School - Floyd County Public Schools,https://www.floyd.k12.va.us/domain/2154,"""Floyd Elementary"" ""Special education"" intitle:staff"
Bluffview Elementary,Staff Directory - Lake City Public Schools,http://www.lake-city.k12.mn.us/page/members,"""Bluffview Elementary"" ""Special education"" intitle:staff"
McKenney-Harrison Elementary,"DeKalb Central approves staff changes, assignments ...",http://kpcnews.com/article_1d6543d3-5d2b-5df4-aac2-268e09438882.html,"""McKenney-Harrison Elementary"" ""Special education"" intitle:staff"
Highlands School,Administrative Office - Highlands School District,http://www.goldenrams.com/Page/471,"""Highlands School"" ""Special education"" intitle:staff"
Georgia Virtual Academy,Meet Our Staff - Georgia Virtual School,http://www.gavirtualschool.org/Home/MeetOurStaff.aspx,"""Georgia Virtual Academy"" ""Special education"" intitle:staff"
Magnolia Speech School,"231 James Garfield Circle Apartments - Jackson, MS 39213",https://www.apartmentguide.com/apartments/Mississippi/Jackson/231-James-Garfield-Circle/LV29266522/,"""Magnolia Speech School"" ""Special education"" intitle:staff"
Dickson Public Schools,Staff - elrenops.org,http://elrenops.org/staff/,"""Dickson Public Schools"" ""Special education"" intitle:staff"
Lakeview Christian School,"Governor Pence to Speak at Commencement, Stirs Conflict ...",http://www.grantconnected.net/governor-pence-to-speak-at-commencement-stirs-conflict-among-students-and-staff/,"""Lakeview Christian School"" ""Special education"" intitle:staff"
Madison Oneida BOCES,Staff Directory / Staff Directory - Madison-Oneida BOCES ...,http://www.moboces.org/directory,"""Madison Oneida BOCES"" ""Special education"" intitle:staff"
Holy Rosary Catholic School,Our Faculty & Staff - Holy Rosary Catholic School ...,https://www.holyrosary-school.org/staff,"""Holy Rosary Catholic School"" ""Special education"" intitle:staff"
Central High School,Special Education / Special Education Staff Directory,https://www.raiders.central.k12.mn.us/Page/3633,"""Central High School"" ""Special education"" intitle:staff"
The Roeper School,About the Staff | North Oakland Autism Center | Lake Orion ...,https://oaklandautismcenter.com/about/,"""The Roeper School"" ""Special education"" intitle:staff"
Saginaw Valley State University,SVSU - Office of the President - President's Staff,http://www.svsu.edu/president/presidentsstaff/,"""Saginaw Valley State University"" ""Special education"" intitle:staff"
Greenville Elementary,Hortonville Area School District - Contact Staff,http://www.hasd.org/schools/ges/gescontactstaff.cfm,"""Greenville Elementary"" ""Special education"" intitle:staff"
Edu-Prize,Staff - Gilbert Christian Schools,http://www.gilbertchristianschools.org/staff/,"""Edu-Prize"" ""Special education"" intitle:staff"
Alice Morgan,Teachers + Staff / Atkinson Staff - Portland Public Schools,https://www.pps.net/domain/408,"""Alice Morgan"" ""Special education"" intitle:staff"
Murray School,Staff Directory - Murray Independent School District,http://www.murray.kyschools.us/staff-directory.asp,"""Murray School"" ""Special education"" intitle:staff"
Emerson Elementary School,Emerson Elementary » Staff,http://www.mpsaz.org/emerson/staff/,"""Emerson Elementary School"" ""Special education"" intitle:staff"
Delgado Community College,CCJobs - CommunityCollegeJobs | Community College Jobs in ...,https://www.communitycollegejobs.com/,"""Delgado Community College"" ""Special education"" intitle:staff"
Durham Public Schools,"Durham Public Schools - Wonderful staff, rough students ...",https://www.glassdoor.com/Reviews/Employee-Review-Durham-Public-Schools-RVW14186744.htm,"""Durham Public Schools"" ""Special education"" intitle:staff"
Homelife Academy,Meet the Staff - Home Life Academy,http://www.homelifeacademy.com/why-hla/meet-the-staff/,"""Homelife Academy"" ""Special education"" intitle:staff"
Atkinson  Elementary,Faculty & Staff - Coweta Schools,http://www.cowetaschools.org/aes/index.php/staff,"""Atkinson  Elementary"" ""Special education"" intitle:staff"
St. Anne's,Staff and Trustees - St Anne's Catholic School Wanganui,https://stannes.school.nz/about-us/staff-and-trustees/,"""St. Anne's"" ""Special education"" intitle:staff"
Mill Road Intermediate,Red Hook Central School District and Red Hook School ...,http://scholarshipweb.net/tag/red-hook-central-school-hours,"""Mill Road Intermediate"" ""Special education"" intitle:staff"
Mixon Elementary,Heard-Mixon Elementary School > About Us > Faculty and Staff,http://www.newtoncountyschools.org/heard_mixon/about-us/faculty-and-staff.aspx,"""Mixon Elementary"" ""Special education"" intitle:staff"
Springfield City Schools,Upper Arlington Schools: Faculty & Staff Directory,http://www.uaschools.org/page.cfm?p=653,"""Springfield City Schools"" ""Special education"" intitle:staff"
Garfield Middle School,Garfield Staff — Albuquerque Public Schools,http://www.aps.edu/schools/schools/garfield/garfield-staff,"""Garfield Middle School"" ""Special education"" intitle:staff"
Maxfield Elementary,Staff Directory / Staff Directory - Saint Paul Public Schools,http://www.spps.org/domain/3905,"""Maxfield Elementary"" ""Special education"" intitle:staff"
Academy for Urban School Leadership,Our Staff | NYC Leadership Academy,https://www.nycleadershipacademy.org/about/our-staff,"""Academy for Urban School Leadership"" ""Special education"" intitle:staff"
Centennial Park School,SUPPORT STAFF (CLASSIFIED) POSITIONS: - Centennial School ...,http://csd28j.org/support-staff-classified-positions/,"""Centennial Park School"" ""Special education"" intitle:staff"
Addison Elementary,Special Education - Addison Elementary School District 4,http://www.asd4.org/District/Department/3-Special-Education/1183-Untitled.html,"""Addison Elementary"" ""Special education"" intitle:staff"
Holland Bloorview Kids,AGENDA Board of Trustees Regular Public Meeting June 7 ...,http://school.hollandbloorview.ca/Assets/School/School%20Board%20Trustees/Agenda%20June%202016.pdf,"""Holland Bloorview Kids"" ""Special education"" intitle:staff"
Parker Elementary,Parker Elementary - Parker Faculty and Staff,http://galvestonisd.tx.schoolwebpages.com/education/components/scrapbook/default.php?sectiondetailid=28844&,"""Parker Elementary"" ""Special education"" intitle:staff"
Ellsworth Junior Senior High,Faculty and Staff - USD 327,http://www.usd327.org/ejshs/faculty-and-staff,"""Ellsworth Junior Senior High"" ""Special education"" intitle:staff"
Laurelhurst,Staff - Laurelhurst Elementary School,http://laurelhurstes.seattleschools.org/cms/One.aspx?portalId=12399&pageId=86680,"""Laurelhurst"" ""Special education"" intitle:staff"
Fuller School,Staff Members - John H Fuller Elementary School,http://www.fuller.keene.k12.nh.us/about_us/staff_members,"""Fuller School"" ""Special education"" intitle:staff"
Marion School District,Marion School District - Staff Directory,http://www.marion.k12.wi.us/elem/elemstaff.cfm,"""Marion School District"" ""Special education"" intitle:staff"
Elizabeth A Hall,AISD Staff Directory - cloud-staffdir.austinisd.org,https://cloud-staffdir.austinisd.org/StaffDirectory/index.jsp?alpha=H&rptNum=num2,"""Elizabeth A Hall"" ""Special education"" intitle:staff"
Greenwood Elementary,Greenwood ES - Staff Directory,http://montgomeryschoolsmd.org/schools/greenwoodes/staff/directory.aspx,"""Greenwood Elementary"" ""Special education"" intitle:staff"
Ford Elementary,Teachers & Staff - Ford Elementary School,http://www.fordschool.org/staff,"""Ford Elementary"" ""Special education"" intitle:staff"
Eastern Oregon University,College of Education Faculty and Staff | Colleges of ...,https://www.eou.edu/cobe/ed/directory/,"""Eastern Oregon University"" ""Special education"" intitle:staff"
Legacy Academy,Faculty & Staff | Legacy Christian Academy,http://www.lcamn.org/about-us/faculty-staff/,"""Legacy Academy"" ""Special education"" intitle:staff"
Pembroke School,Staff Directory - Pembroke Central School,http://www.pembrokecsd.org/district/staff_directory,"""Pembroke School"" ""Special education"" intitle:staff"
Holy Trinity,Elementary Faculty and Staff - Holy Trinity Schools,http://www.holytrinityschools.org/elementary-faculty-and-staff,"""Holy Trinity"" ""Special education"" intitle:staff"
St. Johns,Information for Staff | St. Johns County School District,http://www.stjohns.k12.fl.us/staff/,"""St. Johns"" ""Special education"" intitle:staff"
Good Shepherd Christian Academy,Good Shepherd Christian Academy - Located in Historic ...,http://www.gscacademy.org/staff.html,"""Good Shepherd Christian Academy"" ""Special education"" intitle:staff"
Easton Middle School,Special Education Staff Directory - easton.k12.ma.us,http://www.easton.k12.ma.us/administration/special_ed_staff_directory.php,"""Easton Middle School"" ""Special education"" intitle:staff"
Hodgen Elementary,Hodgin Elementary School: Faculty and Staff,http://hodgin.aps.edu/cms/page_view?d=x&piid=&vpid=1392794080112,"""Hodgen Elementary"" ""Special education"" intitle:staff"
Ware County School System,Ware County High School Staff 2017 - Ware County School ...,http://scholarshipguidance.org/tag/ware-county-high-school-staff,"""Ware County School System"" ""Special education"" intitle:staff"
Wayne Elementary,"Wayne Schools, NE - Support Staff",http://www.wayneschools.org/index.aspx?NID=146,"""Wayne Elementary"" ""Special education"" intitle:staff"
Marina Vista,Special Education / Staff,https://www.pittsburg.k12.ca.us/Page/5873,"""Marina Vista"" ""Special education"" intitle:staff"
Terry Schools,Tonganoxie USD 464 - High School|Teachers & Staff,https://tong464.socs.net/vnews/display.v/SEC/High%20School%7CTeachers%20%26%20Staff,"""Terry Schools"" ""Special education"" intitle:staff"
Dodge Middle School,Staff Directory - Farmington Area Public Schools,http://www.farmington.k12.mn.us/cms/One.aspx?portalId=116138&pageId=2041982,"""Dodge Middle School"" ""Special education"" intitle:staff"
Glencoe Elementary,Faculty/Staff - Glencoe Elementary School,http://ges.ecboe.org/faculty__staff,"""Glencoe Elementary"" ""Special education"" intitle:staff"
Dudley Middle School,Dudley-Charlton Regional School District - Staff,http://www.dcrsd.org/staff,"""Dudley Middle School"" ""Special education"" intitle:staff"
St. Joseph School,Staff Directory - St. Joseph's School,http://stj.bgcdsb.org/about_us/staff_directory/,"""St. Joseph School"" ""Special education"" intitle:staff"
Holbrook Elementary,Faculty and Staff Directory - Davis School District,http://www.davis.k12.ut.us/site/Default.aspx?PageType=1&SiteID=2430&ChannelID=2436&DirectoryType=6,"""Holbrook Elementary"" ""Special education"" intitle:staff"
Loretta Remington,custercountyschools | Staff Directory,http://www.custercountyschools.org/staff-directory#!,"""Loretta Remington"" ""Special education"" intitle:staff"
Signal Hill,Staff Directory - Signal Hill Elementary School,https://signalhilles.pwcs.edu/staff_directory,"""Signal Hill"" ""Special education"" intitle:staff"
Sandburg Elementary,Staff Roster | Littleton Public Schools,http://littletonpublicschools.net/schools/sandburg/staff-roster,"""Sandburg Elementary"" ""Special education"" intitle:staff"
William Brown,Special Education / Department Staff - William Penn School ...,http://www.williampennsd.org/Page/153,"""William Brown"" ""Special education"" intitle:staff"
Teague ISD,Staff Resources / Staff Resources - Teague ISD,http://www.teagueisd.org/domain/46,"""Teague ISD"" ""Special education"" intitle:staff"
Abingdon Elementary,Our Staff - Abingdon Elementary School,http://abingdon.gloucester.schooldesk.net/OurSchool/StaffDirectory/tabid/56880/Default.aspx,"""Abingdon Elementary"" ""Special education"" intitle:staff"
Madison Jr/Sr High School,Staff Directory | Madison Local Schools,https://www.madisonmohawks.org/apps/staff/,"""Madison Jr/Sr High School"" ""Special education"" intitle:staff"
Parkview Christian School,Administration & Office Staff - Berean Christian School ...,https://www.bereanchristian.org/about/administration-staff/,"""Parkview Christian School"" ""Special education"" intitle:staff"
Bart Johnson,Activities / Staff/Activity Contacts,https://www.marshall.k12.mn.us/Page/49,"""Bart Johnson"" ""Special education"" intitle:staff"
Baker Elementary,"Special Education / Special Education Staff, grades K-4",http://www.uscsd.k12.pa.us/Page/27,"""Baker Elementary"" ""Special education"" intitle:staff"
Expeditionary Learning Academy,Staff Directory - Aurora Academy,http://aurora.ss10.sharpschool.com/cms/One.aspx?portalId=288728&pageId=1124254,"""Expeditionary Learning Academy"" ""Special education"" intitle:staff"
Joliet Public Schools,Students and Staff Honored at Reading Reception - District ...,http://www.joliet86.org/students-and-staff-honored-at-reading-reception/,"""Joliet Public Schools"" ""Special education"" intitle:staff"
North Elementary,North Elementary Staff Directory - Noblesville High School,http://www.noblesvilleschools.org/domain/308,"""North Elementary"" ""Special education"" intitle:staff"
Children's World,Meet the Staff | Children's World Bilingual Montessori,http://cwbmontessori.org/meet-the-staff/,"""Children's World"" ""Special education"" intitle:staff"
Halifax County Public Schools,Virginia Public School Division Staff - va-doeapp.com,http://www.va-doeapp.com/StaffBySchoolDivisions.aspx?d=41&w=true,"""Halifax County Public Schools"" ""Special education"" intitle:staff"
Linda Mansfield,District Staff Directory - Roaring Fork School District,http://www.rfsd.k12.co.us/departments/district-staff-directory.html?view=departments&id=4,"""Linda Mansfield"" ""Special education"" intitle:staff"
Hasbrouck Heights High School,HHS Staff Directory | Hammonton Public Schools,http://www.hammontonschools.org/hhs-staff-directory/,"""Hasbrouck Heights High School"" ""Special education"" intitle:staff"
Crest  Elementary School,Staff Directory - Hopewell Crest,http://www.hopewellcrest.org/hwc/Staff%20Directory/,"""Crest  Elementary School"" ""Special education"" intitle:staff"
Frederica Academy,New Faculty & Staff · The Park School of Baltimore,http://www.parkschool.net/directory/new-faculty-staff/,"""Frederica Academy"" ""Special education"" intitle:staff"
The Children's School,Children’s School Staff - Cabrini University,https://www.cabrini.edu/about/departments/academic-departments/school-of-education/teacher-education/the-childrens-school/childrens-school-staff,"""The Children's School"" ""Special education"" intitle:staff"
Vandyke Elementary School,Staff Directory - Greenway Public Schools,http://www.isd316.org/page/members,"""Vandyke Elementary School"" ""Special education"" intitle:staff"
Christ the Teacher,Kenya Education Staff Institute - Keadmissions,http://keadmissions.com/kenya-education-staff-institute/,"""Christ the Teacher"" ""Special education"" intitle:staff"
MHLT,2017-18 Minocqua J1 Staff Directory,http://mhlt.org/UserFiles/Servers/Server_406286/File/Minocqua/For%20Parents/2017-18%20Parents/Staff%20Directory%202017.pdf,"""MHLT"" ""Special education"" intitle:staff"
marilyn zipse,STAFF-COMMUNITY NEWSLETTEr - Asotin,https://www.aasd.wednet.edu/cms/lib/WA01001124/Centricity/Domain/9/March%202017%20Newsletter.pdf,"""marilyn zipse"" ""Special education"" intitle:staff"
center point urbana,Central City Community Schools - Staff Directory,http://www.central-city.k12.ia.us/contact.php,"""center point urbana"" ""Special education"" intitle:staff"
Pope John Paul II Catholic School,Faculty and Staff - St. John Paul II Catholic School,http://www.sjp2catholicschool.com/Faculty_and_Staff,"""Pope John Paul II Catholic School"" ""Special education"" intitle:staff"
Mason City Schools,Staff - Mason City Schools,http://www.masonohioschools.com/staff,"""Mason City Schools"" ""Special education"" intitle:staff"
Sage Canyon Elementary School,DCSD - Meet the Staff - dcsdk12.org,https://www.dcsdk12.org/sites/default/files/operations/meetthetaff/index.htm,"""Sage Canyon Elementary School"" ""Special education"" intitle:staff"
Marshall Middle School,Staff Directory - Marshall Public Schools / Overview,https://www.marshall.k12.mn.us/domain/37,"""Marshall Middle School"" ""Special education"" intitle:staff"
St. Paul's Episcopal School,News Detail - stmsaints.com,https://www.stmsaints.com/page/news-detail?pk=861328,"""St. Paul's Episcopal School"" ""Special education"" intitle:staff"
New Branches School,Faculty & Staff - New Branches School,http://newbranches.org/about-us/faculty-staff/,"""New Branches School"" ""Special education"" intitle:staff"
Diagnostic Center,"Special Education Support | Staff - Woodstock, IL",http://www.sedom.org/staff.html,"""Diagnostic Center"" ""Special education"" intitle:staff"
Kinnaman School,Staff - Clay Center Public School,http://www.claycenter.k12.ne.us/Staff/staff.htm,"""Kinnaman School"" ""Special education"" intitle:staff"
Fairacres Elem,All LCPS Staff and Salary for the 2015/16 SY,http://lcps.k12.nm.us/wp-content/uploads/2012/06/LCPS-Salaries-2015.16.pdf,"""Fairacres Elem"" ""Special education"" intitle:staff"
Expo Elementary School,Staff Directory / Staff Directory - Saint Paul Public Schools,http://www.spps.org/domain/4237,"""Expo Elementary School"" ""Special education"" intitle:staff"
Denison ISD,Special Education - Elementary Schools Staff - Denison,http://www.denisonisd.net/education/components/scrapbook/default.php?sectiondetailid=2381&,"""Denison ISD"" ""Special education"" intitle:staff"
Hickman County Elementary,Staff - Hickman County Schools,http://www.hickman.k12.ky.us/Staff.aspx,"""Hickman County Elementary"" ""Special education"" intitle:staff"
CEAP,Meet the Faculty & Staff of the School of Teaching and ...,http://www.wcu.edu/learn/departments-schools-colleges/ceap/stl/meet-the-faculty-staff-of-the-school-of-teaching-and-learning/index.aspx,"""CEAP"" ""Special education"" intitle:staff"
Tracy Bruno,Staff & Leadership – ANASAZI Foundation,http://www.anasazi.org/staff-and-leadership.html,"""Tracy Bruno"" ""Special education"" intitle:staff"
Ryerson Elementary,Staff Directory - Madison Public Schools,https://www.madison.k12.ct.us/ryerson-elementary/general-info/staff-directory,"""Ryerson Elementary"" ""Special education"" intitle:staff"
A.O. Marshall,Joliet Grade School Staff Recognized - Joliet Grade School ...,https://scholarshipmoney.net/scholarships/joliet-grade-school-staff-recognized,"""A.O. Marshall"" ""Special education"" intitle:staff"
SJHS,Staff Directory - Stonewall Jackson High School,https://stonewallhs.pwcs.edu/staff_directory,"""SJHS"" ""Special education"" intitle:staff"
Garden city Community College,Education Services and Staff Development Association of ...,http://www.ksde.org/LinkClick.aspx?fileticket=t4iAhelsRKM%3d&tabid=414&portalid=0&mid=1007&forcedownload=true,"""Garden city Community College"" ""Special education"" intitle:staff"
Waldorf School of Princeton,Faculty/Staff Directory | Waldorf School of Princeton,https://www.princetonwaldorf.org/dept-directory,"""Waldorf School of Princeton"" ""Special education"" intitle:staff"
Maude Saunders Elementary,"Florida schools roundup: Bright Futures, union bill ...",https://www.redefinedonline.org/2017/12/florida-schools-roundup-397/,"""Maude Saunders Elementary"" ""Special education"" intitle:staff"
Gladewater High School,Staff Directory A-G - Burleson High School,http://bhs.burlesonisd.net/contact/staff-directory-a-g/,"""Gladewater High School"" ""Special education"" intitle:staff"
Evergreen Elem,Evergreen Elementary School - Staff List/Pages,http://schools.smcps.org/ees/staff,"""Evergreen Elem"" ""Special education"" intitle:staff"
Marshall Elementary School,Staff Directory - Marshall Elementary School,https://marshalles.pwcs.edu/staff_directory,"""Marshall Elementary School"" ""Special education"" intitle:staff"
Defiance Elementary School,Staff Directory - Defiance City Schools,http://www.defiancecityschools.org/staffdirectory.aspx,"""Defiance Elementary School"" ""Special education"" intitle:staff"
John V. Leigh School,Staff Resources - Norridge School District #80,http://www.norridge80.org/staff_resources/index.asp,"""John V. Leigh School"" ""Special education"" intitle:staff"
Liberty High School,Staff - Liberty Independent School District,http://www.libertyisd.net/staff,"""Liberty High School"" ""Special education"" intitle:staff"
Wardlaw Academy,Edgefield County School District Announces Administrative ...,http://www.edgefielddaily.com/sd070612.html,"""Wardlaw Academy"" ""Special education"" intitle:staff"
Hilltop Elementary,Staff Directory - Hilltop Elementary,http://isd2397hilltop.sharpschool.net/staff_directory/,"""Hilltop Elementary"" ""Special education"" intitle:staff"
Nursery Elementary,Main Street Theatre & Dance Alliance - Staff,http://app.mainstreetsites.com/dmn2218/teachers.htm,"""Nursery Elementary"" ""Special education"" intitle:staff"
Loy School,Malvern School District - Meet Your Special Education Staff,http://www.malvernleopards.org/202030_3,"""Loy School"" ""Special education"" intitle:staff"
East Side School,East Side Staff Directory - ecsc.k12.in.us,http://www.ecsc.k12.in.us/vnews/display.v/SEC/East%20Side%7CStaff%20Directory,"""East Side School"" ""Special education"" intitle:staff"
Wyalusing Area SD,Indicator 13 Pre and Post Survey The following is an ...,https://s.zoomerang.com/r/6Y2VSLB,"""Wyalusing Area SD"" ""Special education"" intitle:staff"
Cedar Lane Elementary School,School Staff | Cedar Lane School,http://cls.hcpss.org/school-staff,"""Cedar Lane Elementary School"" ""Special education"" intitle:staff"
Kaaawa Elementary,HIDOE Compliance Videos (for staff) - Laie Elementary,http://www.laie.k12.hi.us/hidoe-compliance-videos,"""Kaaawa Elementary"" ""Special education"" intitle:staff"
Union Colony,Elementary Staff - Union Colony Preparatory Academy (Union ...,http://www.unioncolonyschools.org/Elementary_Staff/,"""Union Colony"" ""Special education"" intitle:staff"
Oak Knoll School,About MPCSD / District Office Staff Directory,http://district.mpcsd.org/Page/178,"""Oak Knoll School"" ""Special education"" intitle:staff"
St Pius X,Staff Bios : ST. PIUS X HIGH SCHOOL - spxlearningcenter.org,http://www.spxlearningcenter.org/about/staff-bios/,"""St Pius X"" ""Special education"" intitle:staff"
Lamar Elementary School,Staff Directory / Staff Directory,http://www.greenvilleisd.com/domain/532,"""Lamar Elementary School"" ""Special education"" intitle:staff"
Powers Schools,Faculty and Staff - Powers School District,http://www.powersschools.com/faculty,"""Powers Schools"" ""Special education"" intitle:staff"
Roanoke Public Schools,Virginia Public School Division Staff - va-doeapp.com,http://www.va-doeapp.com/StaffBySchoolDivisions.aspx?d=80&w=true,"""Roanoke Public Schools"" ""Special education"" intitle:staff"
Joliet Junior College,Disability Services Staff - Joliet Junior College,http://www.jjc.edu/disability-services/Pages/StAR-Staff.aspx,"""Joliet Junior College"" ""Special education"" intitle:staff"
Crenshaw Elementary,Crenshaw Elementary & Middle School - Teachers & Staff,http://galvestonisd.tx.schoolwebpages.com/education/components/sectionlist/default.php?sectiondetailid=19120&,"""Crenshaw Elementary"" ""Special education"" intitle:staff"
Shakopee Public School,Welcome / Office Staff - Shakopee Public Schools / Welcome ...,http://www.shakopee.k12.mn.us/domain/220,"""Shakopee Public School"" ""Special education"" intitle:staff"
Staunton City Schools,Staunton Unit Schools Faculty/Staff E-mail Addresses,http://stauntonschools.org/faculty_staff.htm,"""Staunton City Schools"" ""Special education"" intitle:staff"
Cambridge Elementary,CES Staff - Cambridge Elementary School - Google Sites,https://sites.google.com/a/cesvt.net/home-page/ces-staff,"""Cambridge Elementary"" ""Special education"" intitle:staff"
Lane School,Euper Lane Elementary School > Staff - Fort Smith Schools,http://www.fortsmithschools.org/euper/Staff.aspx,"""Lane School"" ""Special education"" intitle:staff"
CSE,Special Education Staff | Cooperstown Central School District,http://www.cooperstowncs.org/academics/special-education/special-education-staff/,"""CSE"" ""Special education"" intitle:staff"
Crest Memorial,Staff Directory | Crest Memorial School,http://www.crestmem.edu/staff-directory/,"""Crest Memorial"" ""Special education"" intitle:staff"
Arlington Elementary,faculty & staff - ARLINGTON ELEMENTARY SCHOOL,http://arlingtones.acsk-12.org/faculty--staff-list-and-teacher-websites.html,"""Arlington Elementary"" ""Special education"" intitle:staff"
HMR,District Name: Palmdale Elementary 19CD Code: -64857 LOCAL ...,http://www.palmdalesd.org/cms/lib/CA01000370/Centricity/ModuleInstance/2255/PalmdaleSchoolDistrict_LEAP_Addendum_PIYear3__BoardApprJan4_2011.pdf,"""HMR"" ""Special education"" intitle:staff"
Tammy Elliott,Our Staff - Anchorage School District,https://kincaid.asdk12.org/ourstaff/,"""Tammy Elliott"" ""Special education"" intitle:staff"
St. Elizabeth Ann Seton,St. Elizabeth Ann Seton Catholic Church: Parish Staff,http://www.seasfw.org/67,"""St. Elizabeth Ann Seton"" ""Special education"" intitle:staff"
Prestwood Elementary School,"School district honors retiring teachers, staff",http://www.sonomanews.com/news/4149384-181/school-district-honorsretiring-teachers-staff,"""Prestwood Elementary School"" ""Special education"" intitle:staff"
Manchester TWP BOE,Staff Directory - Manchester Township School District,http://www.manchestertwp.org/ridgeway/our-school/staff-directory,"""Manchester TWP BOE"" ""Special education"" intitle:staff"
Pleasant Ridge Montessori,West Chester Staff Bios - Country Hills Montessori | West ...,http://www.chmschools.com/west-chester/west-chester-staff-bios/,"""Pleasant Ridge Montessori"" ""Special education"" intitle:staff"
St. Stephen School,Faculty and Staff Directory - St. Stephen's Catholic School,http://ststephenschool.org/contacts/directory/,"""St. Stephen School"" ""Special education"" intitle:staff"
St. Patrick School,Our Preschool Staff — St. Patrick Catholic Community,http://www.stpatsparish.org/our-staff,"""St. Patrick School"" ""Special education"" intitle:staff"
Corpus Christi School,Staff | Corpus Christi Catholic Secondary School,http://www.cccss.ca/staff/,"""Corpus Christi School"" ""Special education"" intitle:staff"
Saint Matthew Catholic School,Faculty & Staff | St. Matthew Catholic Church & School,http://test.stmatthewaz.org/?page_id=38,"""Saint Matthew Catholic School"" ""Special education"" intitle:staff"
Mitchell College,"Elizabeth A. Thompson – Faculty, Staff, and Administration ...",https://mitchellhamline.edu/biographies/person/elizabeth-a-thompson/,"""Mitchell College"" ""Special education"" intitle:staff"
All Souls Catholic School,bellamentecharter | Staff,https://www.bellamentecharter.org/staff#!,"""All Souls Catholic School"" ""Special education"" intitle:staff"
Lakeshore Christian Academy,"Meet the teacher: New school staff at Montague, charter ...",http://www.mlive.com/news/muskegon/index.ssf/2012/09/meet_the_teacher_new_school_st_3.html,"""Lakeshore Christian Academy"" ""Special education"" intitle:staff"
St. Michael Academy,Faculty/Staff - Springfield MA,http://smaspringfield.org/about/facultystaff/,"""St. Michael Academy"" ""Special education"" intitle:staff"
St. Croix Preparatory Academy,Math and Science Academy :: Our Staff - mnmsa.org,http://www.mnmsa.org/about/staff/,"""St. Croix Preparatory Academy"" ""Special education"" intitle:staff"
St. Thomas Apostle School,Staff Directory - Saint Thomas the Apostle Roman Catholic ...,http://www.staphxschool.org/staff,"""St. Thomas Apostle School"" ""Special education"" intitle:staff"
Institute For Collaborative Education,Staff M-Z | New Visions for Public Schools,https://www.newvisions.org/staff/members/staff-m-z,"""Institute For Collaborative Education"" ""Special education"" intitle:staff"
Western Christian.org,Western Christian Schools | Private Schools in Claremont ...,https://www.westernchristian.org/page,"""Western Christian.org"" ""Special education"" intitle:staff"
Saint James School,Staff — Saint James,http://www.saintjamessaintjoseph.org/staff-1/,"""Saint James School"" ""Special education"" intitle:staff"
Lincoln Elemtary,"2016 Teachers, Support Staff, and Classified School ...",http://sausdlearns.info/2016-teachers-support-staff-and-classified-school-employees-of-the-year-announced/,"""Lincoln Elemtary"" ""Special education"" intitle:staff"
Browns River Middle School,Our Staff - Our Community Cares Camp,http://www.ourcommunitycarescamp.org/our-staff.html,"""Browns River Middle School"" ""Special education"" intitle:staff"
The Caedmon School,TEP Faculty and Staff - WSMS,http://wsmsnyc.org/teachereducation/faculty-and-staff/,"""The Caedmon School"" ""Special education"" intitle:staff"
Carver Public Schools,Staff Information | Carver Public Schools,http://carver.org/carver-home/staff-information/,"""Carver Public Schools"" ""Special education"" intitle:staff"
Jackson County School District,Special Education / Staff - Jackson County School District,https://www.jacksonk12.org/Page/1117,"""Jackson County School District"" ""Special education"" intitle:staff"
Christopher Thomas,Special Education Staff | Racine Unified School District,http://www.rusd.org/district/special-education-staff,"""Christopher Thomas"" ""Special education"" intitle:staff"
Calvin Christian School,Calvin Christian School - Staff List,http://ccshamilton.ca/staff-list-c337.php,"""Calvin Christian School"" ""Special education"" intitle:staff"
St. Joseph,2016-17 St. Joseph County Special Education Services Staff ...,https://sjcisd.org/wp-content/uploads/2017/01/2016-17-St.-Joseph-County-Special-Education-Services-Staff-Assignments-as-of-12-16-16.pdf,"""St. Joseph"" ""Special education"" intitle:staff"
MultiCultural Resource Center,Black Faculty and Staff | Student Multicultural Resource ...,http://smrc.siu.edu/brc/black-faculty-and-staff.php,"""MultiCultural Resource Center"" ""Special education"" intitle:staff"
Gregg County SSA,About Us / Staff - Sabine ISD,http://www.sabineisd.org/Page/254,"""Gregg County SSA"" ""Special education"" intitle:staff"
Trinity Christian,Faculty and Staff | Trinity Christian School,https://www.trinitywarriors.org/faculty-and-staff,"""Trinity Christian"" ""Special education"" intitle:staff"
St. Jude,Staff | Saint Jude Catholic Church,http://saintjudelakewood.org/our-staff/,"""St. Jude"" ""Special education"" intitle:staff"
Wentzville R-IV School District,Special Services Staff - warrencor3.org,http://www.warrencor3.org/departments/special_services/getting_to_know_the_staff,"""Wentzville R-IV School District"" ""Special education"" intitle:staff"
British School of Washington,Carrollwood Day School Faculty Staff Directory 2017 ...,http://scholarshipweb.net/tag/carrollwood-day-school-faculty-staff-directory,"""British School of Washington"" ""Special education"" intitle:staff"
Baltimore Montessori Public Charter,Our Staff | Baltimore Montessori Public Charter School,https://baltimoremontessoricharter.org/staff/,"""Baltimore Montessori Public Charter"" ""Special education"" intitle:staff"
Champlin Park High School,Directory / Staff directory - Anoka-Hennepin School ...,http://www.ahschools.us/Page/4337,"""Champlin Park High School"" ""Special education"" intitle:staff"
PS 112,Staff Directory - Jose Celso Barbosa PS112M,http://www.ps112m.org/staff-directory,"""PS 112"" ""Special education"" intitle:staff"
Immaculate Conception,Faculty and Staff - Immaculate Conception Catholic School,http://www.icsnlr.org/about/faculty.cfm,"""Immaculate Conception"" ""Special education"" intitle:staff"
Liberty Union Elementary,SUPPORT STAFF - Liberty Elementary School,http://libertyelementary.fssd.org/support-staff/,"""Liberty Union Elementary"" ""Special education"" intitle:staff"
District 2,Mattoon Community Unit School District 2 - Special ...,https://www.mattoon.k12.il.us/vnews/display.v/SEC/District/Contacts%7CSpecial%20Education%3E%3ETeacher%20Information,"""District 2"" ""Special education"" intitle:staff"
Cassie,Staff Directory / HSCSED Staff,http://www.hscsed.org/domain/21,"""Cassie"" ""Special education"" intitle:staff"
Akin Elementary,Contact Us / Staff Directory - Wylie,http://www.wylieisd.net/Page/1456,"""Akin Elementary"" ""Special education"" intitle:staff"
Lone Peak Elementary,Lone Peak Elementary - Faculty & Staff,https://lonepeak.canyonsdistrict.org/index.php/faculty/teacher-web-pages/12-general-info/5-faculty,"""Lone Peak Elementary"" ""Special education"" intitle:staff"
Wakefield School,Central Office Staff — Wakefield Public Schools,http://wakefieldpublicschools.org/WPS/central-office-staff/,"""Wakefield School"" ""Special education"" intitle:staff"
Indian Trail Elementary School,Staff Directory - Canal Winchester Schools,http://www.canalwinchesterschools.org/WTStaff.aspx,"""Indian Trail Elementary School"" ""Special education"" intitle:staff"
Zeb Vance Elementary,Staff Directory / Overview - Vance County Public Schools,https://www.vcs.k12.nc.us/domain/1118,"""Zeb Vance Elementary"" ""Special education"" intitle:staff"
Woodstock Public Schools,Staff Directory - New London Public Schools,http://www.newlondon.org/staff_directory/,"""Woodstock Public Schools"" ""Special education"" intitle:staff"
Central Community School System,Staff Directory OLD - Central High School,http://central.mansd.org/directory,"""Central Community School System"" ""Special education"" intitle:staff"
Chatham Elementary School,chatham-schools | GMS Staff,http://www.chathamschools.org/gms-staff#!,"""Chatham Elementary School"" ""Special education"" intitle:staff"
Nanoose Bay Elementary,Posts of School News - Google,https://sites.google.com/a/g.oconee.k12.sc.us/seneca-middle/resources/school-news/posts.xml,"""Nanoose Bay Elementary"" ""Special education"" intitle:staff"
Glendale Elementary,Staff Directory • Page - Glendale Elementary School,http://sweethomeschools.org/GES/1207-Staff-Directory.html,"""Glendale Elementary"" ""Special education"" intitle:staff"
Fairview Elementary,Staff - Milwaukee Public Schools,http://www5.milwaukee.k12.wi.us/school/fairview/staff/,"""Fairview Elementary"" ""Special education"" intitle:staff"
Brighton School,Staff - Brighton #1 School District,http://www.brightonschool.net/staff,"""Brighton School"" ""Special education"" intitle:staff"
New Caney Elementary,Student and Staff Services / Student Transfers - New Caney ISD,http://www.newcaneyisd.org/Page/411,"""New Caney Elementary"" ""Special education"" intitle:staff"
The Hill School,"Faculty & Staff | The Hill School of Middleburg, VA",http://www.thehillschool.org/faculty-staff/,"""The Hill School"" ""Special education"" intitle:staff"
Mt. Pleasant School District,Staff Directory - Mount Pleasant Elementary School District,http://www.mountpleasant.k12.ca.us/staff_directory/,"""Mt. Pleasant School District"" ""Special education"" intitle:staff"
Richfield Dual Language School,"Staff Resources / Sept. 8, 2017 Heights eNews",https://mn02204243.schoolwires.net/Page/3193,"""Richfield Dual Language School"" ""Special education"" intitle:staff"
Josephine,Altoona School District - Staff Directory,http://www.altoona.k12.wi.us/staff_directory.cfm?dosearch=1,"""Josephine"" ""Special education"" intitle:staff"
The Achievement Academy,Meet the Staff | Columbus Speech & Hearing Center ...,http://www.columbusspeechandhearingcenter.com/office/meet-the-staff.aspx,"""The Achievement Academy"" ""Special education"" intitle:staff"
West Texas Elementary,Staff Directory - bakerelementary,http://bakerelementary.sharpschool.com/staff_directory/,"""West Texas Elementary"" ""Special education"" intitle:staff"
Dyer-Kelly Elementary School,Staff Directory - San Juan Unified School District,https://www.sanjuan.edu/staff,"""Dyer-Kelly Elementary School"" ""Special education"" intitle:staff"
Williamsburg High School,Staff / Homepage - Williamsburg Community School District,http://www.williamsburg.k12.pa.us/domain/14,"""Williamsburg High School"" ""Special education"" intitle:staff"
Cold Springs Middle School,Staff - Cold Springs Middle School Home of the Cats,http://coldspringsmiddleschool.weebly.com/staff.html,"""Cold Springs Middle School"" ""Special education"" intitle:staff"
Peine Ridge Elementary,Office Staff / Office Staff - Wentzville School District ...,https://www.wentzville.k12.mo.us/domain/237,"""Peine Ridge Elementary"" ""Special education"" intitle:staff"
Orchard Park Elementary School,Office Staff - Sugar Creek Elementary School,http://sces.fortmillschools.org/cms/one.aspx?portalid=58753&pageid=115897,"""Orchard Park Elementary School"" ""Special education"" intitle:staff"
Central Montessori School,Auxiliary Teachers and Specialist Staff - Central ...,http://www.centralmontessoriacademy.com/our-school/staff-and-board/auxiliary-teachers-specialist-staff/,"""Central Montessori School"" ""Special education"" intitle:staff"
Grandview ISD,HISD Staff / Overview,http://www.hisd.us/domain/12,"""Grandview ISD"" ""Special education"" intitle:staff"
Burton School District,Student Support/Special Education - Burton School District,http://www.burtonschools.org/Page/811,"""Burton School District"" ""Special education"" intitle:staff"
Dodgeville Elementary,Dodgeville School District - DES Staff - dsd.k12.wi.us,http://www.dsd.k12.wi.us/dodelem/desstaff.cfm,"""Dodgeville Elementary"" ""Special education"" intitle:staff"
South Fork School District,School Staff • Page - South Fork USD,http://www.southforkschool.org/District/1169-School-Staff.html,"""South Fork School District"" ""Special education"" intitle:staff"
MIZE ATTENDANCE CENTER,Staff Directory - Taylorsville Elementary School,https://sites.google.com/a/smithcountyschools.net/tes/home/staff,"""MIZE ATTENDANCE CENTER"" ""Special education"" intitle:staff"
Veterans Memorial Elementary,Staff Directory - Veterans Memorial School,http://veterans.gloucesterschools.com/staff-directory,"""Veterans Memorial Elementary"" ""Special education"" intitle:staff"
Winona Elementary,Teacher & Staff Directory - Winona ISD,http://www.winonaisd.org/campuses/elementary_and_intermediate_school/teacher___staff_directory/,"""Winona Elementary"" ""Special education"" intitle:staff"
Eastside Elementary,Sun Prairie Area School District - Staff Directory,http://www.sunprairie.k12.wi.us/schools/eastside/esstaffdirectory.cfm,"""Eastside Elementary"" ""Special education"" intitle:staff"
Brandywine Springs School,Odyssey Charter School | Staff Directory,http://odysseycharterschooldel.com/directory.html,"""Brandywine Springs School"" ""Special education"" intitle:staff"
Valley Middle School,Special Education Staff Directory - Detail Page,http://www.garnetvalleyschools.com/site/default.aspx?PageType=3&ModuleInstanceID=1575&ViewID=7b97f7ed-8e5e-4120-848f-a8b4987d588f&RenderLoc=0&FlexDataID=2118&PageID=737,"""Valley Middle School"" ""Special education"" intitle:staff"
St. Jude School,Faculty & Staff - St. Jude Catholic School,http://www.stjudecatholic.com/SJCS/Faculty-and-Staff,"""St. Jude School"" ""Special education"" intitle:staff"
High Point Regional HS,Staff - High Point Regional School District,http://www.hpregional.org/staff,"""High Point Regional HS"" ""Special education"" intitle:staff"
Nether Providence Elementary,Faculty and Staff Directory / Welcome,http://www.wssd.org/site/Default.aspx?PageID=4214,"""Nether Providence Elementary"" ""Special education"" intitle:staff"
Atlantis Charter School,Staff Directory - Atlantis Charter School,http://www.atlantiscs.org/contact/staff-directory/,"""Atlantis Charter School"" ""Special education"" intitle:staff"
Sevastopol School,Sevastopol High School Mission Statement Our staff strives ...,http://www.sevastopol.k12.wi.us/UserFiles/Servers/Server_324535/File/MiddleSchool/Faculty%20Assignment%20Webpages%2014-15.pdf,"""Sevastopol School"" ""Special education"" intitle:staff"
Special Education Services,Special Education - Student Services / Staff Directory,https://www.washoeschools.net/Page/2400,"""Special Education Services"" ""Special education"" intitle:staff"
Seminole Public Schools,BOE Staff - Seminole County Schools,http://www.seminole.k12.ga.us/boe-staff,"""Seminole Public Schools"" ""Special education"" intitle:staff"
Lincoln Elementary School,Teachers & Staff - Lincoln Elementary School,http://les.tcboe.org/staff,"""Lincoln Elementary School"" ""Special education"" intitle:staff"
St. Anne's Academy,Staff – St. Ann's Academy,http://st-anns.ca/staff/,"""St. Anne's Academy"" ""Special education"" intitle:staff"
Wayne County BOE,Staff - Fort Gay PreK-8,http://fortgay.wayn.k12.wv.us/staff/,"""Wayne County BOE"" ""Special education"" intitle:staff"
Rivers Edge Academy,Staff — St. Paul Public Charter High School,http://www.riversedgeacademy.org/staff/,"""Rivers Edge Academy"" ""Special education"" intitle:staff"
Renaissance Academy,Renaissance Academy - Staff,http://www.renacademy.vbschools.com/pages/aboutus/staff/,"""Renaissance Academy"" ""Special education"" intitle:staff"
North High School,Supported Education / Supported Education Staff Directory,http://www.naperville203.org/Page/2996,"""North High School"" ""Special education"" intitle:staff"
Ethical Culture School,Faculty & Staff Directory | Manhattan Country School,http://www.manhattancountryschool.org/directory/staff,"""Ethical Culture School"" ""Special education"" intitle:staff"
alamogordo public schools,Staff Directory - Alamogordo Public Schools,http://www.aps4kids.org/cms/One.aspx?portalId=372462&pageId=376728#!,"""alamogordo public schools"" ""Special education"" intitle:staff"
Lyman Elementary School,RSD13 - John Lyman Elementary School - Staff E-mail,http://lyman.rsd13ct.org/About-Us/Staff-E-mail/index.html,"""Lyman Elementary School"" ""Special education"" intitle:staff"
PSLS,Breaking: Walter Fitzpatrick “Confronted” by Prison Staff ...,https://www.thepostemail.com/2015/06/23/breaking-walter-fitzpatrick-confronted-by-prison-staff-multiple-times-after-blowing-whistle-on-prisoners-for-profit-scheme/,"""PSLS"" ""Special education"" intitle:staff"
Carrollton Elementary School,"Educational Resources for Students, Parents and Teachers",http://www1.pgcps.org/carrollton/index.aspx?id=124982,"""Carrollton Elementary School"" ""Special education"" intitle:staff"
Coppell Independent School District,"Parents, Students, Staff - Coppell Independent School District",http://www.coppellisd.com/Page/12646,"""Coppell Independent School District"" ""Special education"" intitle:staff"
Lone Rock School,Lone Rock School Staff Page,http://www.lonerockschool.org/staff.htm,"""Lone Rock School"" ""Special education"" intitle:staff"
Conley Elementary School,Staff Directory - Chandler Unified School District,http://www.cusd80.com/site/Default.aspx?PageType=1&SiteID=1578&ChannelID=1589&DirectoryType=6,"""Conley Elementary School"" ""Special education"" intitle:staff"
Laura Mack,Our Staff — Tulsa Center for Child Psychology,http://www.tc4cp.com/our-crew-1,"""Laura Mack"" ""Special education"" intitle:staff"
Orland School Dist 135,Staff Files - Orland School District 135 / Homepage,http://www.orland135.org/domain/29,"""Orland School Dist 135"" ""Special education"" intitle:staff"
Leeds High School,School Staff - Leeds High School,http://www.leedshigh.org/school-staff,"""Leeds High School"" ""Special education"" intitle:staff"
Hammonton School District,HHS Staff Directory | Hammonton Public Schools,http://www.hammontonschools.org/hhs-staff-directory/,"""Hammonton School District"" ""Special education"" intitle:staff"
Taylorsville Elementary School,Taylorsville Elementary School Faculty/Staff / Welcome,http://www.bcsc.k12.in.us/domain/2877,"""Taylorsville Elementary School"" ""Special education"" intitle:staff"
Lexington High School,Searchable Staff Directory - Lexington Public Schools,http://lps.lexingtonma.org/domain/243,"""Lexington High School"" ""Special education"" intitle:staff"
Nolley Elementary School,Akron Ohio News - Manchester welcomes new staff,http://www.akron.com/akron-ohio-education-news.asp?aID=24097,"""Nolley Elementary School"" ""Special education"" intitle:staff"
Wilmot Elementary School,Staff List - Wilmot Elementary,http://wilmot.jeffcopublicschools.org/classrooms/staff_list,"""Wilmot Elementary School"" ""Special education"" intitle:staff"
OIS,Orinda Intermediate School: Staff Directory,https://ois-orinda-ca.schoolloop.com/cms/page_view?d=x&piid=&vpid=1351847604747,"""OIS"" ""Special education"" intitle:staff"
Wallingford Elementary School,Faculty and Staff Directory / Welcome,http://www.wssd.org/site/Default.aspx?PageID=4214,"""Wallingford Elementary School"" ""Special education"" intitle:staff"
Nether Providence Elementary School,Faculty and Staff Directory / Welcome,http://www.wssd.org/site/Default.aspx?PageID=4214,"""Nether Providence Elementary School"" ""Special education"" intitle:staff"
Wallingford-Swarthmore School District,Faculty and Staff Directory / Welcome,http://www.wssd.org/site/Default.aspx?PageID=4214,"""Wallingford-Swarthmore School District"" ""Special education"" intitle:staff"
Pullman Elementary School,FARIBAULT PUBLIC SCHOOLS ALL STAFF FALL WORKSHOP,http://faribault.k12.mn.us/common/pages/DisplayFile.aspx?itemId=8830650,"""Pullman Elementary School"" ""Special education"" intitle:staff"
Swarthmore-Rutledge School,Faculty and Staff Directory / Welcome,http://www.wssd.org/site/Default.aspx?PageID=4214,"""Swarthmore-Rutledge School"" ""Special education"" intitle:staff"
Private Tutoring,Free Homework Help | Our education staff publish regular ...,https://schooltutoring.com/help/,"""Private Tutoring"" ""Special education"" intitle:staff"
Cornwall Elementary,Staff / Home - Cornwall-Lebanon School District,https://www.clsd.k12.pa.us/Page/3409,"""Cornwall Elementary"" ""Special education"" intitle:staff"
Discovery Intermediate School,USD 265 - Goddard Public Schools - Staff,http://www.goddardusd.com/3489_1,"""Discovery Intermediate School"" ""Special education"" intitle:staff"
Lewisburg Area High School,Lewisburg High School Staff – Lewisburg Area School District,http://www.lasd.us/lewisburg-area-high-school/lewisburg-high-school-staff/,"""Lewisburg Area High School"" ""Special education"" intitle:staff"
Venado Middle School,DHH Directory University High School Name Title Email ...,http://www.ocde.us/DHH/Documents/DHH%20Directory%202011.pdf,"""Venado Middle School"" ""Special education"" intitle:staff"
West Side School,West Side Primary - Faculty and Staff,http://www.hbg.saline.k12.il.us/education/components/scrapbook/default.php?sectiondetailid=16552&,"""West Side School"" ""Special education"" intitle:staff"
Jemicy School,Staff Directory - Franklin Middle,http://franklinms.bcps.org/staff_directory,"""Jemicy School"" ""Special education"" intitle:staff"
Spring Valley Elementary School,"Faculty and Staff - School District of Spring Valley, WI",http://www.springvalley.k12.wi.us/html/faculty.html,"""Spring Valley Elementary School"" ""Special education"" intitle:staff"
Trexler Middle School,STAFF DIRECTORY – INTERMEDIATE SCHOOL – Governor Mifflin ...,https://www.governormifflinsd.org/homeold/schools/intermediate-school/staff-directory-intermediate-school/,"""Trexler Middle School"" ""Special education"" intitle:staff"
Jubilee,Cafeteria / CNP Staff - bcbe.org,https://www.bcbe.org/Page/13426,"""Jubilee"" ""Special education"" intitle:staff"
Columbus City Schools,Staff - Columbus City Schools,http://www.ccsoh.us/staff.aspx,"""Columbus City Schools"" ""Special education"" intitle:staff"
Ohio Department of Education,Staff Data | Ohio Department of Education,https://education.ohio.gov/Topics/Data/Frequently-Requested-Data/Staff-Data,"""Ohio Department of Education"" ""Special education"" intitle:staff"
Holdrege Public Schools,Middle School Staff Directory | Holdrege Public Schools,https://www.dusters.org/schools/middle-school/middle-school/,"""Holdrege Public Schools"" ""Special education"" intitle:staff"
Stockton Springs Elementary,Staff Directory - Regional School Unit #20,http://www.rsu20.org/home/staff-directory,"""Stockton Springs Elementary"" ""Special education"" intitle:staff"
Pioneer Middle School,Pioneer Staff - Wenatchee Schools,http://www.wenatcheeschools.org/pio/people,"""Pioneer Middle School"" ""Special education"" intitle:staff"
DoDDS,Master’s Degree in Special Education For Teachers and ...,https://www.education.umd.edu/research/centers/isecy/master%E2%80%99s-degree-special-education-teachers-and-professional-staff-department,"""DoDDS"" ""Special education"" intitle:staff"
Red Oak Elementary,*All Red Oak Staff List / Our Staff - Moore Public Schools,http://www.mooreschools.com/Domain/881,"""Red Oak Elementary"" ""Special education"" intitle:staff"
Lakeside Union Elementary,Staff - Lakeside Union Elementary School District,http://www.lakeside.k12.ca.us/District/Staff/,"""Lakeside Union Elementary"" ""Special education"" intitle:staff"
Gregg County Special Ed,About Us / Staff - Sabine ISD,http://www.sabineisd.org/Page/254,"""Gregg County Special Ed"" ""Special education"" intitle:staff"
Abingdon Elementary School,Our Staff - Abingdon Elementary School,http://abingdon.gloucester.schooldesk.net/OurSchool/StaffDirectory/tabid/56880/Default.aspx,"""Abingdon Elementary School"" ""Special education"" intitle:staff"
Dover Elementary School,Dover Union Free School District: Faculty & Staff,http://www.doverschools.org/page.cfm?p=62,"""Dover Elementary School"" ""Special education"" intitle:staff"
St. Germain Elementary School,St. Germain Elementary School Staff Directory,http://www.npsd.k12.wi.us/schools/sges/about-us/Staff_Directory.cfm,"""St. Germain Elementary School"" ""Special education"" intitle:staff"
Red Oak Elementary School,*All Red Oak Staff List / Our Staff - Moore Public Schools,http://www.mooreschools.com/Domain/881,"""Red Oak Elementary School"" ""Special education"" intitle:staff"
Guilford Elementary School,School Staff | Guilford Elementary School,http://ges.hcpss.org/school-staff,"""Guilford Elementary School"" ""Special education"" intitle:staff"
Wilson Public Schools,Oologah-Talala Public Schools - Staff|Human Resources,http://www.oologah.k12.ok.us/vnews/display.v/SEC/Staff%7CHuman%20Resources,"""Wilson Public Schools"" ""Special education"" intitle:staff"
Burruss Elementary,Faculty & Staff Directory - Marietta City Schools,https://www.marietta-city.org/Page/710,"""Burruss Elementary"" ""Special education"" intitle:staff"
Cindy Kline,Support Staff - Redbank Valley School District,http://www.redbankvalley.net/support-staff.html?limit=20&limitstart=0,"""Cindy Kline"" ""Special education"" intitle:staff"
White Rock Christian Academy,Staff Christmas Party | White Rock Christian Academy,http://wrca.ca/event/staff-christmas-party/,"""White Rock Christian Academy"" ""Special education"" intitle:staff"
Raymer Elementary,"Toledo Public Schools - Human Resources, Staff Development ...",http://tps.org/tps-monthly-calendar/302-district-programs/3550-human-resources-staff-development-training-committee-meeting,"""Raymer Elementary"" ""Special education"" intitle:staff"
Three Rivers Middle School,Professional Staff Openings – Three Rivers Community Schools,https://trschools.org/employment/professional-staff-openings/,"""Three Rivers Middle School"" ""Special education"" intitle:staff"
Lakeside School,Teachers/Staff | Lakeside Joint School District,http://www.lakesidelosgatos.org/index.php/teachersstaff/,"""Lakeside School"" ""Special education"" intitle:staff"
St. Thomas the Apostle School,Staff Directory - Saint Thomas the Apostle Roman Catholic ...,http://www.staphxschool.org/staff,"""St. Thomas the Apostle School"" ""Special education"" intitle:staff"
Northampton Public Schools,Office of Student Services Staff - Northampton Public Schools,http://www.northamptonschools.org/student-services-staff/,"""Northampton Public Schools"" ""Special education"" intitle:staff"
Tecumseh Local Schools,Staff Information - Tecumseh Local Schools,http://www.tecumseh.k12.oh.us/Staff.aspx,"""Tecumseh Local Schools"" ""Special education"" intitle:staff"
Cambria-Friesland School,Elementary Staff - cf.k12.wi.us,http://www.cf.k12.wi.us/elemstaff_directory.html,"""Cambria-Friesland School"" ""Special education"" intitle:staff"
St. Francis Xavier School,St. Francis Xavier School: Faculty and Staff Directory,http://www.edline.net/pages/StFrancisXavier/School_Info/Faculty_and_Staff_Directory,"""St. Francis Xavier School"" ""Special education"" intitle:staff"
Franklin Elementary,Staff Roster | Littleton Public Schools,http://littletonpublicschools.net/schools/franklin/staff-roster,"""Franklin Elementary"" ""Special education"" intitle:staff"
Sewell Elementary,2010-11 COMMITTEE: AWARDS COMMITTEE CHAIRPERSON: Loretta ...,https://www.ccea-nv.org/images/stories/pdfs/ARC/Agendas/October2010/committees_members.pdf,"""Sewell Elementary"" ""Special education"" intitle:staff"
London Christian Academy,London Christian Academy - Staff - Laura Fung,http://www.londonchristianacademy.ca/thinking-about-lca/staff/laura-fung/,"""London Christian Academy"" ""Special education"" intitle:staff"
West Bridgewater Public Schools,West Bridgewater Public Schools - Facebook,https://www.facebook.com/wbridgewaterschools/posts/925262407568093,"""West Bridgewater Public Schools"" ""Special education"" intitle:staff"
Waterford Oaks,School Staff Directory / School Staff Directory - CHISD,http://www.chisd.net/domain/271,"""Waterford Oaks"" ""Special education"" intitle:staff"
Dove Elementary School,Special Education / Staff Directory - Special Education,http://www.gcisd-k12.org/Page/47531,"""Dove Elementary School"" ""Special education"" intitle:staff"
St. Paul Lutheran School,Staff – Saint Paul Lutheran School,http://www.saint-paul.org/school/staff/,"""St. Paul Lutheran School"" ""Special education"" intitle:staff"
Kingsley Elementary School,Contact Us / Staff Directory - Naperville Community Unit ...,https://www.naperville203.org/Page/3343,"""Kingsley Elementary School"" ""Special education"" intitle:staff"
Valley School,Student Services & Special Education / Staff Contacts,http://www.pvsd.k12.ca.us/Page/216,"""Valley School"" ""Special education"" intitle:staff"
Hyde Park Elementary,Staff Directory - Hyde Park Elementary School,http://www.hpes.org/teachers-staff,"""Hyde Park Elementary"" ""Special education"" intitle:staff"
Brownwood Elementary,Staff - Scottsboro City School,http://www.scottsboroschools.net/departments/special_education_services/staff/,"""Brownwood Elementary"" ""Special education"" intitle:staff"
Covenant Christian School,Faculty & Staff « Covenant Christian School,http://www.ccs-pc.net/faculty-staff/,"""Covenant Christian School"" ""Special education"" intitle:staff"
Valdez City Schools,Information for Staff / Welcome - Valdez City Schools,http://www.valdezcityschools.org/domain/228,"""Valdez City Schools"" ""Special education"" intitle:staff"
School District 57,Staff Webpages - Mount Prospect School District 57,http://www.d57.org/StaffDirectory_Westbrook.aspx,"""School District 57"" ""Special education"" intitle:staff"
Pottsville School District,DHHL Staff / Home - Pottsville Area School District,http://www.pottsville.k12.pa.us/domain/116,"""Pottsville School District"" ""Special education"" intitle:staff"
Seguin Elementary,For Staff / Overview - Grand Prairie Independent School ...,https://www.gpisd.org/domain/10866,"""Seguin Elementary"" ""Special education"" intitle:staff"
McGuffey Elementary,Staff Directory - Newark City Schools,http://www.newarkcityschools.org/StaffDirectory1.aspx,"""McGuffey Elementary"" ""Special education"" intitle:staff"
Middle Township Schools,Parents/Staff | Middle Township Public Schools,http://www.middletwp.k12.nj.us/partensstaff/,"""Middle Township Schools"" ""Special education"" intitle:staff"
Sarah Kelly,Manheim Township School District - Facebook,https://www.facebook.com/manheimtownship/posts/1033123413399768,"""Sarah Kelly"" ""Special education"" intitle:staff"
Crest Memorial School,Staff Directory | Crest Memorial School,http://www.crestmem.edu/staff-directory/,"""Crest Memorial School"" ""Special education"" intitle:staff"
Cedar Ridge Elementary,Staff Directory / CR Staff - Eden Prairie Schools,http://www.edenpr.org/domain/570,"""Cedar Ridge Elementary"" ""Special education"" intitle:staff"
Westview Elementary School,Staff Directory | Westview Elementary School,https://westview.adams12.org/staff,"""Westview Elementary School"" ""Special education"" intitle:staff"
Hazen Elementary,Elementary Staff | Hazen School District,http://www.hazen.k12.nd.us/elementary-staff/,"""Hazen Elementary"" ""Special education"" intitle:staff"
Bonnie Brae Elementary,Business and Community Partner of the Year Awards ...,https://www.fcps.edu/node/35415,"""Bonnie Brae Elementary"" ""Special education"" intitle:staff"
Reavis Elementary School,Staff Directory and Web Pages - Lansing School District 158,http://www.d158.net/schools/reavis-elementary-school/staff-directory/,"""Reavis Elementary School"" ""Special education"" intitle:staff"
Meadowlark Elementary,Meadowlark Elementary - Staff - Kearney Public Schools,https://www.kearneypublicschools.org/schools/elementary-schools/meadowlark-elementary/staff.html,"""Meadowlark Elementary"" ""Special education"" intitle:staff"
Hermon Hutchens Elementary,Information for Staff / Welcome - Valdez City Schools,http://www.valdezcityschools.org/domain/228,"""Hermon Hutchens Elementary"" ""Special education"" intitle:staff"
Monaco Elementary,Our Staff - Adams 14 School District,http://www.adams14.org/index.php?token=eyJyZWYiOiJzdGFmZiIsImlkIjowLCJvdGgiOiIifQ==,"""Monaco Elementary"" ""Special education"" intitle:staff"
Roosevelt Elementary,Roosevelt » Staff - Mesa Public Schools,http://www.mpsaz.org/roosevelt/staff/,"""Roosevelt Elementary"" ""Special education"" intitle:staff"
East Lake Academy,Our Faculty & Staff – Hilger Higher Learning,https://hhlearning.com/who-we-are/our-faculty-staff/,"""East Lake Academy"" ""Special education"" intitle:staff"
Bristol Tennessee City Schools,Fairmount Elementary: Clubs & Organizations - Fairmount Staff,http://fairmountelem.tn.bce.schoolinsites.com/?PageName='OrganizationPage'&OrganizationID=32715,"""Bristol Tennessee City Schools"" ""Special education"" intitle:staff"
St. Johns School,Information for Staff | St. Johns County School District,http://www.stjohns.k12.fl.us/staff/,"""St. Johns School"" ""Special education"" intitle:staff"
Waconia Public Schools,Staff Directory | Waconia Public Schools,https://www.isd110.org/staff-directory,"""Waconia Public Schools"" ""Special education"" intitle:staff"
OHR HATORAH,Kinder Circle Staff,http://www.kindercircle.org/our-staff#!,"""OHR HATORAH"" ""Special education"" intitle:staff"
Annie Camp,Staff Information - DMJHS - Jonesboro Public Schools,http://www.jonesboroschools.net/schools/douglas_mac_arthur_junior_high_school/staff_information_-_d_m_j_h_s,"""Annie Camp"" ""Special education"" intitle:staff"
Sturgeon RV Schools,Sturgeon R-V Schools Welcome New Staff Members!!!,http://www.sturgeon.k12.mo.us/newstaffmembers.html,"""Sturgeon RV Schools"" ""Special education"" intitle:staff"
Lawrence School,Faculty and Staff Directory | Lawrence PTO,http://lawrenceschoolbrookline.org/faculty-and-staff-directory/,"""Lawrence School"" ""Special education"" intitle:staff"
Grand Haven Christian,Grand Haven Tribune: Local schools welcome new staff,http://www.grandhaventribune.com/Education/2017/09/16/Local-schools-welcome-new-staff,"""Grand Haven Christian"" ""Special education"" intitle:staff"
Union Academy,Teaching Staff - Plainfield School - Google Sites,https://sites.google.com/a/plainfieldschool.org/plainfield-blackhawks/our-staff/teachers,"""Union Academy"" ""Special education"" intitle:staff"
CHILDREN\'S UNIVERSITY,Staff - stjopayn.catholic.edu.au,http://www.stjopayn.catholic.edu.au/about-our-school/staff-1,"""CHILDREN\'S UNIVERSITY"" ""Special education"" intitle:staff"
Staples Motley ISD #2170,For Staff - Staples Motley School District,http://www.isd2170.k12.mn.us/for_staff/,"""Staples Motley ISD #2170"" ""Special education"" intitle:staff"
Afton CSD,About the District / Staff Directory - Akron Elementary School,http://www.akronschools.org/staffDirectory,"""Afton CSD"" ""Special education"" intitle:staff"
Sweetwater Middle School,Staff Directory - Sweetwater,http://sweetwater.wesdschools.org/directory,"""Sweetwater Middle School"" ""Special education"" intitle:staff"
Northwest Classen High School,All Staff / Resources - Oklahoma City Public Schools,https://www.okcps.org/domain/836,"""Northwest Classen High School"" ""Special education"" intitle:staff"
Stephenville ISD,2nd Grade Staff - Chamberlain Elementary School,http://ces.chamberlain.k12.sd.us/meet_the_staff/2nd_grade_staff,"""Stephenville ISD"" ""Special education"" intitle:staff"
Hook Elementary,Teachers & Staff - Sandy Hook Elementary,http://shes.shenandoah.k12.va.us/staff,"""Hook Elementary"" ""Special education"" intitle:staff"
Episcopal School of Knoxville,Tennessee Aquatics : Coaching Staff - TeamUnify,http://www.teamunify.com/Contact.jsp?team=sepac,"""Episcopal School of Knoxville"" ""Special education"" intitle:staff"
PS 209,UVU Faculty and Staff | Physics | Home,http://www.uvu.edu/physics/facultyandstaff.html,"""PS 209"" ""Special education"" intitle:staff"
Mortimer Jordan High School,MHS Faculty - Shelby County Schools,http://www.shelbyed.k12.al.us/schools/mhs/faculty.html,"""Mortimer Jordan High School"" ""Special education"" intitle:staff"
Troy City Schools,Staff | Troy City School District,http://www.troycsd.org/school-14/staff/,"""Troy City Schools"" ""Special education"" intitle:staff"
Macon County Schools,Board of Education Office Staff - Macon County School System,http://www.macon.k12.ga.us/directory/board_of_education_office_staff,"""Macon County Schools"" ""Special education"" intitle:staff"
Trenton Elementary School,Schools eye adding special services staff - Mount Desert ...,https://www.mdislander.com/maine-news/education-news/schools-eye-adding-special-services-staff,"""Trenton Elementary School"" ""Special education"" intitle:staff"
Lower Gwynedd Elementary School,Staff Directory - Wissahickon School District,http://www.wsdweb.org/about-wsd/staff-directory,"""Lower Gwynedd Elementary School"" ""Special education"" intitle:staff"
Greenwich Public Schools,Staff Directory - Greenwich Public Schools,http://www.greenwichschools.org/teaching-learning/special-education/department-directory,"""Greenwich Public Schools"" ""Special education"" intitle:staff"
GLWC,Siena Heights University > Faculty & Staff,http://sienaheights.edu/FacultyandStaff/tabid/322/Letter/X/Default.aspx,"""GLWC"" ""Special education"" intitle:staff"
Middle Tennessee State University,Staff -:|:- Tennessee Tech,https://www.tntech.edu/education/edadvising/staff,"""Middle Tennessee State University"" ""Special education"" intitle:staff"
Ridgemoor Elementary,Staff - Menifee Union School District,http://www.menifeeusd.org/district/Staff/,"""Ridgemoor Elementary"" ""Special education"" intitle:staff"
Honaunau Elementary School,Staff - Hookena Elementary School,http://www.hookena.k12.hi.us/staff,"""Honaunau Elementary School"" ""Special education"" intitle:staff"
Brimfield Grade School,STAFF - SEAPCO,https://www.seapco.org/index.php/staff?start=240,"""Brimfield Grade School"" ""Special education"" intitle:staff"
Richards School,TCS Special Education Staff - Towns County Schools,http://www.towns.k12.ga.us/tcs/dept/sped/sped-staff.htm,"""Richards School"" ""Special education"" intitle:staff"
Loveland Primary School,Staff Directory - Loveland City Schools,http://www.lovelandschools.org/staffdirectory9444.aspx,"""Loveland Primary School"" ""Special education"" intitle:staff"
Motley Elementary School,For Staff - Staples Motley School District,http://www.isd2170.k12.mn.us/for_staff/,"""Motley Elementary School"" ""Special education"" intitle:staff"
Highland School,Staff Directory - Highland School District,http://www.highland.wednet.edu/staff_directory/,"""Highland School"" ""Special education"" intitle:staff"
Hammond Central School,School Staff | Hammond Middle School,http://hms.hcpss.org/school-staff,"""Hammond Central School"" ""Special education"" intitle:staff"
Northgate School District,NCAP Letter Sent to Teachers and Staff at each School Site ...,https://northgatecaps.org/2016/12/07/ncap-letter-sent-to-school-sites-today/,"""Northgate School District"" ""Special education"" intitle:staff"
"Heartland Eye Consultants, LLC",Heartland Eye Consultants | Our Staff | Vision Therapy ...,https://heartland-eye.com/about/our-staff/,"""Heartland Eye Consultants, LLC"" ""Special education"" intitle:staff"
Bow Elementary School,Broken Bow Public Schools - Our District|Staff Directory,http://www.bbps.org/vnews/display.v/SEC/Our%20District%7CStaff%20Directory,"""Bow Elementary School"" ""Special education"" intitle:staff"
St. Augustine School,St. Augustine Elementary School: Faculty & Staff,http://www.edline.net/pages/staugustineandover/FACULTY_AND_STAFF/Faculty___Staff,"""St. Augustine School"" ""Special education"" intitle:staff"
Central Dauphin School District,Special Programs - Central Dauphin School District,http://www.cdsd.k12.pa.us/Page/161,"""Central Dauphin School District"" ""Special education"" intitle:staff"
Indian Hill School District,Staff - Indian Hill Exempted Village School District,http://indianhillschools.org/departments/staff,"""Indian Hill School District"" ""Special education"" intitle:staff"
Neenah High School,Neenah Joint School District - Staff Directory,http://www.neenah.k12.wi.us/schools/high/nhs_schooldirectory.cfm,"""Neenah High School"" ""Special education"" intitle:staff"
Washington Middle School,Staff - Washington Middle School,http://washington.evscschools.com/about_us/staff,"""Washington Middle School"" ""Special education"" intitle:staff"
Woodward Academy,DPSCD to host transition enrollment fair for charter ...,http://detroitk12.org/content/2017/06/22/dpscd-to-host-transition-enrollment-fair-for-charter-school-family-and-staff/,"""Woodward Academy"" ""Special education"" intitle:staff"
Maplewood Middle School,Staff Directory - somsd.k12.nj.us,http://www.somsd.k12.nj.us/site/default.aspx?PageType=12&DomainId=1&ModuleInstanceId=81,"""Maplewood Middle School"" ""Special education"" intitle:staff"
Trinity School,Meet Our Faculty & Staff - Holy Trinity Catholic School ...,http://holy-trinity-school.org/about-staff.php,"""Trinity School"" ""Special education"" intitle:staff"
Dixon Elementary,Administrators & Staff Directory - Elmbrook Schools,http://www.elmbrookschools.org/dixon-elementary-school/about/administrators-staff-directory,"""Dixon Elementary"" ""Special education"" intitle:staff"
All Saints Academy,Faculty and Staff - All Saints Academy,http://www2.asasaints.com/index.php/about-asa/faculty-and-staff,"""All Saints Academy"" ""Special education"" intitle:staff"
Leakey ISD,Staff Directory - Utopia ISD,http://www.utopiaisd.net/staff-directory,"""Leakey ISD"" ""Special education"" intitle:staff"
Sam Houston Elementary,Staff Directory / SHE Staff Directory,https://www.maryville-schools.org/domain/381,"""Sam Houston Elementary"" ""Special education"" intitle:staff"
Bennett Elementary School,Staff Directory - Bennett Elementary School,https://bennettes.pwcs.edu/staff_directory,"""Bennett Elementary School"" ""Special education"" intitle:staff"
Culver Elementary,Staff - SAN MIGUEL JOINT UNION SCHOOL DISTRICT,http://www.sanmiguelschools.org/staff.html,"""Culver Elementary"" ""Special education"" intitle:staff"
Dana Elementary,R H Dana Elementary School: Special Education Staff,http://rhdana.capousd.ca.schoolloop.com/cms/page_view?d=x&piid=&vpid=1227680665551,"""Dana Elementary"" ""Special education"" intitle:staff"
Julian Newman Elementary,Central Office Team / Central Office Staff,https://www.acs-k12.org/Page/76,"""Julian Newman Elementary"" ""Special education"" intitle:staff"
Honaunau Elementary School,Staff - Hookena Elementary School,http://www.hookena.k12.hi.us/staff,"""Honaunau Elementary School"" ""Special education"" intitle:staff"
SD 70,What Is RTI? - JSTOR,http://www.jstor.org/doi/xml/10.1086/659031,"""SD 70"" ""Special education"" intitle:staff"
WASD,Special Education / Professional Staff,http://www.wasd.org/Page/285,"""WASD"" ""Special education"" intitle:staff"
PS 42,Staff - schools.nycenet.edu,http://schools.nycenet.edu/region5/ps42/staff.htm,"""PS 42"" ""Special education"" intitle:staff"
Cedar Hill Prep School,Cedar Hill Preparatory School Faculty & Staff Directory,http://cedarhillprep.com/about-us/faculty-and-staff-directory/,"""Cedar Hill Prep School"" ""Special education"" intitle:staff"
Hidalgo High school,Staff - CCISD,https://veterans.ccisd.us/Staff/EliasBlanco,"""Hidalgo High school"" ""Special education"" intitle:staff"
Carl Sandburg High School,Staff Directory - Lemont High School,http://www.lhs210.net/staff/,"""Carl Sandburg High School"" ""Special education"" intitle:staff"
LVI,Staff Directory | La Vega Intermediate School,https://lvi.lavegaisd.org/apps/staff/,"""LVI"" ""Special education"" intitle:staff"
Rhonda Foster,PERSONNEL August CERTIFIED STAFF Recommendation to Employ,http://www.centergrove.k12.in.us/cms/lib4/IN01000850/Centricity/Domain/64/PersReport2Aug08.pdf,"""Rhonda Foster"" ""Special education"" intitle:staff"
International School of Louisiana,Operational Staff | IHSNO,http://www.ihsnola.org/faculty/,"""International School of Louisiana"" ""Special education"" intitle:staff"
Robinson Middle School,Staff Directory / Robinson Middle Directory,http://www.pisd.edu/schools/secondary/robinson/staff.shtml,"""Robinson Middle School"" ""Special education"" intitle:staff"
Rome City Schools,"Rome City Schools budget adds 21 teachers, other staff ...",http://www.northwestgeorgianews.com/rome/news/education/rome-city-schools-budget-adds-teachers-other-staff/article_5e45d4d4-f1f4-11e3-b498-0017a43b2370.html,"""Rome City Schools"" ""Special education"" intitle:staff"
Archbold Area Schools,Archbold School District Adds 11 To Staff | www ...,http://www.archboldbuckeye.com/news/2007-08-15/front_page/005.html,"""Archbold Area Schools"" ""Special education"" intitle:staff"
Chagrin Falls Schools,Staff Directory - Chagrin Falls Exempted Village Schools,http://www.chagrinschools.org/Staff.aspx,"""Chagrin Falls Schools"" ""Special education"" intitle:staff"
Ridgewood Elementary,Our School / Staff Directory - Kent School District / Home,http://www.kent.k12.wa.us/Page/2557,"""Ridgewood Elementary"" ""Special education"" intitle:staff"
Battle Creek elementary,Staff Directory - Staff Page 1 of 40 - Battle Creek Public ...,http://www.battlecreekpublicschools.org/ourdistrict/staffdirectory/,"""Battle Creek elementary"" ""Special education"" intitle:staff"
Berthoud Elementary School,Meet the Staff / First Grade - Thompson School District ...,http://www.thompsonschools.org/Page/13634,"""Berthoud Elementary School"" ""Special education"" intitle:staff"
Summit Academy,Quick Links for Staff - Summit Academy Schools,https://summitacademies.org/quick-links-staff/,"""Summit Academy"" ""Special education"" intitle:staff"
CPSB,Faculty/Staff / Special Education,https://www.cpsb.org/Page/4585,"""CPSB"" ""Special education"" intitle:staff"
HW Smith School,Urban Fellowship Program Increases Diversity Among SCSD ...,http://www.syracusecityschools.com/districtpage.cfm?pageid=6763,"""HW Smith School"" ""Special education"" intitle:staff"
Armitage Academy,Our Amazing Staff - Barbereux School of Evanston,http://www.barbereux.com/staff/,"""Armitage Academy"" ""Special education"" intitle:staff"
Rialto Unified School District,Rialto Unified School District: Categorical Program Staff,http://kec.rialto.k12.ca.us/categoricalstaff,"""Rialto Unified School District"" ""Special education"" intitle:staff"
Goodhue Public School,Staff Directory - Fosston Public Schools,http://www.fosston.k12.mn.us/page/members,"""Goodhue Public School"" ""Special education"" intitle:staff"
Geneva Elementary School,Squalicum High School Counseling Staff honored as ...,https://promise.bellinghamschools.org/2017/12/05/squalicum-high-school-counseling-staff-honored-education-heroes-futuresnw/,"""Geneva Elementary School"" ""Special education"" intitle:staff"
Holy Angels School,Wall School Staff Directory - Sturgis Public Schools,http://www.sturgisps.org/staff_directory/wall_school_staff_directory/,"""Holy Angels School"" ""Special education"" intitle:staff"
Prince George Schools,Prince George Public Schools Staff – Just another ...,http://staff.pgs.k12.va.us/,"""Prince George Schools"" ""Special education"" intitle:staff"
Faris Elementary,Staff Resources | Hutchinson Public Schools,http://www.usd308.com/node/23,"""Faris Elementary"" ""Special education"" intitle:staff"
Colonial School District,Staff Directory - Colonial School District,http://www.colonialsd.org/about-colonial/staff-directory,"""Colonial School District"" ""Special education"" intitle:staff"
McCormick Middle School,Staff Directory - Blackboard Learn,http://beta2.schoolworld.com/hayscisd/staff_directory.cfm?location=36&school=36,"""McCormick Middle School"" ""Special education"" intitle:staff"
Gordon Denny Community School,2015-2016 Staff : Gordon Denny Community School,http://gordondennycommunityschool.ca/?page_id=17,"""Gordon Denny Community School"" ""Special education"" intitle:staff"
Riverside Elementary East,Staff Directory / Staff Directory - Riverside School District,https://www.riversidesd.com/Domain/106,"""Riverside Elementary East"" ""Special education"" intitle:staff"
Sherman Central School,Title I Staff | Sherman Central School District,http://shermancsd.org/title-i-staff/,"""Sherman Central School"" ""Special education"" intitle:staff"
University Lake School,Welcome to our New Staff Members - St John Vianney Parish,http://stjohnv.org/school/announcements/welcome-to-our-new-staff-members/,"""University Lake School"" ""Special education"" intitle:staff"
Langdon Elementary School,Langdon Avenue ES: Staff Directory,http://www.langdonelementary.com/cms/page_view?d=x&piid=&vpid=1434014161088,"""Langdon Elementary School"" ""Special education"" intitle:staff"
Charles Ellis Montessori,Home - Teachers/Staff,http://internet.savannah.chatham.k12.ga.us/schools/Ellis/staff,"""Charles Ellis Montessori"" ""Special education"" intitle:staff"
The Reading Clinic,Faculty & Staff | College of Education | Rowan University,https://academics.rowan.edu/education/Contact%20Us/facultystaff/iles-janet.html,"""The Reading Clinic"" ""Special education"" intitle:staff"
Fort Lewis Mesa Elementary,Staff Directory | Durango School District 9-R,https://www.durangoschools.org/apps/staff/,"""Fort Lewis Mesa Elementary"" ""Special education"" intitle:staff"
Teton Middle School,District Staff - Teton High School,https://tsd401.org/district/district-staff/,"""Teton Middle School"" ""Special education"" intitle:staff"
BANYAN,Banyan School » ADMINISTRATION & STAFF,https://www.banyanschool.com/about-banyan/administration-staff/,"""BANYAN"" ""Special education"" intitle:staff"
Prairie Lakes AEA,Staff Portal | Prairie Lakes Area Education Agency,http://www.plaea.org/staff-portal/,"""Prairie Lakes AEA"" ""Special education"" intitle:staff"
Central Elementary,Faculty & Staff – Central Elementary,https://central.alpineschools.org/faculty-staff/,"""Central Elementary"" ""Special education"" intitle:staff"
Laurie Cuddy,Staff e-mail list / E-mail list for teachers,http://www.hinsdalebobcats.org/domain/133,"""Laurie Cuddy"" ""Special education"" intitle:staff"
Ryan school,Our Staff Directory - Denton ISD,http://www.dentonisd.org/site/Default.aspx?PageType=1&SiteID=1047&ChannelID=5922&DirectoryType=6,"""Ryan school"" ""Special education"" intitle:staff"
C.A.R.E. Services,"The Staff - Florida Center for Advocacy, Research and ...",https://sites.google.com/site/floridacenterforadvocacy/the-staff,"""C.A.R.E. Services"" ""Special education"" intitle:staff"
Hammond School,School Staff | Hammond Middle School,http://hms.hcpss.org/school-staff,"""Hammond School"" ""Special education"" intitle:staff"
OLPH,Pastoral Staff - Our Lady of Perpetual Help Roman Catholic ...,http://www.olphlindenhurst.com/pastoral-staff.html,"""OLPH"" ""Special education"" intitle:staff"
Lancaster CSD,Directory / Complete Staff Listing - Lancaster High School,http://www.lancasterschools.org/Page/191,"""Lancaster CSD"" ""Special education"" intitle:staff"
JCDS,Gateways Jewish Special Education Staff Profiles | Gateways,http://www.jgateways.org/About-us/Staff-Profiles,"""JCDS"" ""Special education"" intitle:staff"
Grand Prairie School,"her new role at Chelsea over the summer. She stated, “It ...",http://www.fsd157c.org/Documents/Ctrl_Hyperlink/press_release_board-meeting_6_17_15_rev_uid6232015749201.pdf,"""Grand Prairie School"" ""Special education"" intitle:staff"
Rio Rancho Public Schools,Rio Rancho school district adding more teachers and staff ...,https://www.abqjournal.com/413700/rio-rancho-school-district-adding-more-teachers-and-staff.html,"""Rio Rancho Public Schools"" ""Special education"" intitle:staff"
Marchus School,Staff List for the Contra Costa County Office of Education,http://www.cccoe.k12.ca.us/about/staff.php,"""Marchus School"" ""Special education"" intitle:staff"
Manassa Elementary,Manassa Elementary School - School Staff,http://north.co.schoolwebpages.com/education/components/scrapbook/default.php?sectiondetailid=1009&,"""Manassa Elementary"" ""Special education"" intitle:staff"
Prairie Valley School Division,School Support Staff Jobs in Saskatchewan | Careerjet.ca,https://www.careerjet.ca/school-support-staff-jobs/saskatchewan-4671.html,"""Prairie Valley School Division"" ""Special education"" intitle:staff"
Pinnacle School,Faculty & Staff - The Pinnacle School | Special Education ...,https://www.pinnacle-ct.org/faculty-staff-pinnacle-school,"""Pinnacle School"" ""Special education"" intitle:staff"
West Yellowstone Schools,West Yellowstone School - Staff,http://westyellowstone.k12.mt.us/staff/,"""West Yellowstone Schools"" ""Special education"" intitle:staff"
Logos School,Staff | Logos Academy – The Hong Kong Chinese Christian ...,http://www.logosacademy.edu.hk/en/about-us/staff/,"""Logos School"" ""Special education"" intitle:staff"
Cascade Ridge Elementary,Cascade Ridge Staff - Issaquah Connect,https://connect.issaquah.wednet.edu/elementary/cascade/staff/?Redirected=true,"""Cascade Ridge Elementary"" ""Special education"" intitle:staff"
Elgin Community College,CCJobs - CommunityCollegeJobs | Community College Jobs in ...,https://www.communitycollegejobs.com/,"""Elgin Community College"" ""Special education"" intitle:staff"
Gifft Hill School,2017-2018 New Staff Summary Gifft Hill School,https://www.giffthillschool.org/documents/New%20Staff%20Summary%20for%202017-18.pdf,"""Gifft Hill School"" ""Special education"" intitle:staff"
Morden Collegiate,WSD Administrative Office Staff - Western School Division,http://www.westernsd.mb.ca/index.php?option=com_contact&view=category&catid=51&id=51&Itemid=59,"""Morden Collegiate"" ""Special education"" intitle:staff"
Cyril Public Schools,Staff - Elgin Public Schools,http://www.elginps.org/for_staff/,"""Cyril Public Schools"" ""Special education"" intitle:staff"
Center for Learning and Development,Cooke Center - Special Education in New York City: Faculty ...,http://www.cookecenter.org/page.cfm?p=444,"""Center for Learning and Development"" ""Special education"" intitle:staff"
Trinity Lutheran School,Teaching Staff - Trinity Lutheran School,https://www.tlsonline.org/learn-about-us/teaching-staff/,"""Trinity Lutheran School"" ""Special education"" intitle:staff"
Madison Public Schools,Staff - Madison Public Schools,https://www.madison.k12.ct.us/staff,"""Madison Public Schools"" ""Special education"" intitle:staff"
Mary McDowell Center for Learning,Faculty & Staff Directory | Manhattan Country School,http://www.manhattancountryschool.org/directory/staff,"""Mary McDowell Center for Learning"" ""Special education"" intitle:staff"
Wells ISD,View Posts • Staff - Waskom Independent School District,http://www.waskomisd.net/district/staff,"""Wells ISD"" ""Special education"" intitle:staff"
McCord Elementary,Staff Directory | A.E.R.O. Special Education Cooperative,https://www.aerosped.org/staff-directory/,"""McCord Elementary"" ""Special education"" intitle:staff"
Zephyr ISD,Staff Contacts | Zephyr ISD,http://zephyrisd.net/staff-contacts/,"""Zephyr ISD"" ""Special education"" intitle:staff"
West Branch Rose City Area Schools,"Log on to the ""Staff Portal"" for access to: - WBRC",http://www.wbrc.k12.mi.us/staff-resources/,"""West Branch Rose City Area Schools"" ""Special education"" intitle:staff"
Hebron Public School,Morton-Sioux Special Education Unit Staff.,http://www.mandan.k12.nd.us/morton-sioux-special-education-unit-home-d6b05409/about-msseu-299b6a0a/staff-901ffb79,"""Hebron Public School"" ""Special education"" intitle:staff"
Richmond Regional High School,Support Staff Handbook 2014 - Eastern Townships School Board,http://textlab.io/doc/171996/support-staff-handbook-2014---eastern-townships-school-board,"""Richmond Regional High School"" ""Special education"" intitle:staff"
St. Mary's School,"Faculty & Staff | St. Mary's Catholic School | Morris, MN",http://stmarysmorris.com/about-us/faculty-staff/,"""St. Mary's School"" ""Special education"" intitle:staff"
Central Quebec School Board,Staff - QESBA,http://www.qesba.qc.ca/en/about-us/staff,"""Central Quebec School Board"" ""Special education"" intitle:staff"
Ashland City School District,Central Office Staff | Ashland City Schools,http://ashlandcityschools.org/district/central-office-staff,"""Ashland City School District"" ""Special education"" intitle:staff"
Waller School,Waller ISD - WISD Special Ed Staff,http://www.wallerisd.schoolfusion.us/modules/cms/pages.phtml?pageid=156874,"""Waller School"" ""Special education"" intitle:staff"
Liberty-Eylau ISD,Liberty-Eylau ISD - Special Services Staff,http://www.leisd.net/170624_3,"""Liberty-Eylau ISD"" ""Special education"" intitle:staff"
Henry County Schools,Exceptional Student Education / Staff,http://schoolwires.henry.k12.ga.us/Page/37639,"""Henry County Schools"" ""Special education"" intitle:staff"
Laurie Michaels,Speech Therapy NYC | Midwood | Adler Molly Gurland ...,https://www.adlermollygurland.com/brooklyn-staff#!,"""Laurie Michaels"" ""Special education"" intitle:staff"
Altoona Area SD,Altoona School District - Staff Directory,http://www.altoona.k12.wi.us/staff_directory.cfm?dosearch=1,"""Altoona Area SD"" ""Special education"" intitle:staff"
Midland ISD,Special Services / Parent and Staff Training Opportunities,http://www.midlandisd.net/Page/21374,"""Midland ISD"" ""Special education"" intitle:staff"
Curriculum Services,Child Study Team Staff & Resources - Newark Public Schools,https://www.nps.k12.nj.us/departments/curriculum-services/office-special-education/child-study-team/,"""Curriculum Services"" ""Special education"" intitle:staff"
Dry Ridge Elementary,Staff Directory - Grant County Schools Home,http://www.grant.kyschools.us/staff.aspx,"""Dry Ridge Elementary"" ""Special education"" intitle:staff"
East Mississippi Community College,Staff Listing - Research and Curriculum Unit,https://www.rcu.msstate.edu/AboutUs/StaffListing.aspx,"""East Mississippi Community College"" ""Special education"" intitle:staff"
Elm Grove Elementary,Special Education / Special Education Staff:,http://www.humbleisd.net/domain/5255,"""Elm Grove Elementary"" ""Special education"" intitle:staff"
Hannah More School,Hannah More at Severn River Middle School Staff,https://www.sheppardpratt.org/special-education-services/our-schools/hannah-more-school-severn-river-middle-school/staff-bio,"""Hannah More School"" ""Special education"" intitle:staff"
Louisiana Department of Corrections,The Process of Classification in Prisons: A Descriptive ...,http://www.tandfonline.com/doi/pdf/10.1080/0735648X.1990.9721400,"""Louisiana Department of Corrections"" ""Special education"" intitle:staff"
National Right to Read Foundation,Free! Speech Intro Letter to Teachers and Staff ...,https://www.pinterest.com/pin/12807180170357120/,"""National Right to Read Foundation"" ""Special education"" intitle:staff"
Rise Academy,RISE Academy for Adult Achievement / Meet our Staff,https://www.washoeschools.net/Page/4256,"""Rise Academy"" ""Special education"" intitle:staff"
SW\WC Service Cooperative,Staff Directory / Staff Directory - swsc.org,http://www.swsc.org/domain/8,"""SW\WC Service Cooperative"" ""Special education"" intitle:staff"
Temecula Valley USD,Temecula Valley Unified School District: Purchasing Staff,http://www.tvusd.k12.ca.us/cms/section?d=x&group_id=1246500902173,"""Temecula Valley USD"" ""Special education"" intitle:staff"
The Learning Center,Our Staff - The Learning Center,http://www.tlcnea.com/our-staff,"""The Learning Center"" ""Special education"" intitle:staff"
Wareham Middle School,"Long-time district teachers, staff honored - By Andrea Ray ...",http://cloud-lb.villagesoup.com/p/long-time-district-teachers-staff-honored/1651297,"""Wareham Middle School"" ""Special education"" intitle:staff"
Washington Community School,Faculty & Staff Resources - Washington Community Schools,http://www.washingtoncommunityschools.org/faculty--staff-resources.html,"""Washington Community School"" ""Special education"" intitle:staff"
Weatherford ISD,Staff Directory | Weatherford High School Ninth Grade Center,https://ngc-hs.weatherfordisd.com/apps/staff/,"""Weatherford ISD"" ""Special education"" intitle:staff"
