Lima City Schools,Faculty Experiences Related to Diversity | ONU Center for ...,https://webstu.onu.edu/ncate/node/74,"""Lima City Schools"" ""Special education"" intitle:faculty"
Central Elementary School,Faculty & Staff – Central Elementary,https://central.alpineschools.org/faculty-staff/,"""Central Elementary School"" ""Special education"" intitle:faculty"
Hampton Academy,Southampton High School - Faculty and Staff,http://schools.southampton.k12.va.us/education/components/sectionlist/default.php?sectiondetailid=66&,"""Hampton Academy"" ""Special education"" intitle:faculty"
Horizon Charter School,Horizon Charter School - Faculty and Staff,http://portal.horizoncharterschools.org/?Obj=FacultyandStaff,"""Horizon Charter School"" ""Special education"" intitle:faculty"
Concord School District,Education Faculty | SNHU,https://www.snhu.edu/student-experience/campus-experience/campus-academics/faculty/education,"""Concord School District"" ""Special education"" intitle:faculty"
Jefferson Elementary,Jefferson Elementary School — Faculty & Staff,http://jefferson.jpschools.org/about-us/faculty-staff/,"""Jefferson Elementary"" ""Special education"" intitle:faculty"
Needsville ISD,Needville High School - Faculty Directory,http://hs.needvilleisd.com/24655_2,"""Needsville ISD"" ""Special education"" intitle:faculty"
Humble ISD,"Administration, Faculty, & Staff - Animas Public Schools",http://www.animask12.net/Staff,"""Humble ISD"" ""Special education"" intitle:faculty"
Hickory Flat Elementary,Faculty/Staff – Indian Knoll Elementary School,http://cherokeek12.net/indianknolles/faculty-staff/,"""Hickory Flat Elementary"" ""Special education"" intitle:faculty"
Arlington ISD,Faculty - Boles Junior High - aisd.net,https://www.aisd.net/boles-junior-high/faculty/,"""Arlington ISD"" ""Special education"" intitle:faculty"
Paul Munro Elementary,Faculty Directory - Tomahawk Elementary School,http://tes.campbell.k12.va.us/faculty-staff,"""Paul Munro Elementary"" ""Special education"" intitle:faculty"
Hawthorne BOE,Faculty Directory - Hawthorne Public Schools,http://www.hawthorne.k12.nj.us/site/Default.aspx?PageType=1&SiteID=9&ChannelID=58&DirectoryType=6,"""Hawthorne BOE"" ""Special education"" intitle:faculty"
The Village School,About - happyvillage.org,http://happyvillage.org/about/,"""The Village School"" ""Special education"" intitle:faculty"
East End Elementary,Faculty and Staff - Chastain Road Elementary School,http://cre.pickens.k12.sc.us/our_staff/faculty_and_staff,"""East End Elementary"" ""Special education"" intitle:faculty"
Saddleback Valley USD,ESL Faculty | Saddleback College,https://www.saddleback.edu/la/esl-faculty,"""Saddleback Valley USD"" ""Special education"" intitle:faculty"
Oneida Baptist Institute,Kentucky Private High Schools with the Most Educated ...,https://www.privateschoolreview.com/advanced-degree-stats/kentucky/high,"""Oneida Baptist Institute"" ""Special education"" intitle:faculty"
Germantown School District,Germantown School District - Quizlet Listing Page - Kent Korek,http://www.germantownschools.org/faculty/kkorek/Quizlet_Listing_Page.cfm,"""Germantown School District"" ""Special education"" intitle:faculty"
Lincoln County School District,Faculty & Staff - Pahranagat Valley High School,http://www.pvhspanthers.com/faculty-staff/,"""Lincoln County School District"" ""Special education"" intitle:faculty"
Incarnation Catholic School,Faculty and Staff | Our Lady of Lourdes Catholic School,http://www.myoll.com/faculty-and-staff/,"""Incarnation Catholic School"" ""Special education"" intitle:faculty"
Marianne Burrow,Faculty and Staff - OnCourse Systems For Education,https://app.oncoursesystems.com/school/webpage/11131750/908721,"""Marianne Burrow"" ""Special education"" intitle:faculty"
Girard School District,Faculty & Staff - Girard School District,http://www.girardsd.org/faculty-staff,"""Girard School District"" ""Special education"" intitle:faculty"
Hays CISD,Education - Faculty Jobs in Austin | Jobing.com,https://austin.jobing.com/cat/education-faculty,"""Hays CISD"" ""Special education"" intitle:faculty"
Caney Valley Public Schools,CAVE SPRINGS PUBLIC SCHOOLS - Faculty and Staff,http://www.cavesprings.k12.ok.us/245,"""Caney Valley Public Schools"" ""Special education"" intitle:faculty"
Creston Community Schools,High School Faculty Directory | Denison Community Schools,http://www.denison.k12.ia.us/high-school/faculty-directory,"""Creston Community Schools"" ""Special education"" intitle:faculty"
Alexander Elementary School,A. C. Alexander Elementary School — Faculty & Staff,http://alexander.jpschools.org/about-us/faculty-staff/,"""Alexander Elementary School"" ""Special education"" intitle:faculty"
Burbank USD,Faculty and Staff • Page - Luther Burbank Middle School,http://www.burbankusd.org/LBMS/15210-Untitled.html,"""Burbank USD"" ""Special education"" intitle:faculty"
Johnson Creek School District,Johnson Creek School District - New - Elementary Faculty/Staff,http://www.johnsoncreek.k12.wi.us/schools/elementary/our-school/elemstaff.cfm,"""Johnson Creek School District"" ""Special education"" intitle:faculty"
McBride School,UT College of Engineering News» Blog Archive » Seven ...,http://wordpress.utoledo.edu/engineering/2017/08/08/faculty-selected-for-ut-scholars-institute-program/,"""McBride School"" ""Special education"" intitle:faculty"
Good Shepherd School,Faculty / Staff / Volunteers - Good Shepherd School,http://www.goodshepherdla.org/about,"""Good Shepherd School"" ""Special education"" intitle:faculty"
McLaurin Elementary School,Faculty and Staff - Chastain Road Elementary School,http://cre.pickens.k12.sc.us/our_staff/faculty_and_staff,"""McLaurin Elementary School"" ""Special education"" intitle:faculty"
Metropolitan Community College,FACULTY PROFILE - myCSU – Columbia Southern University,http://online.columbiasouthern.edu/CSU_Content/courses/Professor/michellenekuda.pdf,"""Metropolitan Community College"" ""Special education"" intitle:faculty"
New Road School of Somerset,Leadership and Faculty | New Road School of New Jersey,http://newroadschool.com/leadership-and-faculty/,"""New Road School of Somerset"" ""Special education"" intitle:faculty"
Mary Wright,Faculty & Staff - millardk12.org,http://www.millardk12.org/schools/dms/index.php/faculty-staff,"""Mary Wright"" ""Special education"" intitle:faculty"
Bloomfield College,Education Faculty & Staff | Bloomfield College,http://www.bloomfield.edu/academics/programs-and-majors/education/meet-faculty,"""Bloomfield College"" ""Special education"" intitle:faculty"
Western Elementary,Faculty & Staff - Coweta Schools,http://www.cowetaschools.org/aes/index.php/staff,"""Western Elementary"" ""Special education"" intitle:faculty"
Jefferson Elementary,Jefferson Elementary School — Faculty & Staff,http://jefferson.jpschools.org/about-us/faculty-staff/,"""Jefferson Elementary"" ""Special education"" intitle:faculty"
Valley Christian School,Our Faculty and Staff - Valley Christian High School,https://vchsaz.org/academics/faculty/,"""Valley Christian School"" ""Special education"" intitle:faculty"
Metropolitan Community College,FACULTY PROFILE - myCSU – Columbia Southern University,http://online.columbiasouthern.edu/CSU_Content/courses/Professor/michellenekuda.pdf,"""Metropolitan Community College"" ""Special education"" intitle:faculty"
Newton Elementary,West Newton > About Us > Faculty and Staff > Media Center,http://www.newtoncountyschools.org/west_newton/about-us/faculty-and-staff/media-center.aspx,"""Newton Elementary"" ""Special education"" intitle:faculty"
Fayetteville-Perry Local,Faculty Calendar - Fayetteville - Perry Local Schools,http://www.fp.k12.oh.us/district_calendar/faculty_calendar/,"""Fayetteville-Perry Local"" ""Special education"" intitle:faculty"
Howard Elementary,Elementary School Faculty - Howard School District,https://howard.k12.sd.us/FacultyElementary.html,"""Howard Elementary"" ""Special education"" intitle:faculty"
Banks County Elementary School,"Faculty and Staff - Janice Reiselt, Principal",http://bcps.banks.k12.ga.us/faculty-and-staff.html,"""Banks County Elementary School"" ""Special education"" intitle:faculty"
Centreville Elementary,Graduate School of Education Faculty News | Page 1,https://gse.gmu.edu/news/fac-news,"""Centreville Elementary"" ""Special education"" intitle:faculty"
Holy Trinity School,Meet Our Faculty & Staff - Holy Trinity Catholic School ...,http://holy-trinity-school.org/about-staff.php,"""Holy Trinity School"" ""Special education"" intitle:faculty"
St. Aloysius,Faculty and Staff - St. Alphonsus Parish School Seattle ...,http://stalseattle.org/school/our-community/faculty-and-staff/,"""St. Aloysius"" ""Special education"" intitle:faculty"
Washington Oak Elementary,Monthly Report to the Faculty April 2011,http://www.plymouth.edu/office/vpaa/files/2011/09/apr11mnthlyreportfaculty.pdf,"""Washington Oak Elementary"" ""Special education"" intitle:faculty"
Advantage Academy,"41 Faculty Manager Jobs in Grand Prairie, TX | LinkedIn",https://www.linkedin.com/jobs/faculty-manager-jobs-grand-prairie-tx,"""Advantage Academy"" ""Special education"" intitle:faculty"
Fulton County Elementary/,Nevils Elementary School: Faculty and Staff,http://nes.bulloch.k12.ga.us/faculty,"""Fulton County Elementary/"" ""Special education"" intitle:faculty"
Forest Hills Elementary,FOREST HILLS ELEMENTARY STAFF AND FACULTY,http://www.colleton.k12.sc.us/schools/fhe/FOREST%20HILLS%20ELEMENTARY%20STAFF%20AND%20FACULTY.doc,"""Forest Hills Elementary"" ""Special education"" intitle:faculty"
Floyd Elementary,"CES Faculty - Floyd County Schools, VA",http://intranet.floyd.k12.va.us/checkel/CES/Faculty%20&%20Staff/CES%20Faculty.htm,"""Floyd Elementary"" ""Special education"" intitle:faculty"
Highlands School,Faculty - Hope Highlands Middle School,http://hopehighlands.weebly.com/faculty.html,"""Highlands School"" ""Special education"" intitle:faculty"
Magnolia Speech School,Faculty and Staff at Mississippi College Close Out 2014 ...,https://www.mc.edu/news/faculty-and-staff-mississippi-college-close-out-2014-united-way-campaign/,"""Magnolia Speech School"" ""Special education"" intitle:faculty"
Dickson Public Schools,Faculty & Staff - Fairland Elementary School,http://www.fairlandowls.com/Faculty%20&%20Staff.htm,"""Dickson Public Schools"" ""Special education"" intitle:faculty"
Lakeview Christian School,"Adjunct Faculty at Taylor University | Profiles, Jobs ...",https://www.linkedin.com/title/adjunct-faculty-at-taylor-university,"""Lakeview Christian School"" ""Special education"" intitle:faculty"
Madison Oneida BOCES,Faculty and Staff Directory - Remsen Elementary School,http://www.remsencsd.org/Page/435,"""Madison Oneida BOCES"" ""Special education"" intitle:faculty"
Holy Rosary Catholic School,Our Faculty & Staff - Holy Rosary Catholic School ...,https://www.holyrosary-school.org/staff,"""Holy Rosary Catholic School"" ""Special education"" intitle:faculty"
Central High School,Faculty & Staff - Rich Township High School District 227,http://www.rich227.org/staff5653.aspx,"""Central High School"" ""Special education"" intitle:faculty"
The Roeper School,Faculty - The Roeper School,http://www.roeper.org/employee/faculty-,"""The Roeper School"" ""Special education"" intitle:faculty"
Saginaw Valley State University,SVSU - Resources - Faculty,https://svsu.edu/resources/faculty/,"""Saginaw Valley State University"" ""Special education"" intitle:faculty"
Greenville Elementary,Faculty Resources | Greenville CSD,http://www.greenville.k12.ny.us/district/facultyResources.asp,"""Greenville Elementary"" ""Special education"" intitle:faculty"
Edu-Prize,Staff & Faculty Biographies - Great Hearts Archway Chandler,http://archwaychandler.greatheartsacademies.org/staff-faculty-biographies/,"""Edu-Prize"" ""Special education"" intitle:faculty"
Alice Morgan,Troubling profile of life in Northern High unfolds School ...,http://articles.baltimoresun.com/1997-11-21/news/1997325070_1_students-robinson-northern-high-school,"""Alice Morgan"" ""Special education"" intitle:faculty"
Murray School,Faculty and Staff | Horizon Elementary,http://www.murrayschools.org/horizon/index.php/staff/,"""Murray School"" ""Special education"" intitle:faculty"
Emerson Elementary School,Faculty Directory | Emerson Elementary School,https://emerson.slcschools.org/our-school/faculty-directory,"""Emerson Elementary School"" ""Special education"" intitle:faculty"
Delgado Community College,Health Technology Colleges in Louisiana with Course ...,https://study.com/health_technology_college_in_louisiana.html,"""Delgado Community College"" ""Special education"" intitle:faculty"
Durham Public Schools,Education - Faculty Jobs in Austin | Jobing.com,https://austin.jobing.com/cat/education-faculty,"""Durham Public Schools"" ""Special education"" intitle:faculty"
Atkinson  Elementary,Faculty & Staff - Coweta Schools,http://www.cowetaschools.org/aes/index.php/staff,"""Atkinson  Elementary"" ""Special education"" intitle:faculty"
St. Anne's,St. Anne’s Announces New Head of Middle School and New Faculty,http://chestertownspy.org/2016/09/04/st-annes-announces-new-head-of-middle-school-and-new-faculty/,"""St. Anne's"" ""Special education"" intitle:faculty"
Mill Road Intermediate,"Goble, Randy - Special Education / Upcoming Faculty Meetings",https://www.redhookcentralschools.org/Page/2729,"""Mill Road Intermediate"" ""Special education"" intitle:faculty"
Mixon Elementary,Heard-Mixon Elementary School > About Us > Faculty and Staff,http://www.newtoncountyschools.org/heard_mixon/about-us/faculty-and-staff.aspx,"""Mixon Elementary"" ""Special education"" intitle:faculty"
Springfield City Schools,Upper Arlington Schools: Faculty & Staff Directory,http://www.uaschools.org/page.cfm?p=653,"""Springfield City Schools"" ""Special education"" intitle:faculty"
Garfield Middle School,Faculty List - Garfield Public Schools,http://www.gboe.org/TJMS/GMS/FACULTY%20LIST%202016%202017.htm,"""Garfield Middle School"" ""Special education"" intitle:faculty"
Academy for Urban School Leadership,Welcome to Our New Faculty and Staff | News article,http://www.latinschool.org/about-us/news-article/~post/welcome-to-our-new-faculty-and-staff-20170821,"""Academy for Urban School Leadership"" ""Special education"" intitle:faculty"
Addison Elementary,Elementary School Faculty - Addison Community Schools,http://www.addisonschools.org/staff-categories/elementary-school/,"""Addison Elementary"" ""Special education"" intitle:faculty"
Holland Bloorview Kids,Faces of U of T Medicine: Gail Teachman | Faculty of Medicine,https://medicine.utoronto.ca/news/faces-u-t-medicine-gail-teachman,"""Holland Bloorview Kids"" ""Special education"" intitle:faculty"
Parker Elementary,Parker Elementary - Parker Faculty and Staff,http://galvestonisd.tx.schoolwebpages.com/education/components/scrapbook/default.php?sectiondetailid=28844&,"""Parker Elementary"" ""Special education"" intitle:faculty"
Ellsworth Junior Senior High,Faculty and Staff - USD 327,http://www.usd327.org/ejshs/faculty-and-staff,"""Ellsworth Junior Senior High"" ""Special education"" intitle:faculty"
Laurelhurst,Staff List / Faculty - Portland Public Schools,https://www.pps.net/Page/5328,"""Laurelhurst"" ""Special education"" intitle:faculty"
Fuller School,Faculty & Staff – Nolensville Elementary School,https://www.wcs.edu/nes/school-info/faculty-staff/,"""Fuller School"" ""Special education"" intitle:faculty"
Marion School District,Marion Middle School - Faculty Directory,http://mms.msd3.org/90791_2,"""Marion School District"" ""Special education"" intitle:faculty"
Greenwood Elementary,Faculty & Staff – Greenwood Elementary,https://greenwood.alpineschools.org/faculty-staff/,"""Greenwood Elementary"" ""Special education"" intitle:faculty"
Little Chico Creek Elem.,Adjunct/Temporary Faculty 1],https://www.csuchico.edu/ncate/documents/Standard5/5.4.b%20Qualifications%20of%20Clinical%20Faculty.pdf,"""Little Chico Creek Elem."" ""Special education"" intitle:faculty"
Ford Elementary,Ford Elementary School - St. Louis Public Schools,http://www.slps.org/site/Default.aspx?PageType=1&SiteID=609&ChannelID=635&DirectoryType=6,"""Ford Elementary"" ""Special education"" intitle:faculty"
Eastern Oregon University,College of Education Faculty and Staff | Colleges of ...,https://www.eou.edu/cobe/ed/directory/,"""Eastern Oregon University"" ""Special education"" intitle:faculty"
Legacy Academy,Faculty & Staff | Legacy Christian Academy,http://www.lcamn.org/about-us/faculty-staff/,"""Legacy Academy"" ""Special education"" intitle:faculty"
Pembroke School,Pembroke Public Schools: Private Lesson Faculty,http://www.edlinesites.net/pages/PembrokePS/Departments/Visual_and_Performing_Arts/8483100344666417042/Private_Lesson_Faculty,"""Pembroke School"" ""Special education"" intitle:faculty"
Holy Trinity,Elementary Faculty and Staff - Holy Trinity Schools,http://www.holytrinityschools.org/elementary-faculty-and-staff,"""Holy Trinity"" ""Special education"" intitle:faculty"
St. Johns,Faculty Positions | St. John's University,http://www.stjohns.edu/about/administrative-offices/human-resources/recruitment/faculty-positions,"""St. Johns"" ""Special education"" intitle:faculty"
Easton Middle School,Faculty/Staff Directory - Welcome to Easton Public Schools,http://www.easton.k12.ma.us/our_schools/moreau_hall/faculty_staff_directory.php,"""Easton Middle School"" ""Special education"" intitle:faculty"
Hodgen Elementary,Hodgin Elementary School: Faculty and Staff,http://hodgin.aps.edu/cms/page_view?d=x&piid=&vpid=1392794080112,"""Hodgen Elementary"" ""Special education"" intitle:faculty"
Wayne Elementary,Ben Davis High School - Staff | Faculty Schedules,http://www.wayne.k12.in.us/bdschoolpersonnel/faculty_schedules.asp,"""Wayne Elementary"" ""Special education"" intitle:faculty"
Marina Vista,Faculty & Staff - Synapse School,http://www.synapseschool.org/about-us/faculty-staff,"""Marina Vista"" ""Special education"" intitle:faculty"
RLAC,UNCG Faculty Publications - Pinterest,https://www.pinterest.com/pin/258112622365084055/,"""RLAC"" ""Special education"" intitle:faculty"
Huntsville Achievement,Alabama Private Schools with the Most Educated Faculty ...,https://www.privateschoolreview.com/advanced-degree-stats/alabama,"""Huntsville Achievement"" ""Special education"" intitle:faculty"
Glencoe Elementary,Faculty/Staff - Glencoe Elementary School,http://ges.ecboe.org/faculty__staff,"""Glencoe Elementary"" ""Special education"" intitle:faculty"
Dudley Middle School,Faculty & Staff Listings - Dudley-Charlton Regional School ...,http://www.dcrsd.org/schools/dudley-middle/staff-directory/faculty-staff-listings,"""Dudley Middle School"" ""Special education"" intitle:faculty"
St. Joseph School,Faculty and Staff - St. Joseph Catholic School,http://www.stjosephschoolpekin.com/about-us/faculty-staff.cfm,"""St. Joseph School"" ""Special education"" intitle:faculty"
Holbrook Elementary,Faculty and Staff Directory - Davis School District,http://www.davis.k12.ut.us/site/Default.aspx?PageType=1&SiteID=2430&ChannelID=2436&DirectoryType=6,"""Holbrook Elementary"" ""Special education"" intitle:faculty"
Signal Hill,Signal Hill School District #181 - Faculty & Classrooms,http://signalhill.il.schoolwebpages.com/education/components/scrapbook/default.php?sectiondetailid=1427&,"""Signal Hill"" ""Special education"" intitle:faculty"
Sandburg Elementary,New Faculty Members Sign on at Area Schools | Archives ...,http://www.tulsaworld.com/archives/new-faculty-members-sign-on-at-area-schools/article_ae5f6f64-ea22-5d52-95b1-71563902194e.html,"""Sandburg Elementary"" ""Special education"" intitle:faculty"
William Brown,William Brown - Capella University Faculty - School of ...,http://www.capellaresults.com-www.capellaresults.com/faculty/bio/dr-bill-brown/1225331,"""William Brown"" ""Special education"" intitle:faculty"
Teague ISD,Mexia ISD - Home,http://www.mexiaisd.net/18819_1,"""Teague ISD"" ""Special education"" intitle:faculty"
Abingdon Elementary,Watauga Elementary Welcomes Six New Faculty Members ...,https://rves.wcs.k12.va.us/news/watauga-elementary-welcomes-six-new-faculty-members,"""Abingdon Elementary"" ""Special education"" intitle:faculty"
Parkview Christian School,School Faculty | Parkview Christian Yorkville School,http://pcafalcons.com/school-faculty/,"""Parkview Christian School"" ""Special education"" intitle:faculty"
Bart Johnson,Faculty Excellence Award recipients for 2016-17 announced ...,https://around.uoregon.edu/content/faculty-excellence-award-recipients-2016-17-announced,"""Bart Johnson"" ""Special education"" intitle:faculty"
Baker Elementary,Faculty & Staff - Baker Elementary School,http://bakerelementarymauryk12.ss9.sharpschool.com/about_us/faculty___staff,"""Baker Elementary"" ""Special education"" intitle:faculty"
Expeditionary Learning Academy,Faculty & Departments - Wasatch Academy,http://wasatchacademy.org/academics/faculty-departments/,"""Expeditionary Learning Academy"" ""Special education"" intitle:faculty"
North Elementary,Faculty & Staff – Northpoint Elementary,https://northpoint.alpineschools.org/faculty-staff/,"""North Elementary"" ""Special education"" intitle:faculty"
Children's World,Education Department Faculty | Red Rocks Community College,http://www.rrcc.edu/education/faculty,"""Children's World"" ""Special education"" intitle:faculty"
Halifax County Public Schools,Lunenburg County Public Schools Faculty 2017 - Lunenburg ...,http://scholarshipguidance.org/tag/lunenburg-county-public-schools-faculty,"""Halifax County Public Schools"" ""Special education"" intitle:faculty"
Linda Mansfield,MSU faculty earn distinguished professor title | MSUToday ...,http://msutoday.msu.edu/news/2015/msu-faculty-earn-distinguished-professor-title/,"""Linda Mansfield"" ""Special education"" intitle:faculty"
Crest  Elementary School,Crest USD 479 - Contacts|Faculty and Staff,http://www.usd479.org/vnews/display.v/SEC/Contacts%7CFaculty%20and%20Staff,"""Crest  Elementary School"" ""Special education"" intitle:faculty"
Frederica Academy,New Faculty & Staff · The Park School of Baltimore,http://www.parkschool.net/directory/new-faculty-staff/,"""Frederica Academy"" ""Special education"" intitle:faculty"
The Children's School,Faculty in Teacher Education - Cabrini University,https://www.cabrini.edu/about/departments/academic-departments/school-of-education/teacher-education/faculty,"""The Children's School"" ""Special education"" intitle:faculty"
Christ the Teacher,Lycoming College Faculty Scholarships - Scholarships.com,https://www.scholarships.com/financial-aid/college-scholarships/scholarships-by-grade-level/high-school-scholarships/scholarships-for-high-school-seniors/lycoming-college-faculty-scholarships/,"""Christ the Teacher"" ""Special education"" intitle:faculty"
center point urbana,Grinnell-Newburg CSD - Faculty and Staff|Faculty Resources,http://www.grinnell-k12.org/vnews/display.v/SEC/Faculty%20and%20Staff%7CFaculty%20Resources,"""center point urbana"" ""Special education"" intitle:faculty"
Pope John Paul II Catholic School,Faculty and Staff - St. John Paul II Catholic School,http://www.sjp2catholicschool.com/Faculty_and_Staff,"""Pope John Paul II Catholic School"" ""Special education"" intitle:faculty"
Mason City Schools,"Our Faculty and Staff - UC CECH, University of Cincinnati",http://cech.uc.edu/education/programs/early-childhood-education/campus/employees.html?eid=carrvw,"""Mason City Schools"" ""Special education"" intitle:faculty"
Marshall Middle School,Student Faculty Basketball Game - TONIGHT!! March 16 6pm,https://sites.google.com/a/billericak12.com/bps/schools/marshall/announcements/studentfacultybasketballgame-tuesdaymarch,"""Marshall Middle School"" ""Special education"" intitle:faculty"
St. Paul's Episcopal School,St. Paul's Early Education Center » Faculty,http://www.stpaulsearlyedcenter.com/faculty/,"""St. Paul's Episcopal School"" ""Special education"" intitle:faculty"
Rockbrook Elementary,New Faculty Members Susanne Gibbins – Junior Kindergarten ...,http://www.brownell.edu/uploaded/About_Us/FINAL_2014_New_Faculty_Staff_Announcement.pdf,"""Rockbrook Elementary"" ""Special education"" intitle:faculty"
New Branches School,Faculty & Staff - New Branches School,http://newbranches.org/about-us/faculty-staff/,"""New Branches School"" ""Special education"" intitle:faculty"
Diagnostic Center,Faculty and Staff Resource Guide - De Anza College,http://www.deanza.edu/specialed/pdf/disabilities.pdf,"""Diagnostic Center"" ""Special education"" intitle:faculty"
Denison ISD,Mayes Elementary - Denison ISD Welcomes You!,http://www.denisonisd.net/education/components/scdirectory/default.php?sectiondetailid=7182&,"""Denison ISD"" ""Special education"" intitle:faculty"
Hickman County Elementary,Faculty and Staff - Hickman County Schools,http://www.hickman.kyschools.us/FacultyandStaff.aspx,"""Hickman County Elementary"" ""Special education"" intitle:faculty"
CEAP,Meet the Faculty & Staff of the School of Teaching and ...,http://www.wcu.edu/learn/departments-schools-colleges/ceap/stl/meet-the-faculty-staff-of-the-school-of-teaching-and-learning/index.aspx,"""CEAP"" ""Special education"" intitle:faculty"
Ryerson Elementary,Faculty & Staff Directory - Madison Public Schools,http://www.madison.k12.ct.us/district/general-information/faculty-staff-directory,"""Ryerson Elementary"" ""Special education"" intitle:faculty"
SJHS,Faculty and Staff | Springville Junior High School,http://sjhs.nebo.edu/faculty,"""SJHS"" ""Special education"" intitle:faculty"
Garden city Community College,"Florence-Darlington Tech announces new faculty, staff ...",http://www.scnow.com/news/business/article_c225dda7-cf73-54d6-a908-08d99f00d520.html,"""Garden city Community College"" ""Special education"" intitle:faculty"
Waldorf School of Princeton,Faculty/Staff Directory | Waldorf School of Princeton,https://www.princetonwaldorf.org/dept-directory,"""Waldorf School of Princeton"" ""Special education"" intitle:faculty"
Marshall Elementary School,Faculty Directory | Asbury Park School District,http://www.asburypark.k12.nj.us/faculty/thurgood-marshall-elementary-school/michelle-rossi,"""Marshall Elementary School"" ""Special education"" intitle:faculty"
Liberty High School,Liberty High School Faculty Directory,http://www-lhs.beth.k12.pa.us/directory.html,"""Liberty High School"" ""Special education"" intitle:faculty"
Hilltop Elementary,"EdD Faculty, Students and Alumni | College of Education ...",http://education.uic.edu/content/edd-faculty-students-and-alumni,"""Hilltop Elementary"" ""Special education"" intitle:faculty"
Nursery Elementary,Kindergarten & Elementary / Primary Teachers(Saudi Arabia),https://www.seriousteachers.com/job_details/267952/3/kindergarten-elementary-primary-teachers-saudi-arabia,"""Nursery Elementary"" ""Special education"" intitle:faculty"
East Side School,Faculty - East Side High School,http://www.nps.k12.nj.us/EAS/school-staff/faculty/,"""East Side School"" ""Special education"" intitle:faculty"
Cedar Lane Elementary School,Faculty Directory - Loudoun County Public Schools,https://www.lcps.org/site/Default.aspx?PageType=1&SiteID=11678&ChannelID=17813&DirectoryType=6,"""Cedar Lane Elementary School"" ""Special education"" intitle:faculty"
Kaaawa Elementary,Faculty-pg1 - Laie Elementary - Google Sites,https://sites.google.com/a/laie.k12.hi.us/laie-elementary/faculty/faculty-1,"""Kaaawa Elementary"" ""Special education"" intitle:faculty"
Union Colony,Dr. William Hoyt - Secondary Faculty Secondary Education ...,http://www.unco.edu/coe/teachered/undergraduate/secondary/faculty/hoyt.html,"""Union Colony"" ""Special education"" intitle:faculty"
Oak Knoll School,"Summit Board of Education Honors Retiring Faculty, County ...",https://www.tapinto.net/sections/education/articles/summit-board-of-education-honors-retiring-faculty,"""Oak Knoll School"" ""Special education"" intitle:faculty"
St Pius X,Pius X - Faculty Directory,http://www.piusx.net/vnews/display.v/SEC/About%20Us%7CFaculty%20Directory,"""St Pius X"" ""Special education"" intitle:faculty"
Lamar Elementary School,Faculty and Staff Directory,http://www.greenvilleisd.com/site/Default.aspx?PageType=1&SiteID=4&ChannelID=30&DirectoryType=6,"""Lamar Elementary School"" ""Special education"" intitle:faculty"
Powers Schools,Faculty and Staff - Powers School District,http://www.powersschools.com/faculty,"""Powers Schools"" ""Special education"" intitle:faculty"
Joliet Junior College,Faculty and Staff Directory - Joliet Junior College,http://www.jjc.edu/human-resources/Pages/directory.aspx,"""Joliet Junior College"" ""Special education"" intitle:faculty"
Crenshaw Elementary,Central and Weis Middle School - Faculty and Staff,http://galvestonisd.tx.schoolwebpages.com/education/components/scrapbook/default.php?sectiondetailid=28604&,"""Crenshaw Elementary"" ""Special education"" intitle:faculty"
Staunton City Schools,Staunton Unit Schools Faculty/Staff E-mail Addresses,http://stauntonschools.org/faculty_staff.htm,"""Staunton City Schools"" ""Special education"" intitle:faculty"
Cambridge Elementary,Faculty - Dorchester County Public Schools,http://dcps.k12.md.us/schools/elementary-schools/sandy-hill-elementary/faculty?start=20,"""Cambridge Elementary"" ""Special education"" intitle:faculty"
Lane School,"Jason Naranjo, Ph.D. - Faculty and Staff - School of ...",https://www.uwb.edu/education/faculty/jasonnaranjo,"""Lane School"" ""Special education"" intitle:faculty"
CSE,CSE / Special Education Forms: Faculty,http://www.genvalley.org/Page/1289,"""CSE"" ""Special education"" intitle:faculty"
Arlington Elementary,faculty & staff - ARLINGTON ELEMENTARY SCHOOL,http://arlingtones.acsk-12.org/faculty--staff-list-and-teacher-websites.html,"""Arlington Elementary"" ""Special education"" intitle:faculty"
HMR,Job Descriptions - Jobs - Human Resources - Faculty/Staff ...,https://www.imperial.edu/faculty-and-staff/human-resources/jobs/job-descriptions/,"""HMR"" ""Special education"" intitle:faculty"
Switzerland County Middle School,Faculty – Switzerland County School Corporation,http://www.switzerland.k12.in.us/administration/faculty/,"""Switzerland County Middle School"" ""Special education"" intitle:faculty"
St. Elizabeth Ann Seton,Our Faculty | St. Ann Catholic School,http://www.stanncatholicschool.net/Our-Faculty,"""St. Elizabeth Ann Seton"" ""Special education"" intitle:faculty"
Pleasant Ridge Montessori,Faculty in Cincinnati | Wyoming Fine Arts Center,http://www.musicartdance.org/organization/faculty/,"""Pleasant Ridge Montessori"" ""Special education"" intitle:faculty"
St. Stephen School,Faculty and Staff Directory - St. Stephen's Catholic School,http://ststephenschool.org/contacts/directory/,"""St. Stephen School"" ""Special education"" intitle:faculty"
St. Patrick School,Denville Faculty Spotlight: Jennifer Faliveno - News - TAPinto,https://www.tapinto.net/sections/education/categories/news/articles/denville-faculty-spotlight-jennifer-faliveno,"""St. Patrick School"" ""Special education"" intitle:faculty"
Corpus Christi School,Faculty & Staff - St. Mary Catholic School,https://stmarys.k12.oh.us/faculty-staff/,"""Corpus Christi School"" ""Special education"" intitle:faculty"
Saint Matthew Catholic School,St. Matthew Parish School - School Faculty,http://stmatthewschool.org/Faculty.html,"""Saint Matthew Catholic School"" ""Special education"" intitle:faculty"
Mitchell College,"Elizabeth A. Thompson – Faculty, Staff, and Administration ...",https://mitchellhamline.edu/biographies/person/elizabeth-a-thompson/,"""Mitchell College"" ""Special education"" intitle:faculty"
St. Michael Academy,Faculty/Staff - Springfield MA,http://smaspringfield.org/about/facultystaff/,"""St. Michael Academy"" ""Special education"" intitle:faculty"
St. Croix Preparatory Academy,Upper School Faculty – St. Croix Prep,http://stcroixprep.org/upper-school-faculty/,"""St. Croix Preparatory Academy"" ""Special education"" intitle:faculty"
St. Thomas Apostle School,Living Hope Christian Faculty and Student Information San ...,http://www.schoolsandreunions.com/f_livinghopechristian_san-francisco_ca_121702.html,"""St. Thomas Apostle School"" ""Special education"" intitle:faculty"
Western Christian.org,Western Christian Schools | Private Schools in Claremont ...,https://www.westernchristian.org/page,"""Western Christian.org"" ""Special education"" intitle:faculty"
Saint James School,Alabama Private Schools with the Most Educated Faculty ...,https://www.privateschoolreview.com/advanced-degree-stats/alabama,"""Saint James School"" ""Special education"" intitle:faculty"
The Caedmon School,TEP Faculty and Staff - WSMS,http://wsmsnyc.org/teachereducation/faculty-and-staff/,"""The Caedmon School"" ""Special education"" intitle:faculty"
Carver Public Schools,Plymouth Public Schools: Faculty and Staff,http://www.plymouth.k12.ma.us/page.cfm?p=3059,"""Carver Public Schools"" ""Special education"" intitle:faculty"
Jackson County School District,Midland College Faculty Vitae,https://www.midland.edu/about/media/documents/vitae/hilliard-veronica.pdf,"""Jackson County School District"" ""Special education"" intitle:faculty"
Christopher Thomas,WHS Faculty & Staff - Wauseon High School - Google Sites,https://sites.google.com/a/wauseonindians.org/wauseon-high-school/whs-faculty-staff,"""Christopher Thomas"" ""Special education"" intitle:faculty"
Calvin Christian School,"School Reunions, Details For Lincoln Primary Faculty and ...",http://www.schoolsandreunions.com/f_lincolnprimary_escondido_ca_8959.html,"""Calvin Christian School"" ""Special education"" intitle:faculty"
St. Joseph,Special Education Faculty of Saint Joseph’s University,http://online.sju.edu/graduate/masters-special-education/faculty,"""St. Joseph"" ""Special education"" intitle:faculty"
MultiCultural Resource Center,Black Faculty and Staff | Student Multicultural Resource ...,http://smrc.siu.edu/brc/black-faculty-and-staff.php,"""MultiCultural Resource Center"" ""Special education"" intitle:faculty"
Trinity Christian,Trinity Christian School Faculty At A Glance,http://www.tcsfairfax.org/academics/faculty-at-a-glance,"""Trinity Christian"" ""Special education"" intitle:faculty"
Kingwood Christian School,Meet the Faculty | Kingwood Christian School,http://kingwoodchristianschool.com/about/meet-the-faculty/,"""Kingwood Christian School"" ""Special education"" intitle:faculty"
St. John Neumann Catholic School,Tennessee Private Schools with the Most Educated Faculty ...,https://www.privateschoolreview.com/advanced-degree-stats/tennessee,"""St. John Neumann Catholic School"" ""Special education"" intitle:faculty"
St. Jude,Faculty/Staff - Cathedral School of St. Jude,http://www.cathedralschoolofstjude.org/facultystaff1.html,"""St. Jude"" ""Special education"" intitle:faculty"
British School of Washington,Carrollwood Day School Faculty Staff Directory 2017 ...,http://scholarshipweb.net/tag/carrollwood-day-school-faculty-staff-directory,"""British School of Washington"" ""Special education"" intitle:faculty"
Champlin Park High School,Faculty and Staff Directory - St. Stephen's Catholic School,http://ststephenschool.org/contacts/directory/,"""Champlin Park High School"" ""Special education"" intitle:faculty"
Immaculate Conception,Faculty and Staff - Immaculate Conception Catholic School,http://www.icsnlr.org/about/faculty.cfm,"""Immaculate Conception"" ""Special education"" intitle:faculty"
District 2,FACULTY – Alberton Joint School District #2,http://alberton.k12.mt.us/faculty/,"""District 2"" ""Special education"" intitle:faculty"
Cassie,Faculty and Staff - Cleveland Elementary,http://clev.emeryschools.org/AboutUs/FacultyandStaff/tabid/78906/Default.aspx,"""Cassie"" ""Special education"" intitle:faculty"
Akin Elementary,Aikin Elementary: Faculty & Staff Directory - Edline,http://www.edline.net/pages/Aikin_Elementary/Pages/About_Aikin/Faculty___Staff_Directory,"""Akin Elementary"" ""Special education"" intitle:faculty"
Lone Peak Elementary,Lone Peak Elementary - Faculty,http://lonepeak.canyonsdistrict.org/index.php/faculty,"""Lone Peak Elementary"" ""Special education"" intitle:faculty"
Wakefield School,Faculty/Staff - Wakefield Public Schools,http://wakefieldpublicschools.org/WPS/greenwood/facultystaff/,"""Wakefield School"" ""Special education"" intitle:faculty"
Indian Trail Elementary School,"LaPorteCountyLife.com | Retiring Staff, Faculty Honored at ...",http://www.laportecountylife.com/community/education/31031-retiring-staff-faculty-honored-at-banquet,"""Indian Trail Elementary School"" ""Special education"" intitle:faculty"
Montessori Children's Academy,"Lewis (ed C.)elementary - Downey, CA-California Faculty ...",http://www.schoolsandreunions.com/f_lewis%28edc.%29elementary_downey_ca_8700.html,"""Montessori Children's Academy"" ""Special education"" intitle:faculty"
Chatham Elementary School,Faculty Directory - School District of Haverford Township,http://www.haverford.k12.pa.us/site/Default.aspx?PageType=1&SiteID=60&ChannelID=76&DirectoryType=6,"""Chatham Elementary School"" ""Special education"" intitle:faculty"
Roff Public School,Roff Public School - Middle School Faculty,http://www.roff.k12.ok.us/page/15975_2,"""Roff Public School"" ""Special education"" intitle:faculty"
Glendale Elementary,"Adjunct Faculty, English Department in Phoenix | Profiles ...",https://www.linkedin.com/title/adjunct-faculty%2C-english-department/phoenix,"""Glendale Elementary"" ""Special education"" intitle:faculty"
Fairview Elementary,Fairview Elementary > About Us > Faculty and Staff,http://www.newtoncountyschools.org/fairview/about-us/faculty-and-staff.aspx,"""Fairview Elementary"" ""Special education"" intitle:faculty"
Brighton School,Faculty - The Brighton School,http://www.thebrightonschool.org/about/faculty.cfm,"""Brighton School"" ""Special education"" intitle:faculty"
The Hill School,"Faculty & Staff | The Hill School of Middleburg, VA",http://www.thehillschool.org/faculty-staff/,"""The Hill School"" ""Special education"" intitle:faculty"
Josephine,"Welcome, new faculty! - Education Department",https://wagner.edu/education/education-news/welcome-new-faculty/,"""Josephine"" ""Special education"" intitle:faculty"
The Achievement Academy,Faculty Share Expertise with International Educators ...,http://magazine.oswego.edu/2015/08/21/faculty-share-expertise-with-international-educators-through-achievement-academy/,"""The Achievement Academy"" ""Special education"" intitle:faculty"
West Texas Elementary,West Texas Middle School - Middle School Faculty,http://ms.pspcisd.net/index.php?pageID=20637_2,"""West Texas Elementary"" ""Special education"" intitle:faculty"
Williamsburg High School,Archbishop McNicholas High School :: Faculty and Staff,https://www.mcnhs.org/about/facul/,"""Williamsburg High School"" ""Special education"" intitle:faculty"
Cold Springs Middle School,Education - Faculty Jobs in Nevada | Jobing.com,https://nevada.jobing.com/cat/education-faculty,"""Cold Springs Middle School"" ""Special education"" intitle:faculty"
Central Montessori School,Faculty & Staff - Madison Community Montessori School ...,http://www.madisoncommunitymontessori.org/learning-at-mcms/faculty-staff/,"""Central Montessori School"" ""Special education"" intitle:faculty"
Grandview ISD,Faculty and Staff Directory,http://www.greenvilleisd.com/site/Default.aspx?PageType=1&SiteID=4&ChannelID=30&DirectoryType=6,"""Grandview ISD"" ""Special education"" intitle:faculty"
Burton School District,Staff & Faculty • Page - Richmond-Burton HSD 157,http://www.rbchs.com/District/1302-Untitled.html,"""Burton School District"" ""Special education"" intitle:faculty"
Veterans Memorial Elementary,Faculty and Staff Directory / Home,https://www.romaisd.com/Page/1044,"""Veterans Memorial Elementary"" ""Special education"" intitle:faculty"
Eastside Elementary,Faculty & Staff Listing - Eastside Elementary School,http://ese.grady.k12.ga.us/faculty___staff_directory/faculty___staff_listing,"""Eastside Elementary"" ""Special education"" intitle:faculty"
Valley Middle School,Administration / Faculty and Staff,http://www.svsd.net/site/Default.aspx?PageID=3397,"""Valley Middle School"" ""Special education"" intitle:faculty"
St. Jude School,Faculty & Staff - St. Jude Catholic School,http://www.stjudecatholic.com/SJCS/Faculty-and-Staff,"""St. Jude School"" ""Special education"" intitle:faculty"
Nether Providence Elementary,Faculty and Staff Directory / Welcome,http://www.wssd.org/site/Default.aspx?PageID=4214,"""Nether Providence Elementary"" ""Special education"" intitle:faculty"
NEWBURGH PERFORMING ARTS ACADEMY,Meet Our Faculty • Darcy's Academy of Dance and Performing ...,http://darcysacademyofdance.com/teacher-bios.htm,"""NEWBURGH PERFORMING ARTS ACADEMY"" ""Special education"" intitle:faculty"
Sevastopol School,Green Lake School District - Faculty Directory,http://www.glsd.k12.wi.us/district/Faculty.cfm,"""Sevastopol School"" ""Special education"" intitle:faculty"
Special Education Services,Special Education / Welcome - smuhsd.org,https://www.smuhsd.org/Page/370,"""Special Education Services"" ""Special education"" intitle:faculty"
Seminole Public Schools,LeFlore Public School - Faculty,http://www.lefloreps.k12.ok.us/index.php?pageID=641,"""Seminole Public Schools"" ""Special education"" intitle:faculty"
Lincoln Elementary School,Lincoln Elementary School for the Arts — Faculty & Staff,http://lincoln.jpschools.org/about-us/faculty-staff/,"""Lincoln Elementary School"" ""Special education"" intitle:faculty"
St. Anne's Academy,Faculty of Education | Eastern School District,https://www.mun.ca/educ/undergrad/internship/intern_locations/primelem_esdnl.php,"""St. Anne's Academy"" ""Special education"" intitle:faculty"
Rivers Edge Academy,Faculty and Staff_OLD - Grundy County Special Education ...,http://www.grundyspecialed.org/faculty-and-staff_old.html,"""Rivers Edge Academy"" ""Special education"" intitle:faculty"
Renaissance Academy,Special Education / Special Education Faculty,https://www.davis.k12.ut.us/domain/10074,"""Renaissance Academy"" ""Special education"" intitle:faculty"
North High School,Faculty - North High School,http://north.evscschools.com/academics___programs/special_education/faculty/,"""North High School"" ""Special education"" intitle:faculty"
Ethical Culture School,Faculty & Staff Directory | Manhattan Country School,http://www.manhattancountryschool.org/directory/staff,"""Ethical Culture School"" ""Special education"" intitle:faculty"
Lyman Elementary School,Special Education / Special Education Faculty and Staff,https://www.spart5.net/Page/3429,"""Lyman Elementary School"" ""Special education"" intitle:faculty"
PSLS,THE IMPACT OF MUD VULCANO AT PORONG DISTRICT SIDOARJO ...,http://slideplayer.com/slide/1957788/,"""PSLS"" ""Special education"" intitle:faculty"
Carrollton Elementary School,CES Faculty Directory - Carrollton Elementary,http://ces.carrolltoncityschools.net/about-us/ces-facultystaff-directory,"""Carrollton Elementary School"" ""Special education"" intitle:faculty"
Coppell Independent School District,"1,000+ Faculty Jobs in Dallas, TX | LinkedIn",https://www.linkedin.com/jobs/faculty-jobs-dallas-tx/10,"""Coppell Independent School District"" ""Special education"" intitle:faculty"
Conley Elementary School,New Faculty/Staff Directory - Whitman-Hanson Regional ...,http://www.whrsd.org/district/new-facultystaff-directory,"""Conley Elementary School"" ""Special education"" intitle:faculty"
Alison Polly,Faculty | Mansfield University,https://www.mansfield.edu/edspeced/faculty.cfm,"""Alison Polly"" ""Special education"" intitle:faculty"
Leeds High School,MHS Faculty - Shelby County Schools,http://www.shelbyed.k12.al.us/schools/mhs/faculty.html,"""Leeds High School"" ""Special education"" intitle:faculty"
Taylorsville Elementary School,Taylorsville Elementary School Faculty/Staff / Welcome,http://www.bcsc.k12.in.us/domain/2877,"""Taylorsville Elementary School"" ""Special education"" intitle:faculty"
Lexington High School,Faculty and Staff – Lexington High School,http://lhs.lexington1.net/faculty-and-staff/,"""Lexington High School"" ""Special education"" intitle:faculty"
Wilmot Elementary School,Department Faculty - Conifer High School,https://jeffcoconiferhs.ss12.sharpschool.com/academics___departments/academics/math/department_faculty,"""Wilmot Elementary School"" ""Special education"" intitle:faculty"
OIS,Program Specializations | UBC Science - Faculty of Science ...,https://science.ubc.ca/students/degree/specializations,"""OIS"" ""Special education"" intitle:faculty"
Wallingford Elementary School,Faculty and Staff Directory / Welcome,http://www.wssd.org/site/Default.aspx?PageID=4214,"""Wallingford Elementary School"" ""Special education"" intitle:faculty"
Nether Providence Elementary School,Faculty and Staff Directory / Welcome,http://www.wssd.org/site/Default.aspx?PageID=4214,"""Nether Providence Elementary School"" ""Special education"" intitle:faculty"
Wallingford-Swarthmore School District,Faculty and Staff Directory / Welcome,http://www.wssd.org/site/Default.aspx?PageID=4214,"""Wallingford-Swarthmore School District"" ""Special education"" intitle:faculty"
Swarthmore-Rutledge School,Faculty and Staff Directory / Welcome,http://www.wssd.org/site/Default.aspx?PageID=4214,"""Swarthmore-Rutledge School"" ""Special education"" intitle:faculty"
Private Tutoring,New faculty members join Cal Lutheran | Graduate School of ...,https://www.callutheran.edu/education/news.html?id=11088,"""Private Tutoring"" ""Special education"" intitle:faculty"
Cornwall Elementary,Faculty & Staff Directory - Bensalem High School,http://www.bensalemsd.org/site/Default.aspx?PageType=1&SiteID=471&ChannelID=538&DirectoryType=6,"""Cornwall Elementary"" ""Special education"" intitle:faculty"
Discovery Intermediate School,USD 265 - Goddard Public Schools - Faculty & Staff,http://www.goddardusd.com/3622,"""Discovery Intermediate School"" ""Special education"" intitle:faculty"
Navasota Junior High,Six Recognized For Distinguished Accomplishments Service ...,http://scholarshipweb.net/tag/six-recognized-for-distinguished-accomplishments-service,"""Navasota Junior High"" ""Special education"" intitle:faculty"
West Side School,West Side Primary - Faculty and Staff,http://www.hbg.saline.k12.il.us/education/components/scrapbook/default.php?sectiondetailid=16552&,"""West Side School"" ""Special education"" intitle:faculty"
Jemicy School,Special Needs Digest: Why Getting Help for Kids with ...,http://www.specialneedsdigest.com/2017/12/why-getting-help-for-kids-with-dyslexia.html,"""Jemicy School"" ""Special education"" intitle:faculty"
Spring Valley Elementary School,"Faculty and Staff - School District of Spring Valley, WI",http://www.springvalley.k12.wi.us/html/faculty.html,"""Spring Valley Elementary School"" ""Special education"" intitle:faculty"
Trexler Middle School,Faculty and Staff – Liberty Christian Academy,http://liberty-academy.net/faculty-and-staff-2017-2018/,"""Trexler Middle School"" ""Special education"" intitle:faculty"
Jubilee,"History of the Faculty of Education, Monash University ...",http://monash.edu/education/non-cms/events/50th/history-4.html,"""Jubilee"" ""Special education"" intitle:faculty"
Columbus City Schools,Upper Arlington Schools: Faculty & Staff Directory,http://www.uaschools.org/page.cfm?p=653,"""Columbus City Schools"" ""Special education"" intitle:faculty"
Ohio Department of Education,Lawriter - OAC - 3301-35-05 Faculty and staff focus.,http://codes.ohio.gov/oac/3301-35-05,"""Ohio Department of Education"" ""Special education"" intitle:faculty"
Pioneer Middle School,Faculty / Staff - Willowcreek Middle School,https://willowcreek.alpineschools.org/faculty-staff/,"""Pioneer Middle School"" ""Special education"" intitle:faculty"
DoDDS,Our Faculty and Staff / Specials,https://www.irvingisd.net/Page/8407,"""DoDDS"" ""Special education"" intitle:faculty"
Red Oak Elementary,Contact Us / Special Education and Support Faculty,http://schoolwires.henry.k12.ga.us/Page/22757,"""Red Oak Elementary"" ""Special education"" intitle:faculty"
Abingdon Elementary School,Watauga Elementary Welcomes Six New Faculty Members ...,https://rves.wcs.k12.va.us/news/watauga-elementary-welcomes-six-new-faculty-members,"""Abingdon Elementary School"" ""Special education"" intitle:faculty"
Dover Elementary School,Dover Union Free School District: Faculty & Staff,http://www.doverschools.org/page.cfm?p=62,"""Dover Elementary School"" ""Special education"" intitle:faculty"
Guilford Elementary School,Welcome / SPOTLIGHTED: TEACHER-FACULTY - lcps.org,https://www.lcps.org/Page/69167,"""Guilford Elementary School"" ""Special education"" intitle:faculty"
Wilson Public Schools,FACULTY & STAFF - Olustee Public School,http://www.olustee.k12.ok.us/faculty&.htm,"""Wilson Public Schools"" ""Special education"" intitle:faculty"
Plymouth Meeting Friends School,Education Faculty News: Dr. Graciela Slesaransky-Poe ...,https://www.arcadia.edu/news/2012/02/education-faculty-news-dr-graciela-slesaransky-poe,"""Plymouth Meeting Friends School"" ""Special education"" intitle:faculty"
Burruss Elementary,Faculty & Staff Directory - Marietta City Schools,https://www.marietta-city.org/Page/710,"""Burruss Elementary"" ""Special education"" intitle:faculty"
Cindy Kline,Education Faculty | Niagara University,http://www.niagara.edu/graded-faculty/faculty/200,"""Cindy Kline"" ""Special education"" intitle:faculty"
White Rock Christian Academy,Faculty | White Rock Christian Academy,http://wrca.ca/community/faculty/,"""White Rock Christian Academy"" ""Special education"" intitle:faculty"
Lakeside School,Lakeside Elementary Faculty and Staff - Lakeside School ...,http://www.lsschool.org/elementary/directory,"""Lakeside School"" ""Special education"" intitle:faculty"
St. Thomas the Apostle School,Faculty and Staff - St. Thomas the Apostle Catholic Academy,https://sta-catholicacademy.org/faculty-and-staff/,"""St. Thomas the Apostle School"" ""Special education"" intitle:faculty"
Sunnydale School,"Senior Faculty | Profiles, Jobs, Skills, Articles ...",https://bd.linkedin.com/title/senior-faculty?trk=pprofile_title,"""Sunnydale School"" ""Special education"" intitle:faculty"
Northampton Public Schools,Northampton High School Faculty - Northampton Public Schools,http://www.northamptonschools.org/northampton-high-school-faculty/,"""Northampton Public Schools"" ""Special education"" intitle:faculty"
St. Francis Xavier School,St. Francis Xavier School: Faculty and Staff Directory,http://www.edline.net/pages/StFrancisXavier/School_Info/Faculty_and_Staff_Directory,"""St. Francis Xavier School"" ""Special education"" intitle:faculty"
Franklin Elementary,FACULTY - Liberty Elementary School,http://libertyelementary.fssd.org/contact/faculty/,"""Franklin Elementary"" ""Special education"" intitle:faculty"
West Bridgewater Public Schools,West Bridgewater Public Schools - Facebook,https://www.facebook.com/wbridgewaterschools/posts/925262407568093,"""West Bridgewater Public Schools"" ""Special education"" intitle:faculty"
Dove Elementary School,_CES Faculty and Staff / CES Faculty and Staff - GCISD,http://sww.gcisd-k12.org/Domain/1542,"""Dove Elementary School"" ""Special education"" intitle:faculty"
St. Paul Lutheran School,St. Paul Lutheran School Faculty - St. Paul Lutheran ...,http://www.stpaulwp.org/faculty.html,"""St. Paul Lutheran School"" ""Special education"" intitle:faculty"
Kingsley Elementary School,"School Reunions, Details For Oglethorpe University Faculty ...",http://www.schoolsandreunions.com/f_oglethorpeuniversity_atlanta_ga_131519.html,"""Kingsley Elementary School"" ""Special education"" intitle:faculty"
Valley School,"Faculty and Staff - School District of Spring Valley, WI",http://www.springvalley.k12.wi.us/html/faculty.html,"""Valley School"" ""Special education"" intitle:faculty"
Hyde Park Elementary,Hyde Park Elementary - Faculty & Staff - Denison,http://www.denisonisd.net/education/components/scdirectory/default.php?sectiondetailid=7168&,"""Hyde Park Elementary"" ""Special education"" intitle:faculty"
Sonoma County Library,Sonoma Country Day School | Faculty,https://www.scds.org/page/meet-our-community/faculty,"""Sonoma County Library"" ""Special education"" intitle:faculty"
Covenant Christian School,Faculty & Staff « Covenant Christian School,http://www.ccs-pc.net/faculty-staff/,"""Covenant Christian School"" ""Special education"" intitle:faculty"
School District 57,Program Faculty: School of Education: Loyola University ...,http://www.luc.edu/education/endorsement/schooldisciplinereformcertificate/programfaculty/,"""School District 57"" ""Special education"" intitle:faculty"
Victory Baptist School,Alabama Private Schools with the Most Educated Faculty ...,https://www.privateschoolreview.com/advanced-degree-stats/alabama,"""Victory Baptist School"" ""Special education"" intitle:faculty"
Seguin Elementary,Faculty and Staff / Faculty & Staff List,http://www.houstonisd.org/domain/13881,"""Seguin Elementary"" ""Special education"" intitle:faculty"
McGuffey Elementary,"Beatty Park Columbus, Ohio Faculty and Student Information ...",http://www.schoolsandreunions.com/f_beattypark_columbus_oh_67442.html,"""McGuffey Elementary"" ""Special education"" intitle:faculty"
Sarah Kelly,Welcome to ISTP's New 2016–2017 Faculty and Staff!,http://blog.istp.org/blog/2016/08/16/welcome-istps-new-2016-2017-faculty-staff,"""Sarah Kelly"" ""Special education"" intitle:faculty"
Cedar Ridge Elementary,Faculty & Staff – Cedar Ridge Elementary,https://cedarridge.alpineschools.org/faculty-staff/,"""Cedar Ridge Elementary"" ""Special education"" intitle:faculty"
Westview Elementary School,Westview Faculty and Staff – Prairie Central CUSD #8,http://www.prairiecentral.org/westview/staff/,"""Westview Elementary School"" ""Special education"" intitle:faculty"
Bonnie Brae Elementary,Faculty / Special Education - FWISD,https://www.fwisd.org/Page/13022,"""Bonnie Brae Elementary"" ""Special education"" intitle:faculty"
Meadowlark Elementary,Faculty & Staff / Meadowlark Staff - Salina USD 305,http://www.usd305.com/domain/779,"""Meadowlark Elementary"" ""Special education"" intitle:faculty"
Monaco Elementary,Faculty - PassageWorks Institute,http://passageworks.org/about/faculty/,"""Monaco Elementary"" ""Special education"" intitle:faculty"
Roosevelt Elementary,Roosevelt Elementary Faculty/Staff,https://www.d64.org/res/people/,"""Roosevelt Elementary"" ""Special education"" intitle:faculty"
East Lake Academy,Our Faculty & Staff – Hilger Higher Learning,https://hhlearning.com/who-we-are/our-faculty-staff/,"""East Lake Academy"" ""Special education"" intitle:faculty"
Bristol Tennessee City Schools,Faculty Handbook 2012-2013 2,http://www2.btcs.org/ths/facultyhandbook.pdf,"""Bristol Tennessee City Schools"" ""Special education"" intitle:faculty"
St. Johns School,School Faculty | St. John's University,http://www.stjohns.edu/academics/schools-and-colleges/school-education/school-faculty,"""St. Johns School"" ""Special education"" intitle:faculty"
Waconia Public Schools,Education - Faculty Jobs in Minnesota | Jobing.com,https://minnesota.jobing.com/cat/education-faculty,"""Waconia Public Schools"" ""Special education"" intitle:faculty"
Lawrence School,Faculty and Staff Directory | Lawrence PTO,http://lawrenceschoolbrookline.org/faculty-and-staff-directory/,"""Lawrence School"" ""Special education"" intitle:faculty"
Union Academy,Faculty and Staff – Sacramento Adventist Academy,http://www.sacaa.org/life-at-saa/staff-2/,"""Union Academy"" ""Special education"" intitle:faculty"
CHILDREN\'S UNIVERSITY,Faculty Works - Pinterest,https://www.pinterest.com/pin/33847434672632922/,"""CHILDREN\'S UNIVERSITY"" ""Special education"" intitle:faculty"
Sweetwater Middle School,Faculty - RMS Titans,http://www.richardsmiddle.org/faculty.html,"""Sweetwater Middle School"" ""Special education"" intitle:faculty"
Northwest Classen High School,Newkirk - High School Faculty,http://www.newkirk.k12.ok.us/21690_2,"""Northwest Classen High School"" ""Special education"" intitle:faculty"
Stephenville ISD,Columbia University Educational Leadership 2017 - Faculty ...,http://scholarshipweb.net/tag/columbia-university-educational-leadership,"""Stephenville ISD"" ""Special education"" intitle:faculty"
Hook Elementary,Faculty & Staff | Dr. Joseph A. Whelan Elementary,http://npsd.k12.ri.us/whelan/content/faculty-staff,"""Hook Elementary"" ""Special education"" intitle:faculty"
Episcopal School of Knoxville,Tennessee Private Schools with the Most Educated Faculty ...,https://www.privateschoolreview.com/advanced-degree-stats/tennessee,"""Episcopal School of Knoxville"" ""Special education"" intitle:faculty"
Somerset Christian School,Master's Degree in Education - Faculty - University of the ...,http://gradweb.ucumberlands.edu/education/maed/faculty?page=3,"""Somerset Christian School"" ""Special education"" intitle:faculty"
PS 209,UVU Faculty and Staff | Physics | Home,http://www.uvu.edu/physics/facultyandstaff.html,"""PS 209"" ""Special education"" intitle:faculty"
Mortimer Jordan High School,MHS Faculty - Shelby County Schools,http://www.shelbyed.k12.al.us/schools/mhs/faculty.html,"""Mortimer Jordan High School"" ""Special education"" intitle:faculty"
Troy City Schools,Upper Arlington Schools: Faculty & Staff Directory,http://www.uaschools.org/page.cfm?p=653,"""Troy City Schools"" ""Special education"" intitle:faculty"
Macon County Schools,Faculty Resources - Macon County High School,http://mchs.macon.k12.ga.us/Faculty_Resources,"""Macon County Schools"" ""Special education"" intitle:faculty"
Dollarway School District,Faculty Service and Collaborative Activities Department ...,https://www.uapb.edu/sites/www/Uploads/SOE/5.3e-%20Activities%20in%20Schools.pdf,"""Dollarway School District"" ""Special education"" intitle:faculty"
Greenwich Public Schools,Faculty Council - Greenwich Public Schools,http://www.greenwichschools.org/greenwich-high-school/student-life/national-honor-society/faculty-council,"""Greenwich Public Schools"" ""Special education"" intitle:faculty"
GLWC,Siena Heights University > Faculty & Staff,http://sienaheights.edu/FacultyandStaff/tabid/322/Letter/X/Default.aspx,"""GLWC"" ""Special education"" intitle:faculty"
Middle Tennessee State University,Faculty Showcase | Middle Tennessee State University,http://www.mtsu.edu/facultyshowcase/grants/department/elementary-and-special-education.php,"""Middle Tennessee State University"" ""Special education"" intitle:faculty"
Richards School,Faculty & Staff | St. Joseph's Catholic School | West St ...,https://stjosephwsp.org/faculty-amp-staff,"""Richards School"" ""Special education"" intitle:faculty"
Motley Elementary School,faculty handbook 08-09 - Home - Macon County R-1 School ...,http://www.macon.k12.mo.us/schools/career_center/teachers/handbook/,"""Motley Elementary School"" ""Special education"" intitle:faculty"
Highland School,Meet Our Faculty - Highland School,http://www.highlandschool.org/page.cfm?p=768&viewdirid=2850,"""Highland School"" ""Special education"" intitle:faculty"
Hammond Central School,Faculty / UPK-4 Elementary Staff,http://ny05000131.schoolwires.net/domain/135,"""Hammond Central School"" ""Special education"" intitle:faculty"
St. Augustine School,St. Augustine Elementary School: Faculty & Staff,http://www.edline.net/pages/staugustineandover/FACULTY_AND_STAFF/Faculty___Staff,"""St. Augustine School"" ""Special education"" intitle:faculty"
Central Dauphin School District,Faculty Directory - Lower Dauphin School District,http://www.ldsd.org/site/Default.aspx?PageType=1&SiteID=70&ChannelID=87&DirectoryType=6,"""Central Dauphin School District"" ""Special education"" intitle:faculty"
Indian Hill School District,Faculty Positions - Indian Hill Exempted Village School Dis...,http://indianhillschools.org/about/employment/faculty_positions,"""Indian Hill School District"" ""Special education"" intitle:faculty"
Neenah High School,Faculty - Uw Oshkosh - LinkedIn,https://www.linkedin.com/title/faculty-at-uw-oshkosh,"""Neenah High School"" ""Special education"" intitle:faculty"
Washington Middle School,"Washington Middle School: Admin, Faculty, and Staff Directory",http://washington.aps.edu/cms/page_view?d=x&piid=&vpid=1400652675772,"""Washington Middle School"" ""Special education"" intitle:faculty"
Woodward Academy,Our Invested Faculty | Forsyth Country Day School,https://www.fcds.org/page/about/meet-our-faculty?letter=M,"""Woodward Academy"" ""Special education"" intitle:faculty"
Trinity School,Meet Our Faculty & Staff - Holy Trinity Catholic School ...,http://holy-trinity-school.org/about-staff.php,"""Trinity School"" ""Special education"" intitle:faculty"
Dixon Elementary,Faculty and Staff - Saint Andrew's Day School,http://www.standrewsum.org/faculty-and-staff.html,"""Dixon Elementary"" ""Special education"" intitle:faculty"
All Saints Academy,Faculty and Staff - All Saints Academy,http://www2.asasaints.com/index.php/about-asa/faculty-and-staff,"""All Saints Academy"" ""Special education"" intitle:faculty"
Sam Houston Elementary,Faculty / Staff Directory - dallasisd.org,http://www.dallasisd.org/site/Default.aspx?PageType=1&SiteID=527&ChannelID=3597&DirectoryType=6,"""Sam Houston Elementary"" ""Special education"" intitle:faculty"
Bennett Elementary School,Faculty Resources - Battlefield High School,https://battlefieldhs.pwcs.edu/cms/One.aspx?portalId=415283&pageId=6167943,"""Bennett Elementary School"" ""Special education"" intitle:faculty"
Culver Elementary,Faculty Bios | St. Anthony de Padua Church and School ...,https://stasb.org/faculty-bios,"""Culver Elementary"" ""Special education"" intitle:faculty"
Dana Elementary,Faculty & Staff - Dana Road Elementary,http://danaroad.weebly.com/faculty--staff.html,"""Dana Elementary"" ""Special education"" intitle:faculty"
WASD,"New faculty welcomed at Mansfield | News, Sports, Jobs ...",http://www.sungazette.com/news/education/2013/09/new-faculty-welcomed-at-mansfield/,"""WASD"" ""Special education"" intitle:faculty"
Cedar Hill Prep School,Cedar Hill Preparatory School Faculty & Staff Directory,http://cedarhillprep.com/about-us/faculty-and-staff-directory/,"""Cedar Hill Prep School"" ""Special education"" intitle:faculty"
Carl Sandburg High School,25 best Faculty Bookshelf images on Pinterest | Daniel o ...,https://www.pinterest.com/harvardenglish/faculty-bookshelf/,"""Carl Sandburg High School"" ""Special education"" intitle:faculty"
LVI,Welcoming Newest Faculty Members,http://www.lvcsd.k12.ny.us/News/Story.aspx?id=50099,"""LVI"" ""Special education"" intitle:faculty"
Robinson Middle School,Adjunct Faculty Resume Example (Concordia University ...,https://resumes.livecareer.com/r/adjunct-faculty-98968540,"""Robinson Middle School"" ""Special education"" intitle:faculty"
Rome City Schools,Faculty and Staff / Faculty and Staff - Rome City Schools ...,http://www.rcs.rome.ga.us/domain/170,"""Rome City Schools"" ""Special education"" intitle:faculty"
Chagrin Falls Schools,Summer 17 Lake Erie College PD - Faculty | Online ...,http://www.cvent.com/events/summer-17-lake-erie-college-pd/speakers-1a374e3aa77a4b05b7b479ff39813d33.aspx,"""Chagrin Falls Schools"" ""Special education"" intitle:faculty"
Ridgewood Elementary,Port Neches Middle School - PNMS Faculty Only,http://png.middle.schoolfusion.us/modules/cms/pages.phtml?pageid=60670,"""Ridgewood Elementary"" ""Special education"" intitle:faculty"
Helen Tulk Elementary,Faculty of Education | Nova Central School District,https://www.mun.ca/educ/undergrad/internship/intern_locations/primelem_ncd.php,"""Helen Tulk Elementary"" ""Special education"" intitle:faculty"
Summit Academy,Summit Academy / Summit Academy Faculty and Staff,https://www.peekskillcsd.org/Page/5284,"""Summit Academy"" ""Special education"" intitle:faculty"
The King's Christian School,Faculty - The King's Christian School,http://www.tkcs.org/index.php/about-kings-christian/staff/faculty,"""The King's Christian School"" ""Special education"" intitle:faculty"
CPSB,Faculty/Staff / Special Education,https://www.cpsb.org/Page/4585,"""CPSB"" ""Special education"" intitle:faculty"
Carpe Diem Academy,Mercy Center of the Arts - Administration and Faculty,https://www.mercycenterofthearts.com/preschool/administration-and-faculty/,"""Carpe Diem Academy"" ""Special education"" intitle:faculty"
Rialto Unified School District,"FSM 16-06 CALIFORNIA STATE UNIVERSITY, SAN BERNARDINO ...",http://senate.csusb.edu/Minutes/FSM16-06.pdf,"""Rialto Unified School District"" ""Special education"" intitle:faculty"
Geneva Elementary School,Faculty/Staff - Alpine School District,https://geneva.alpineschools.org/facultystaff/,"""Geneva Elementary School"" ""Special education"" intitle:faculty"
Holy Angels School,Maternity BVM School Chicago | Our Faculty,http://www.maternitybvmchicago.com/our-faculty#!,"""Holy Angels School"" ""Special education"" intitle:faculty"
Colonial School District,"Michael Brophy, Saint Joseph’s University Faculty",http://online.sju.edu/graduate/masters-instructional-design-technology/faculty/michael-brophy,"""Colonial School District"" ""Special education"" intitle:faculty"
McCormick Middle School,Faculty Directory - McCormick County School District,http://www.mccormick.k12.sc.us/site/Default.aspx?PageType=1&SiteID=10&ChannelID=103&DirectoryType=6,"""McCormick Middle School"" ""Special education"" intitle:faculty"
Sherman Central School,Faculty Directory - Friendship Central School / Overview,http://www.friendship.wnyric.org/site/Default.aspx?PageType=1&SiteID=1&ChannelID=30&DirectoryType=6,"""Sherman Central School"" ""Special education"" intitle:faculty"
University Lake School,Wisconsin Private Schools with the Most Educated Faculty ...,https://www.privateschoolreview.com/advanced-degree-stats/wisconsin,"""University Lake School"" ""Special education"" intitle:faculty"
Langdon Elementary School,"Payne Elementary School Washington, District of Columbia ...",http://www.schoolsandreunions.com/f_payneelementaryschool_washington_dc_18008.html,"""Langdon Elementary School"" ""Special education"" intitle:faculty"
Charles Ellis Montessori,Dalton State - Dalton State Welcomes New Faculty,https://dscweb.daltonstate.edu/news/articles/2013.08.16_Dalton-State-Welcomes-New-Faculty.html,"""Charles Ellis Montessori"" ""Special education"" intitle:faculty"
Marietta Charter School,Faculty Member - University Of Phoenix - LinkedIn,https://www.linkedin.com/title/faculty-member-at-university-of-phoenix,"""Marietta Charter School"" ""Special education"" intitle:faculty"
The Reading Clinic,Faculty & Staff | College of Education | Rowan University,https://academics.rowan.edu/education/Contact%20Us/facultystaff/iles-janet.html,"""The Reading Clinic"" ""Special education"" intitle:faculty"
BANYAN,San Rafael High School: Faculty Directory,http://srhs.srcs.ca.schoolloop.com/cms/page_view?d=x&piid=&vpid=1227096974909,"""BANYAN"" ""Special education"" intitle:faculty"
Central Elementary,Faculty & Staff – Central Elementary,https://central.alpineschools.org/faculty-staff/,"""Central Elementary"" ""Special education"" intitle:faculty"
Allenstown School District,"PSU Grads, Faculty and Students Receive 2012 “ED”ies ...",https://www.plymouth.edu/graduate/news-archive/psu-grads-faculty-and-staff-receive-2012-edies/,"""Allenstown School District"" ""Special education"" intitle:faculty"
Ryan school,Faculty/Staff Email Directory - JANE RYAN ELEMENTARY,http://janeryanelementary.com/about/staffdirectory/,"""Ryan school"" ""Special education"" intitle:faculty"
Hammond School,Faculty/Staff - Arthur CUSD #305,http://www.cusd305.org/ArthurLovingtonAtwoodHammondHS/faculty__staff/,"""Hammond School"" ""Special education"" intitle:faculty"
OLPH,Faculty - Our Lady of Perpetual Help Roman Catholic ...,http://school.olph.com/faculty,"""OLPH"" ""Special education"" intitle:faculty"
Lancaster CSD,Music / Music Faculty K-12 - Lancaster Central School ...,http://www.lancasterschools.org/Page/15098,"""Lancaster CSD"" ""Special education"" intitle:faculty"
JCDS,Faculty Directory | Congregation Or Atid,https://www.congregationoratid.org/education-staff,"""JCDS"" ""Special education"" intitle:faculty"
Rio Rancho Public Schools,Faculty - Noah Webster College,http://www.nwebstercollege.com/721386,"""Rio Rancho Public Schools"" ""Special education"" intitle:faculty"
Ohr Halimud,Faculty - MANHATTAN HIGH SCHOOL FOR GIRLS,http://www.manhattan-hs.org/faculty.html,"""Ohr Halimud"" ""Special education"" intitle:faculty"
Pinnacle School,Faculty & Staff - The Pinnacle School | Special Education ...,https://www.pinnacle-ct.org/faculty-staff-pinnacle-school,"""Pinnacle School"" ""Special education"" intitle:faculty"
Logos School,K-6 Faculty - The Ambrose School,http://theambroseschool.org/about/faculty-staff/k-6-faculty/,"""Logos School"" ""Special education"" intitle:faculty"
Elgin Community College,education adjunct faculty Jobs in Illinois. education ...,http://www.jobs.com/q-education-adjunct-faculty-l-illinois-jobs,"""Elgin Community College"" ""Special education"" intitle:faculty"
Gifft Hill School,Faculty | St. John School of the Arts,http://stjohnschoolofthearts.org/faculty/,"""Gifft Hill School"" ""Special education"" intitle:faculty"
Cyril Public Schools,Dale Public Schools - Middle/High School Faculty Directory,http://www.dale.k12.ok.us/65572_2,"""Cyril Public Schools"" ""Special education"" intitle:faculty"
Center for Learning and Development,Cooke Center - Special Education in New York City: Faculty ...,http://www.cookecenter.org/page.cfm?p=444,"""Center for Learning and Development"" ""Special education"" intitle:faculty"
Trinity Lutheran School,Trinity Lutheran School | FACULTY & STAFF,https://www.tlsgi.org/faculty--staff#!,"""Trinity Lutheran School"" ""Special education"" intitle:faculty"
Madison Public Schools,Faculty & Staff Directory - Madison Public Schools,http://www.madison.k12.ct.us/district/general-information/faculty-staff-directory,"""Madison Public Schools"" ""Special education"" intitle:faculty"
Mary McDowell Center for Learning,Faculty & Staff Directory | Manhattan Country School,http://www.manhattancountryschool.org/directory/staff,"""Mary McDowell Center for Learning"" ""Special education"" intitle:faculty"
Wells ISD,Wells ISD - High School Faculty Directory,http://www.wells.esc7.net/84463_2,"""Wells ISD"" ""Special education"" intitle:faculty"
McCord Elementary,Central Elementary - Faculty & Staff,http://central.vernonisd.org/19650?offset=36,"""McCord Elementary"" ""Special education"" intitle:faculty"
St. Mary's School,"Faculty & Staff | St. Mary's Catholic School | Morris, MN",http://stmarysmorris.com/about-us/faculty-staff/,"""St. Mary's School"" ""Special education"" intitle:faculty"
Central Quebec School Board,Faculty - Bishop's University,http://www.ubishops.ca/VsMb1,"""Central Quebec School Board"" ""Special education"" intitle:faculty"
Waller School,faculty - Coweta County School System,http://coweta.k12.ga.us/wda/fac.htm,"""Waller School"" ""Special education"" intitle:faculty"
Liberty-Eylau ISD,Faculty and Staff | Trinity Christian School,https://www.trinitywarriors.org/faculty-and-staff,"""Liberty-Eylau ISD"" ""Special education"" intitle:faculty"
Henry County Schools,Faculty Directory - Henry County Public Schools,https://www.henry.k12.va.us/site/Default.aspx?PageType=1&SiteID=1060&ChannelID=1072&DirectoryType=6,"""Henry County Schools"" ""Special education"" intitle:faculty"
Midland ISD,"LEAP program serves students, faculty - Midland Reporter ...",http://www.mrt.com/news/article/LEAP-program-serves-students-faculty-7501781.php,"""Midland ISD"" ""Special education"" intitle:faculty"
Curriculum Services,Faculty | USF Career Services,http://www.usf.edu/career-services/faculty/index.aspx,"""Curriculum Services"" ""Special education"" intitle:faculty"
East Mississippi Community College,Graduate Faculty | 7 - University of West Alabama - Acalog ...,http://catalog.uwa.edu/content.php?catoid=33&navoid=1456,"""East Mississippi Community College"" ""Special education"" intitle:faculty"
Hickory Day School,Faculty & Board of Trustees — Hickory Day School,http://www.hickorydayschool.org/faculty,"""Hickory Day School"" ""Special education"" intitle:faculty"
Rise Academy,Faculty Directory - RISE Academy,http://www.riseacademyschools.com/faculty-directory/,"""Rise Academy"" ""Special education"" intitle:faculty"
The Learning Center,Learning Center for Faculty/Staff - NIU - College of Education,http://cedu.niu.edu/learningcenter/for-staff-faculty-grad-students/index.shtml,"""The Learning Center"" ""Special education"" intitle:faculty"
Wareham Middle School,Faculty & Staff - Alma del Mar,http://almadelmar.org/about-us/meet-our-team/faculty-staff/,"""Wareham Middle School"" ""Special education"" intitle:faculty"
Washington Community School,Faculty & Staff Resources - Washington Community Schools,http://www.washingtoncommunityschools.org/faculty--staff-resources.html,"""Washington Community School"" ""Special education"" intitle:faculty"
Weatherford ISD,Weatherford High School - Faculty Directory,http://whs.wpsok.org/page/40942_2,"""Weatherford ISD"" ""Special education"" intitle:faculty"
