url,hit,text
http://www.monroe.k12.al.us/about_us/schools_contact_information,"['166c953b0317', '30869275340', '257564f2218', '824e30599212', '090538f6214', '251-575-2168', '251-575-2150', '251-575-9353', '251-575-4189', '251-575-9648', '251-765-9146', '251-765-9153', '251-789-2168', '251-789-2715', '251-862-2130', '251-862-2808', '251-575-4381', '251-575-2017', '251-575-3257', '251-575-2019', '334-636-2032', '334-636-0506', '251-743-3474', '251-743-3434', '251-575-4121', '251-575-2934', '251-575-2168']","bb6 href=http://p7dyncdn1.sharpschool.com/minify/css/App_Themes/jquery.mmenu.all.css rel=stylesheet type=text/css media=all /Monroe County District109 Pickens Street, Monroeville, AL  36460Phone MONROE COUNTY BOARD OF EDUCATION
109 Pickens Street
Monroeville, Alabama
Office: CATION
109 Pickens Street
Monroeville, Alabama
Office: 251-575-2150
Fax: nbsp;Gregory Shehan

CASWELL P. CARMICHAEL ALTERNATIVE LEARNING CENTER
1323 Veterans Drive
Monroeville, Alabama 36460
Office: 
CASWELL P. CARMICHAEL ALTERNATIVE LEARNING CENTER
1323 Veterans Drive
Monroeville, Alabama 36460
Office: 251-575-4189
Fax: ncipal: Danielle Turner

EXCEL PUBLIC SCHOOL PreK-12
Post Office Box 429
3010 Hwy 136 W
Excel, Alabama 36439
Office: r

EXCEL PUBLIC SCHOOL PreK-12
Post Office Box 429
3010 Hwy 136 W
Excel, Alabama 36439
Office: 251-765-9146
Fax: sp;251-765-9153
Principal: Marty Hanks

J. F. SHIELDS PreK-12
17688 Highway 21 North
Beatrice, Alabama 36425
Office: l: Marty Hanks

J. F. SHIELDS PreK-12
17688 Highway 21 North
Beatrice, Alabama 36425
Office: 251-789-2168
Fax: p;251-789-2715
Principal: Ramona Dailey

J. U. BLACKSHER PreK-12
15933 Highway 21 South
Uriah, Alabama 36480
Office: : Ramona Dailey

J. U. BLACKSHER PreK-12
15933 Highway 21 South
Uriah, Alabama 36480
Office: 251-862-2130
Fax: 
Principal: Donald Baggett

MONROE COUNTY CAREER TECHNICAL CENTER
230 Tiger Drive
Monroeville, Alabama 36460
Office:  Baggett

MONROE COUNTY CAREER TECHNICAL CENTER
230 Tiger Drive
Monroeville, Alabama 36460
Office: 251-575-4381
Fax: 5-2017
Principal: Edna Richardson

MONROE COUNTY HIGH SCHOOL 9-12
212 Tiger Drive
Monroeville, Alabama 36460
Office: Edna Richardson

MONROE COUNTY HIGH SCHOOL 9-12
212 Tiger Drive
Monroeville, Alabama 36460
Office: 251-575-3257
Fax: 
Principal: Maurice Woody

MONROE INTERMEDIATE SCHOOL K-8
3366 County Road 49
Lower Peachtree, Alabama 36751
Office: e Woody

MONROE INTERMEDIATE SCHOOL K-8
3366 County Road 49
Lower Peachtree, Alabama 36751
Office: 334-636-2032
Fax: ncipal: Coquesa Dotson

MONROEVILLE ELEMENTARY SCHOOL PreK-4
297 South Mount Pleasant Avenue
Monroeville, Alabama 36460
Office 

MONROEVILLE ELEMENTARY SCHOOL PreK-4
297 South Mount Pleasant Avenue
Monroeville, Alabama 36460
Office 251-743-3474
Fox: 51-743-3434
Principal: Amy McCrory

MONROEVILLE MIDDLE SCHOOL 5-8
201 York Street
Monroeville, Alabama 36460
Office: nbsp;Amy McCrory

MONROEVILLE MIDDLE SCHOOL 5-8
201 York Street
Monroeville, Alabama 36460
Office: 251-575-4121
Fax: Monroe County Public SchoolsMonroe County District109 Pickens Street, Monroeville, AL  36460Phone 912f3 src=http://p7dyncdn1.sharpschool.com/minify/js/javascript/jquery.mmenu.min.all.js type=text/javascript | Fax 

Fax: 251-575-9353
Superintendent: Gregory Shehan

CASWELL P. CARMICHAEL ALTERNATIVE 
Superintendent: Gregory Shehan

CASWELL P. CARMICHAEL ALTERNATIVE LEARNING CENTER
1
Fax: 251-575-9648
Principal: Danielle Turner

EXCEL PUBLIC SCHOOL PreK-12
Post Office Box 429
3010 Hwy 136 W
Exc
Principal: Danielle Turner

EXCEL PUBLIC SCHOOL PreK-12
Post Office Box 429
3010 Hwy 136 W
Excel, Alabama 36439
Office
Fax: 251-765-9153
Principal: Marty Hanks

J. F. SHIELDS PreK-12
17688 Highway 21 North
Beatrice, Alabama 36425
O
Principal: Marty Hanks

J. F. SHIELDS PreK-12
17688 Highway 21 North
Beatrice, Alabama 36425
Office: 251-789-2168
Fax: 251-789-2715
Principal: Ramona Dailey

J. U. BLACKSHER PreK-12
15933 Highway 21 South
Uriah, Alabama 36480

Principal: Ramona Dailey

J. U. BLACKSHER PreK-12
15933 Highway 21 South
Uriah, Alabama 36480
Office: 251-862-2130
Fax: 251-862-2808
Principal: Donald Baggett

MONROE COUNTY CAREER TECHNICAL CENTER
230 Tiger Drive
Monroeville, Alab
Principal: Donald Baggett

MONROE COUNTY CAREER TECHNICAL CENTER
230 Tiger Drive
Monroeville, Alabama 36460
Office: 
Fax: 251-575-2017
Principal: Edna Richardson

MONROE COUNTY HIGH SCHOOL 9-12
212 Tiger Drive
Monroeville, Alabama 36
Principal: Edna Richardson

MONROE COUNTY HIGH SCHOOL 9-12
212 Tiger Drive
Monroeville, Alabama 36460
Office: 251-57
Fax: 251-575-2019
Principal: Maurice Woody

MONROE INTERMEDIATE SCHOOL K-8
3366 County Road 49
Lower Peachtree, Alab
Principal: Maurice Woody

MONROE INTERMEDIATE SCHOOL K-8
3366 County Road 49
Lower Peachtree, Alabama 36751
Office: 
Fax: 334-636-0506
Principal: Coquesa Dotson

MONROEVILLE ELEMENTARY SCHOOL PreK-4
297 South Mount Pleasant Avenue
Mo
Principal: Coquesa Dotson

MONROEVILLE ELEMENTARY SCHOOL PreK-4
297 South Mount Pleasant Avenue
Monroeville, Alabama 36460
Fox: 251-743-3434
Principal: Amy McCrory

MONROEVILLE MIDDLE SCHOOL 5-8
201 York Street
Monroeville, Alabama 36460
Principal: Amy McCrory

MONROEVILLE MIDDLE SCHOOL 5-8
201 York Street
Monroeville, Alabama 36460
Office: 251-575-412
Fax: 251-575-2934
Principal: Valerie Stevens


Principal: Valerie Stevens



    $(docum<span class=fax-n | Fax <span class=footer-fax</span</span</div</div</div<!-- end #header-left --<div class=clear</div</div</div<!-- end #header --<div id=content-wrapper
    
"
http://www.cms.k12.nc.us/Pages/ContactUs.aspx,"['839D94646734', '104117696612', '0000000-0000', '000-00000000', '636160660665', '980-343-3000', '980.343.0115', '839D94646734']","name=MSOTlPn_Button id=MSOTlPn_Button value=none /




CMS Telephone DirectoryAutomated Telephone Line Web Accessibility
                                or Call:   name=MSOTlPn_Button id=MSOTlPn_Button value=none /



                                
                        -0000-0000-000000000000 HasPers=true id=WebPartWPQ1 width=100% class=ms-WPBody noindex  OnlyForMePart=true allowDelete=false style= CMS


Social Media



"
https://oakland.k12.mi.us/families-community/youth-family/early-child/GSRP/ECS/Lists/Contact/AllItems.aspx,"['0000000-0000', '000-00000000', '850199B2006', '698618D8924', '248.209.2321']","p






Gerri-0000-0000-000000000000 HasPers=true id=WebPartWPQ1 width=100% class=ms-WPBody noindex  OnlyForMePart=true allowDelete=false style= Smalley<3F6 onclick=EditLink2(this,1);return false; target=_selfSmalleyWelcome Early Childhood Specialists!1"
http://www.monroe.k12.al.us/departments/child_nutrition/contact/,"['0000000-0000', '000-00000000', '850199B2006', '698618D8924', '248.209.2321', 'mailto:jautrey@monroe.k12.al.us']","onroeville, AL 36460
251-743-3087
251-575-7814 (Fax)
jautrey@monroe.k12.al.us

Ashley Lankford, Child Nutrition Program Secretary/Bo"
https://oakland.k12.mi.us/district-school-operations/government-relations-pupil-services/lists/site%20contact%20list/allitems.aspx,"['0000000-0000', '000-00000000', '850199B2006', '698618D8924', '248.209.2321', 'mailto:jautrey@monroe.k12.al.us', 'mailto:Lisa.Hansknecht@oakland.k12.mi.us', 'mailto:David.Randels@oakland.k12.mi.us', 'mailto:Carolyn.Claerhout@oakland.k12.mi.us', 'mailto:Carolyn.Claerhout@oakland.k12.mi.us', 'mailto:Ginny.Taylor@oakland.k12.mi.us', 'mailto:Ginny.Taylor@oakland.k12.mi.us', 'mailto:Connie.Birkle@oakland.k12.mi.us', 'mailto:Carolyn.Claerhout@oakland.k12.mi.us', 'mailto:Carolyn.Claerhout@oakland.k12.mi.us', 'mailto:Connie.Birkle@oakland.k12.mi.us', 'mailto:Carolyn.Claerhout@oakland.k12.mi.us', 'mailto:Connie.Birkle@oakland.k12.mi.us', 'mailto:Carolyn.Claerhout@oakland.k12.mi.us', 'mailto:Connie.Birkle@oakland.k12.mi.us', 'mailto:Carolyn.Claerhout@oakland.k12.mi.us', 'mailto:Connie.Birkle@oakland.k12.mi.us', 'mailto:Lisa.Hansknecht@oakland.k12.mi.us', 'mailto:David.Randels@oakland.k12.mi.us', 'mailto:Carolyn.Claerhout@oakland.k12.mi.us', 'mailto:Connie.Birkle@oakland.k12.mi.us', 'mailto:Ginny.Taylor@oakland.k12.mi.us', 'mailto:Ginny.Taylor@oakland.k12.mi.us', 'mailto:Birkle@oakland.k12.mi.us', 'mailto:Louise.Mancuso@oakland.k12.mi.us', 'mailto:Carolyn.Claerhout@oakland.k12.mi.us', 'mailto:Connie.Birkle@oakland.k12.mi.us', 'mailto:Janice.Gray@oakland.k12.mi.us', 'mailto:Louise.Mancuso@oakland.k12.mi.us', 'mailto:Nora.Whyte@oakland.k12.mi.us', 'mailto:Carolyn.Claerhout@oakland.k12.mi.us']","ass=ms-vb2Lisa248.209.2137Lisa HansknechtDirector of Government Relations and Pupil ServicesDavid248.209.2077David RandelsDirector of Government Relations, Education Policy and ResearchCarolyn 248.209.2345Carolyn ClaerhoutManager, Pupil, Corporate and District ServicesCarolyn 248.209.2345Carolyn ClaerhoutManager, Pupil, Corporate and District ServicesGinny248.209.2094Ginny TaylorData SpecialistGinny248.209.2094Ginny TaylorData SpecialistConnie248.209.2142Connie BirklePupil, Corporate and District Services SpecialistCarolyn 248.209.2345Carolyn ClaerhoutManager, Pupil, Corporate and District ServicesCarolyn 248.209.2345Carolyn ClaerhoutManager, Pupil, Corporate and District ServicesConnie248.209.2142Connie BirklePupil, Corporate and District Services SpecialistCarolyn 248.209.2345Carolyn ClaerhoutManager, Pupil, Corporate and District ServicesConnie248.209.2142Connie BirklePupil, Corporate and District Services SpecialistCarolyn 248.209.2345Carolyn ClaerhoutManager, Pupil, Corporate and District ServicesConnie248.209.2142Connie BirklePupil, Corporate and District Services SpecialistCarolyn 248.209.2345Carolyn ClaerhoutManager, Pupil, Corporate and District ServicesConnie248.209.2142Connie BirklePupil, Corporate and District Services SpecialistLisa248.209.2137Lisa HansknechtDirector of Government Relations and Pupil ServicesDavid248.209.2077David RandelsDirector of Government Relations, Education Policy and ResearchCarolyn 248.209.2345Carolyn ClaerhoutManager, Pupil, Corporate and District ServicesConnie248.209.2142Connie BirklePupil, Corporate and District Services SpecialistGinny248.209.2094Ginny TaylorData SpecialistGinny248.209.2094Ginny TaylorData SpecialistConnie248.209.2142Connie BirklePupil, Corporate and District Services SpecialistConnie Louise248.209.2029Louise MancusoPupil Membership AuditorCarolyn 248.209.2345Carolyn ClaerhoutManager, Pupil, Corporate and District ServicesConnie248.209.2142Connie BirklePupil, Corporate and District Services SpecialistJanice248.209.2014Janice GrayPupil Membership AuditorLouise248.209.2029Louise MancusoPupil Membership AuditorNora248.209.2551Nora WhytePupil Membership AuditorCarolyn 248.209.2345Carolyn ClaerhoutManager, Pupil, Corporate and District ServicesLisa.Hansknecht@oakland.k12.mi.usLegislative RelationsGovernment Relations and Pupil Services1David.Randels@oakland.k12.mi.usLegislative RelationsGovernment Relations and Pupil Services2Carolyn.Claerhout@oakland.k12.mi.usSchools of ChoiceGovernment Relations and Pupil Services1Carolyn.Claerhout@oakland.k12.mi.usSchools of ChoiceGovernment Relations and Pupil Services1Ginny.Taylor@oakland.k12.mi.usTruancy InformationGovernment Relations and Pupil Services2Ginny.Taylor@oakland.k12.mi.usTruancy InformationGovernment Relations and Pupil Services2Connie.Birkle@oakland.k12.mi.usOffice of Safe SchoolsGovernment Relations and Pupil Services2Carolyn.Claerhout@oakland.k12.mi.usSchools of ChoiceGovernment Relations and Pupil Services1Carolyn.Claerhout@oakland.k12.mi.usSchools of ChoiceGovernment Relations and Pupil Services1Connie.Birkle@oakland.k12.mi.usOffice of Safe SchoolsGovernment Relations and Pupil Services2Carolyn.Claerhout@oakland.k12.mi.usSchools of ChoiceGovernment Relations and Pupil Services1Connie.Birkle@oakland.k12.mi.usOffice of Safe SchoolsGovernment Relations and Pupil Services2Carolyn.Claerhout@oakland.k12.mi.usSchools of ChoiceGovernment Relations and Pupil Services1Connie.Birkle@oakland.k12.mi.usOffice of Safe SchoolsGovernment Relations and Pupil Services2Carolyn.Claerhout@oakland.k12.mi.usSchools of ChoiceGovernment Relations and Pupil Services1Connie.Birkle@oakland.k12.mi.usOffice of Safe SchoolsGovernment Relations and Pupil Services2Lisa.Hansknecht@oakland.k12.mi.usLegislative RelationsGovernment Relations and Pupil Services1David.Randels@oakland.k12.mi.usLegislative RelationsGovernment Relations and Pupil Services2Carolyn.Claerhout@oakland.k12.mi.usSchools of ChoiceGovernment Relations and Pupil Services1Connie.Birkle@oakland.k12.mi.usOffice of Safe SchoolsGovernment Relations and Pupil Services2Ginny.Taylor@oakland.k12.mi.usTruancy InformationGovernment Relations and Pupil Services2Ginny.Taylor@oakland.k12.mi.usTruancy InformationGovernment Relations and Pupil Services2Birkle@oakland.k12.mi.usTruancy FormsGovernment Relations and Pupil Services2Louise.Mancuso@oakland.k12.mi.usOffice of Safe SchoolsGovernment Relations and Pupil Services3Carolyn.Claerhout@oakland.k12.mi.usSchools of ChoiceGovernment Relations and Pupil Services1Connie.Birkle@oakland.k12.mi.usOffice of Safe SchoolsGovernment Relations and Pupil Services2Janice.Gray@oakland.k12.mi.usPupil Accounting Forms & ResourcesGovernment Relations and Pupil ServicesLouise.Mancuso@oakland.k12.mi.usOffice of Safe SchoolsGovernment Relations and Pupil Services3Nora.Whyte@oakland.k12.mi.usPupil Accounting Forms & ResourcesGovernment Relations and Pupil ServicesCarolyn.Claerhout@oakland.k12.mi.usSchools of ChoiceGovernment Relations and Pupil Services1"
https://oakland.k12.mi.us/district-school-operations/government-relations-pupil-services/Lists/Site%20Contact%20List/DispForm.aspx?ID=56,"['0000000-0000', '000-00000000', '248.209.2029', '0000000-0000', '000-00000000', '6855031b3538', '850199B2006']","p













"
http://www.monroe.k12.al.us/contact_us/,"['166c953b0317', '30869275340', '257564f2218', '824e30599212', '090538f6214', '251-575-2168', '251-743-2150', '251-743-2150', '251-743-2168', '251-575-2168', '251-575-9353', '251-575-9353', '251-575-2168']","bb6 href=http://p7dyncdn1.sharpschool.com/minify/css/App_Themes/jquery.mmenu.all.css rel=stylesheet type=text/css media=all /Monroe County District109 Pickens Street, Monroeville, AL  36460Phone onroe County Board of Education109 Pickens StreetMonroeville, Alabama 36460mcboe@monroe.k12.al.usTelephone # 251-743-2150 orMonroe County District109 Pickens Street, Monroeville, AL  36460Phone space: pre;251-743-2150 or251-575-2168Fax # 251-743-2150 or251-575-2168Fax # Monroe County District109 Pickens Street, Monroeville, AL  36460Phone 912f3 src=http://p7dyncdn1.sharpschool.com/minify/js/javascript/jquery.mmenu.min.all.js type=text/javascript | Fax 
    
251-743-2150 or251-575-2168Fax # 251-575-9353
251-743-2150 or251-575-2168Fax # 251-575-9353
251-575-2168Fax # 251-575-9353

    
251-575-9353



    $(document).ready(function251-575-9353</a</div
</div</div</div
<!-- This portlet must appear after any React portlets on the page. --

<div id=divReactPortletCSS</div

<script
    $(document).ready(function<span class=fax-n | Fax <span class=footer-fax</span</span</div</div</div<!-- end #header-left --<div class=clear</div</div</div<!-- end #header --<div id=content-wrapper
    
"
https://oakland.k12.mi.us/district-school-operations/procurement/Lists/Site%20Contact/AllItems.aspx,"['166c953b0317', '30869275340', '257564f2218', '824e30599212', '090538f6214', '251-575-2168', '251-743-2150', '251-743-2150', '251-743-2168', '251-575-2168', '251-575-9353', '251-575-9353', '251-575-2168', 'mailto:elizabeth.junek@oakland.k12.mi.us', 'mailto:tim.loock@oakland.k12.mi.us', 'mailto:annamarie.andrew@oakland.k12.mi.us', 'mailto:michelle.selak@oakland.k12.mi.us', 'mailto:elizabeth.junek@oakland.k12.mi.us', 'mailto:tim.loock@oakland.k12.mi.us', 'mailto:annamarie.andrew@oakland.k12.mi.us', 'mailto:michelle.selak@oakland.k12.mi.us', 'mailto:elizabeth.junek@oakland.k12.mi.us', 'mailto:annamarie.andrew@oakland.k12.mi.us', 'mailto:michelle.selak@oakland.k12.mi.us', 'mailto:tim.loock@oakland.k12.mi.us', 'mailto:annamarie.andrew@oakland.k12.mi.us', 'mailto:michelle.selak@oakland.k12.mi.us', 'mailto:tim.loock@oakland.k12.mi.us', 'mailto:elizabeth.junek@oakland.k12.mi.us', 'mailto:tim.loock@oakland.k12.mi.us', 'mailto:annamarie.andrew@oakland.k12.mi.us', 'mailto:michelle.selak@oakland.k12.mi.us', 'mailto:debra.dunn@oakland.k12.mi.us', 'mailto:debra.dunn@oakland.k12.mi.us', 'mailto:debra.dunn@oakland.k12.mi.us', 'mailto:Angela.gomez@oakland.k12.mi.us', 'mailto:angela.gomez@oakland.k12.mi.us', 'mailto:angela.gomez@oakland.k12.mi.us', 'mailto:debra.dunn@oakland.k12.mi.us', 'mailto:angela.gomez@oakland.k12.mi.us']","); return false; onclick=PopMenuFromChevron(event); return false; href=javascript:; title=Open Menu248.209.2507248.209.2209248.209.2087248.209.2233248.209.2507248.209.2209248.209.2087248.209.2233248.209.2507248.209.2087248.209.2233248.209.2209248.209.2087248.209.2233248.209.2209248.209.2507248.209.2209248.209.2087248.209.2233248.209.2211248.209.2211248.209.2211248.209.2514248.209.2514248.209.2514248.209.2211248.209.2514elizabeth.junek@oakland.k12.mi.usElizabeth JunekSenior Contract SpecialistOffice of Procurement and Contracting (OPC)tim.loock@oakland.k12.mi.usTim LoockExecutive Director of Auxiliary Services, Maintenance & Facility OperationsOffice annamarie.andrew@oakland.k12.mi.usAnna Marie HollanderProcurement & Contracting ManagerOffice of Procurement and Contrmichelle.selak@oakland.k12.mi.usMichelle SelakBuyerOffice of Procurement and Contracting (OPC)Selaelizabeth.junek@oakland.k12.mi.usElizabeth JunekSenior Contract SpecialistOffice of Procurement and Contracting (OPC)tim.loock@oakland.k12.mi.usTim LoockExecutive Director of Auxiliary Services, Maintenance & Facility OperationsOffice annamarie.andrew@oakland.k12.mi.usAnna Marie HollanderProcurement & Contracting ManagerOffice of Procurement and Contrmichelle.selak@oakland.k12.mi.usMichelle SelakBuyerOffice of Procurement and Contracting (OPC)Selaelizabeth.junek@oakland.k12.mi.usElizabeth JunekSenior Contract SpecialistOffice of Procurement and Contracting (OPC)annamarie.andrew@oakland.k12.mi.usAnna Marie HollanderProcurement & Contracting ManagerOffice of Procurement and Contrmichelle.selak@oakland.k12.mi.usMichelle SelakBuyerOffice of Procurement and Contracting (OPC)Selatim.loock@oakland.k12.mi.usTim LoockExecutive Director of Auxiliary Services, Maintenance & Facility OperationsOffice annamarie.andrew@oakland.k12.mi.usAnna Marie HollanderProcurement & Contracting ManagerOffice of Procurement and Contrmichelle.selak@oakland.k12.mi.usMichelle SelakBuyerOffice of Procurement and Contracting (OPC)Selatim.loock@oakland.k12.mi.usTim LoockExecutive Director of Auxiliary Services, Maintenance & Facility OperationsOffice elizabeth.junek@oakland.k12.mi.usElizabeth JunekSenior Contract SpecialistOffice of Procurement and Contracting (OPC)tim.loock@oakland.k12.mi.usTim LoockExecutive Director of Auxiliary Services, Maintenance & Facility OperationsOffice annamarie.andrew@oakland.k12.mi.usAnna Marie HollanderProcurement & Contracting ManagerOffice of Procurement and Contrmichelle.selak@oakland.k12.mi.usMichelle SelakBuyerOffice of Procurement and Contracting (OPC)Seladebra.dunn@oakland.k12.mi.usDebra Dunn Contract Specialist Doing Business with Oakland Schools Dundebra.dunn@oakland.k12.mi.usDebra Dunn Contract Specialist Doing Business with Oakland Schools Dundebra.dunn@oakland.k12.mi.usDebra Dunn Contract Specialist Doing Business with Oakland Schools DunAngela.gomez@oakland.k12.mi.usAngela GomezBuyerOffice of Procurement and Contracting (OPC)Goangela.gomez@oakland.k12.mi.usAngela Gomez BuyerDoing Business with Oakland Schools Gomezangela.gomez@oakland.k12.mi.usAngela Gomez BuyerDoing Business with Oakland Schools Gomezdebra.dunn@oakland.k12.mi.usDebra Dunn Contract Specialist Doing Business with Oakland Schools Dunangela.gomez@oakland.k12.mi.usAngela Gomez BuyerDoing Business with Oakland Schools Gomez"
https://oakland.k12.mi.us/about-us/departments/special-education/Lists/Site%20Contact%20List/AllItems.aspx,"['0000000-0000', '000-00000000']","p






"
https://oakland.k12.mi.us/families-community/youth-family/early-child/GSRP/GSRPForAdministrators/Lists/Contact%20Us/AllItems.aspx,"['0000000-0000', '000-00000000', 'mailto:Kellye.Wood@oakland.k12.mi.us', 'mailto:Tammy.Arakelian@oakland.k12.mi.us', 'mailto:Karen.DeLorge@oakland.k12.mi.us', 'mailto:Jennifer.Champagne@oakland.k12.mi.us', 'mailto:Krista.Shambleau@oakland.k12.mi.us', 'mailto:Gerri.Smalley@oakland.k12.mi.us', 'mailto:Chris.Maier@oakland.k12.mi.us', 'mailto:Karen.Anthony@oakland.k12.mi.us']","and Due Dates; Staffing; Document Review; Forms; Potential Partner InformationEarly Childhood1Early Childhood3Early Childhood6248.209.2558Welcome GSRP Administrators!Early Childhood4Welcome GSRP Administrators!; Data Analysis and Parent AdvisoryEarly Childhood7Welcome GSRP Administrators!; Data Analysis and Parent Advisory;Early Childhood8248.209.2310Welcome GSRP Administrators!;Early Childhood5248.209.2366Welcome GSRP Administrators!;Early Childhood2Kellye.Wood@oakland.k12.mi.usKellye R. Wood, Ed.S.DirectorYesTammy.Arakelian@oakland.k12.mi.usTammy Arakelian, M.A.Early Childhood ConsultantYesKaren.DeLorge@oakland.k12.mi.usKaren DeLorgeProject AssistantYesJennifer.Champagne@oakland.k12.mi.usJennifer Champagne, Ph.D., IMH-E (II)Early Childhood ConsultantYesKrista Shambleau, Ph.D.Early Childhood ConsultantYesGerri.Smalley@oakland.k12.mi.usGerri Smalley, M.Ed.Early Childhood ConsultantYesChris.Maier@oakland.k12.mi.usChris Maier, Ph.D.Early Childhood ConsultantYesKaren.Anthony@oakland.k12.mi.usKaren Anthony, MA, LPC, IMH-E(ll)Early Childhood Mental Heath ConsultantYes"
https://oakland.k12.mi.us/about-us/departments/special-education/lists/site%20contact%20list/all%20items.aspx?paged=true&pagedprev=true&p%255fid=1&pagefirstrow=31&view=%7B18b0d88c-c7fe-4737-bd0f-98523ab81ae1%7D,"['0000000-0000', '000-00000000', 'mailto:Kellye.Wood@oakland.k12.mi.us', 'mailto:Tammy.Arakelian@oakland.k12.mi.us', 'mailto:Karen.DeLorge@oakland.k12.mi.us', 'mailto:Jennifer.Champagne@oakland.k12.mi.us', 'mailto:Krista.Shambleau@oakland.k12.mi.us', 'mailto:Gerri.Smalley@oakland.k12.mi.us', 'mailto:Chris.Maier@oakland.k12.mi.us', 'mailto:Karen.Anthony@oakland.k12.mi.us', 'mailto:Elizabeth.Mulligan@oakland.k12.mi.us', 'mailto:Bryan.Myott@oakland.k12.mi.us', 'mailto:Karen.Olex@oakland.k12.mi.us', 'mailto:Deborah.ONeill@oakland.k12.mi.us', 'mailto:Deborah.ONeill@oakland.k12.mi.us', 'mailto:Deborah.ONeill@oakland.k12.mi.us', 'mailto:Deborah.ONeill@oakland.k12.mi.us', 'mailto:Tamara.Powers@oakland.k12.mi.us', 'mailto:Robin.Purnell@oakland.k12.mi.us', 'mailto:Janice.Rich@oakland.k12.mi.us', 'mailto:Courtney.Robb@oakland.k12.mi.us', 'mailto:Christina.Roy@oakland.k12.mi.us', 'mailto:Karen.Rusniak@oakland.k12.mi.us', 'mailto:Sherry.Rye@oakland.k12.mi.us', 'mailto:Mary.Anne.Santoro@oakland.k12.mi.us', 'mailto:Callie.Simpson@oakland.k12.mi.us', 'mailto:Lauren.Stanton@oakland.k12.mi.us', 'mailto:Sarah.Stargardt@oakland.k12.mi.us', 'mailto:Sarah.Stargardt@oakland.k12.mi.us', 'mailto:sarah.stargardt@oakland.k12.mi.us', 'mailto:sarah.stargardt@oakland.k12.mi.us', 'mailto:Nancy.Sullivan@oakland.k12.mi.us', 'mailto:Elaine.tadajewski@oakland.k12.mi.us', 'mailto:Julie.Unatin@oakland.k12.mi.us', 'mailto:Julie.Unatin@oakland.k12.mi.us', 'mailto:Kevin.Veltman@oakland.k12.mi.us', 'mailto:Naomi.Welborn@oakland.k12.mi.us', 'mailto:Steven.Whitmore@oakland.k12.mi.us', 'mailto:james.Wood@oakland.k12.mi.us', 'mailto:Peter.Zaremba@oakland.k12.mi.us']",d class=ms-vb2MulliganTeacher Consultant for Students with Visual Impairments248.209.2067YesMyottMaterials and Braille Production Coordinator248.209.2058YesOlexExecutive Director of Special Populations248.209.2533YesONeillTeacher Consultant for Students with Visual Impairments248.209.2079YesONeillTeacher Consultant for Students with Visual Impairments248.209.2079YesONeillTeacher Consultant for Students with Visual Impairments248.209.2079YesONeillTeacher Consultant for Students with Visual Impairments248.209.2079YesPowersTeacher Consultant for the Deaf & Hard of Hearing248.209.2518YesRobin PurnellPurnellTechnical Support Specialist248.209.2417YesJanice RichRichAudiologist248.209.2555YesCourtney RobbRobbOrientation & Mobility Specialist248.209.2409YesRoyTeacher Consultant for the Deaf & Hard of Hearing248.209.2056YesKaren RusniakRusniakSchool Psychology Consultant248.209.2582YesRyeTeacher Consultant for Students with Visual Impairments248.209.2066YesMary Anne SantoroSantoroAudiologist248.209.2290YesSimpsonTeacher Consultant for Deaf & Hard of Hearing248.209.2419YesStantonTeacher Consultant for Students with Visual Impairments248.209.2269YesStargardtTeacher Consultant for Students with Visual Impairments248.209.2106YesStargardtTeacher Consultant for Students with Visual Impairments248.209.2106YesStargardtTeacher Consultant for Orientation and Mobility248.209.2106YesStargardtTeacher Consultant for Orientation and Mobility248.209.2106YesSullivanTeacher Consultant for the Deaf & Hard of Hearing248.209.2305YesTadajewskiSpecial Education Early Childhood Consultant248-209-2318YesUnatinTeacher Consultant for Students with Visual Impairments248.209.2093YesUnatinTeacher Consultant for Students with Visual Impairments248.209.2093YesKevin VeltmanVeltmanTechnical Integration Specialist248.209.2348YesWelbornTeacher Consultant for Students with Visual Impairments248.209.2078YesSteve WhitmoreWhitmoreSchool Social Work Consultant248.209.2252YesJim WoodWoodSchool Psychology Consultant248.209.4684YesPeter ZarembaZarembaTechnical Integration Specialist248.209.2594YesElizabeth.Mulligan@oakland.k12.mi.us6Bryan.Myott@oakland.k12.mi.usKaren.Olex@oakland.k12.mi.usDeborah.ONeill@oakland.k12.mi.us7Deborah.ONeill@oakland.k12.mi.us7Deborah.ONeill@oakland.k12.mi.us7Deborah.ONeill@oakland.k12.mi.us7Tamara.Powers@oakland.k12.mi.us5Robin.Purnell@oakland.k12.mi.usJanice.Rich@oakland.k12.mi.us2Courtney.Robb@oakland.k12.mi.usChristina.Roy@oakland.k12.mi.us6Karen.Rusniak@oakland.k12.mi.us3Sherry.Rye@oakland.k12.mi.us8Mary.Anne.Santoro@oakland.k12.mi.us3Callie.Simpson@oakland.k12.mi.us7Lauren.Stanton@oakland.k12.mi.us9Sarah.Stargardt@oakland.k12.mi.us10Sarah.Stargardt@oakland.k12.mi.us10sarah.stargardt@oakland.k12.mi.ussarah.stargardt@oakland.k12.mi.usNancy.Sullivan@oakland.k12.mi.us8Elaine.tadajewski@oakland.k12.mi.us6Julie.Unatin@oakland.k12.mi.us12Julie.Unatin@oakland.k12.mi.us12Kevin.Veltman@oakland.k12.mi.usNaomi.Welborn@oakland.k12.mi.us13Steven.Whitmore@oakland.k12.mi.usjames.Wood@oakland.k12.mi.us4Peter.Zaremba@oakland.k12.mi.us
https://oakland.k12.mi.us/families-community/school-student-programs/oakland-opportunity/Lists/Site%20Contact/AllItems.aspx,"['6731858E9504', '944b47737777', '0000000-0000', '000-00000000', '944b47737777', '944B47737777', '944B47737777', '944b47737777', '944b47737777', '944b47737777', '944b47737777', '944b47737777', '944b47737777', '944b47737777', '944b47737777', '944b47737777', '944b47737777', '944b47737777', '248.668.5678', '248.668.5665', '248.668.5679', '252D944B4773', '944B47737777', '944B47737777', '944b47737777', '944B47737777', '944B47737777', '944B47737777']","idden name=MSOTlPn_Button id=MSOTlPn_Button value=none /







MarlanaNode.parentNode); return false; onclick=PopMenuFromChevron(event); return false; href=javascript:; title=Open MenuElainantNode.parentNode); return false; onclick=PopMenuFromChevron(event); return false; href=javascript:; title=Open MenuLeahiqy\\\\u0026List=\\\\u00257BFE8DBC9F\\\\u00252D83C3\\\\u00252D45CA\\\\u00252D972E\\\\u00252D2DEB0C979010\\\\u00257D\\\\u0026View=\\\\u00257B678735E0\\\\u00252D1AAB\\\\u00252D4A2F\\\\u00252DB0F9\\\\u00ebQuerySourceHref=https://oakland.k12.mi.us/families-community/school-student-programs/oakland-opportunity/_vti_bin/owssvr.dll?CS=65001&XMLDATA=1&RowLimit=0&View={678735E0-1AAB-4A2F-B0F9-ebQuerySourceHref=https://oakland.k12.mi.us/families-community/school-student-programs/oakland-opportunity/_vti_bin/owssvr.dll?CS=65001&XMLDATA=1&RowLimit=0&View={678735E0-1AAB-4A2F-B0F9-;_spWebPartComponents[WebPartWPQ2].isDefaultWebPart = true;_spWebPartComponents[WebPartWPQ2].pageComponentId = WebPartWPQ2;_spWebPartComponents[WebPartWPQ2].storageId=678735e0-1aab-4a2f-b0f9-ebQuerySourceHref=https://oakland.k12.mi.us/families-community/school-student-programs/oakland-opportunity/_vti_bin/owssvr.dll?CS=65001&XMLDATA=1&RowLimit=0&View={678735E0-1AAB-4A2F-B0F9-ebQuerySourceHref=https://oakland.k12.mi.us/families-community/school-student-programs/oakland-opportunity/_vti_bin/owssvr.dll?CS=65001&XMLDATA=1&RowLimit=0&View={678735E0-1AAB-4A2F-B0F9-ebQuerySourceHref=https://oakland.k12.mi.us/families-community/school-student-programs/oakland-opportunity/_vti_bin/owssvr.dll?CS=65001&XMLDATA=1&RowLimit=0&View={678735E0-1AAB-4A2F-B0F9-26C25C858DF1A92528AFA5C757D8F798993E9D9EE9BA6A64D30EBA20,07 Dec 2017 08:27:49 -0000 /


//<![CDATA[
(function(){

        if -0000-0000-000000000000 HasPers=true id=WebPartWPQ1 width=100% class=ms-WPBody noindex  OnlyForMePart=true allowDelete=false style= <div componentid=ctl00_PlaceHolderSearchArea_SmallS0000 HasPers=true id=WebPartWPQ1 width=100% class=ms-WPBody noindex  OnlyForMePart=true allowDelete=false style= <div componentid=ctl00_PlaceHolderSearchArea_SmallSearchInputBox1_csr;//]]



//<![CDATA[
(function(){

        if } width=100% border=0 cellspacing=0 dir=none onmouseover=&#xD;&#xA;                  EnsureSelectionHandler(event,this,2)&#xD;&#xA;                 cellpadding=1 id={FE8DBC9F-83C3-45CA-9} width=100% border=0 cellspacing=0 dir=none onmouseover=&#xD;&#xA;                  EnsureSelectionHandler(event,this,2)&#xD;&#xA;                 cellpadding=1 id={FE8DBC9F-83C3-45CA-9;//]]



//<![CDATA[
(function(){

        if ;//]]



//<![CDATA[
(function(){

        if ;//]]



//<![CDATA[
(function(){

        if ;//]]



//<![CDATA[
(function(){

        if ;//]]



//<![CDATA[
(function(){

        if ;//]]



//<![CDATA[
(function(){

        if ;//]]



//<![CDATA[
(function(){

        if ;//]]



//<![CDATA[
(function(){

        if ;//]]



//<![CDATA[
(function(){

        if ;//]]



//<![CDATA[
(function(){

        if ;//]]



//<![CDATA[
(function(){

        if </td<td class=ms-vb2Oakland Opportunity Academy</td<td class=ms-vb2Families ＆ Communities; School ＆ Student Programs; Oakland Opportunity Academy</td<td class=ms-vb2<div align=right3</d</td<td class=ms-vb2Oakland Opportunity Academy</td<td class=ms-vb2Families ＆ Communities; School ＆ Student Programs; Oakland Opportunity Academy</td<td class=ms-vb2<div align=right3</d</td<td class=ms-vb2Oakland Opportunity Academy</td<td class=ms-vb2Families ＆ Communities; School ＆ Student Programs; Oakland Opportunity Academy</td<td class=ms-vb2<div align=right1</d7777\\\\u00257D\\\\u0026RootFolder=\\\\u00252Ffamilies\\\\u00252Dcommunity\\\\u00252Fschool\\\\u00252Dstudent\\\\u00252Dprograms\\\\u00252Foakland\\\\u00252Dopportunity\\\\u00252FLists\\\\u00252FSite\} width=100% border=0 cellspacing=0 dir=none onmouseover=&#xD;&#xA;                  EnsureSelectionHandler(event,this,2)&#xD;&#xA;                 cellpadding=1 id={FE8DBC9F-83C3-45CA-9} width=100% border=0 cellspacing=0 dir=none onmouseover=&#xD;&#xA;                  EnsureSelectionHandler(event,this,2)&#xD;&#xA;                 cellpadding=1 id={FE8DBC9F-83C3-45CA-9;//]]



//<![CDATA[
(function(){

        if } width=100% border=0 cellspacing=0 dir=none onmouseover=&#xD;&#xA;                  EnsureSelectionHandler(event,this,2)&#xD;&#xA;                 cellpadding=1 id={FE8DBC9F-83C3-45CA-9} width=100% border=0 cellspacing=0 dir=none onmouseover=&#xD;&#xA;                  EnsureSelectionHandler(event,this,2)&#xD;&#xA;                 cellpadding=1 id={FE8DBC9F-83C3-45CA-9} width=100% border=0 cellspacing=0 dir=none onmouseover=&#xD;&#xA;                  EnsureSelectionHandler(event,this,2)&#xD;&#xA;                 cellpadding=1 id={FE8DBC9F-83C3-45CA-9"
https://oakland.k12.mi.us/about-us/departments/Lists/Site%20Contact%20List/AllItems.aspx,"['177838A1939', '0000000-0000', '000-00000000', '850199B2008', '248.209.2209', '850199B2008', '248.209.2154', '850199B2008', '248.209.2181', '850199B2008', '248.209.2437', '850199B2008', '248.209.2035', '850199B2008', '248.209.2122', '850199B2008', '248.209.2137', '850199B2008', '248.209.2429', '850199B2008', '248.276.1777', '850199B2008', '248.209.2493', '850199B2008', '248.209.2062', '850199B2008', '248.209.2533', '850199B2008', '248.209.2180', '252D16355807']","ng id=MSOGallery_FilterString value= /








Tim://oakland.k12.mi.us/about-us/departments/_layouts/15/listform.aspx?PageType=4&ListId=%7BCCC7EBC4%2D1CA4%2D465C%2D9CD6%2D59A5C683CC5F%7D&ID=1&ContentTypeID=0x010600D42FD27B8A9B0141A934F62BNode.parentNode); return false; onclick=PopMenuFromChevron(event); return false; href=javascript:; title=Open MenuJarrad://oakland.k12.mi.us/about-us/departments/_layouts/15/listform.aspx?PageType=4&ListId=%7BCCC7EBC4%2D1CA4%2D465C%2D9CD6%2D59A5C683CC5F%7D&ID=1&ContentTypeID=0x010600D42FD27B8A9B0141A934F62BNode.parentNode); return false; onclick=PopMenuFromChevron(event); return false; href=javascript:; title=Open MenuAmanda://oakland.k12.mi.us/about-us/departments/_layouts/15/listform.aspx?PageType=4&ListId=%7BCCC7EBC4%2D1CA4%2D465C%2D9CD6%2D59A5C683CC5F%7D&ID=1&ContentTypeID=0x010600D42FD27B8A9B0141A934F62BtNode.parentNode); return false; onclick=PopMenuFromChevron(event); return false; href=javascript:; title=Open MenuSusan://oakland.k12.mi.us/about-us/departments/_layouts/15/listform.aspx?PageType=4&ListId=%7BCCC7EBC4%2D1CA4%2D465C%2D9CD6%2D59A5C683CC5F%7D&ID=1&ContentTypeID=0x010600D42FD27B8A9B0141A934F62Be.parentNode); return false; onclick=PopMenuFromChevron(event); return false; href=javascript:; title=Open MenuKellye R.://oakland.k12.mi.us/about-us/departments/_layouts/15/listform.aspx?PageType=4&ListId=%7BCCC7EBC4%2D1CA4%2D465C%2D9CD6%2D59A5C683CC5F%7D&ID=1&ContentTypeID=0x010600D42FD27B8A9B0141A934F62Bde.parentNode); return false; onclick=PopMenuFromChevron(event); return false; href=javascript:; title=Open MenuMichelle://oakland.k12.mi.us/about-us/departments/_layouts/15/listform.aspx?PageType=4&ListId=%7BCCC7EBC4%2D1CA4%2D465C%2D9CD6%2D59A5C683CC5F%7D&ID=1&ContentTypeID=0x010600D42FD27B8A9B0141A934F62BtNode.parentNode); return false; onclick=PopMenuFromChevron(event); return false; href=javascript:; title=Open MenuLisa ://oakland.k12.mi.us/about-us/departments/_layouts/15/listform.aspx?PageType=4&ListId=%7BCCC7EBC4%2D1CA4%2D465C%2D9CD6%2D59A5C683CC5F%7D&ID=1&ContentTypeID=0x010600D42FD27B8A9B0141A934F62B.parentNode); return false; onclick=PopMenuFromChevron(event); return false; href=javascript:; title=Open MenuDandridge ://oakland.k12.mi.us/about-us/departments/_layouts/15/listform.aspx?PageType=4&ListId=%7BCCC7EBC4%2D1CA4%2D465C%2D9CD6%2D59A5C683CC5F%7D&ID=1&ContentTypeID=0x010600D42FD27B8A9B0141A934F62BNode.parentNode); return false; onclick=PopMenuFromChevron(event); return false; href=javascript:; title=Open MenuRoland://oakland.k12.mi.us/about-us/departments/_layouts/15/listform.aspx?PageType=4&ListId=%7BCCC7EBC4%2D1CA4%2D465C%2D9CD6%2D59A5C683CC5F%7D&ID=1&ContentTypeID=0x010600D42FD27B8A9B0141A934F62BtNode.parentNode); return false; onclick=PopMenuFromChevron(event); return false; href=javascript:; title=Open MenuHeidi://oakland.k12.mi.us/about-us/departments/_layouts/15/listform.aspx?PageType=4&ListId=%7BCCC7EBC4%2D1CA4%2D465C%2D9CD6%2D59A5C683CC5F%7D&ID=1&ContentTypeID=0x010600D42FD27B8A9B0141A934F62BNode.parentNode); return false; onclick=PopMenuFromChevron(event); return false; href=javascript:; title=Open MenuSherry://oakland.k12.mi.us/about-us/departments/_layouts/15/listform.aspx?PageType=4&ListId=%7BCCC7EBC4%2D1CA4%2D465C%2D9CD6%2D59A5C683CC5F%7D&ID=1&ContentTypeID=0x010600D42FD27B8A9B0141A934F62BtNode.parentNode); return false; onclick=PopMenuFromChevron(event); return false; href=javascript:; title=Open MenuKaren://oakland.k12.mi.us/about-us/departments/_layouts/15/listform.aspx?PageType=4&ListId=%7BCCC7EBC4%2D1CA4%2D465C%2D9CD6%2D59A5C683CC5F%7D&ID=1&ContentTypeID=0x010600D42FD27B8A9B0141A934F62BntNode.parentNode); return false; onclick=PopMenuFromChevron(event); return false; href=javascript:; title=Open MenuPauliqy\\\\u0026List=\\\\u00257BCCC7EBC4\\\\u00252D1CA4\\\\u00252D465C\\\\u00252D9CD6\\\\u00252D59A5C683CC5F\\\\u00257D\\\\u0026View=\\\\u00257BEC01195C\\\\u00252DDD2B\\\\u00252D49CE\\\\u00252D8FFE\\\\u0040453636DBEE08FEA89C9ADC075B297C3C2E1C69ACE3611FC83AA87958FC79745C85FFDDD2C64BA7A16ECA60AEB98ABF4B8C59E231FE2C6A978CE,07 Dec 2017 08:27:50 -0000 /
Loockdepartments1Loockdepartments2Loockdepartments3Loockdepartments4Loockdepartments5Loockdepartments6Loockdepartments7Loockdepartments8Loockdepartments9Loockdepartments10Loockdepartments11Loockdepartments13Loockdepartments14"
https://oakland.k12.mi.us/families-community/school-student-programs/oakland-opportunity/Lists/Site%20Contact/DispForm.aspx?ID=2,"['8475368B3148', '299C309D2269', '1833096B6756', '0000000-0000', '000-00000000', '248.668.5665', '0000000-0000', '000-00000000', '6855031b3538']","MSOGallery_FilterString value= /






















"
https://oakland.k12.mi.us/about-us/departments/district-school-services/lists/dss%20contact/allitems.aspx,"['8559712D4042', '0000000-0000', '000-00000000', '248.209.2493', '248.209.2273', '248.209.2174', '248.209.2283', '248.209.2234', '248.209.2542', '248.209.2152', '248.209.2287', '248.209.2275', '248.209.2586', '248.209.2080', '248.209.2055', '248.209.2405', '248.209.2001', '248.209.2088', '248.209.2592', '248.209.2005', '248.209.2016', '248.209.2394', '248.209.2003', '248.209.2360', '248.209.2151', '248.209.2546', '248.209.2328', '248.209.2371', '248.209.2025', '248.209.2484', '248.209.2070', '248.209.2336', '248.209.2178']","/








Dr. HeidiNode.parentNode); return false; onclick=PopMenuFromChevron(event); return false; href=javascript:; title=Open MenuLaurenentNode.parentNode); return false; onclick=PopMenuFromChevron(event); return false; href=javascript:; title=Open MenuKimtNode.parentNode); return false; onclick=PopMenuFromChevron(event); return false; href=javascript:; title=Open MenuLauraode.parentNode); return false; onclick=PopMenuFromChevron(event); return false; href=javascript:; title=Open MenuMichaelentNode.parentNode); return false; onclick=PopMenuFromChevron(event); return false; href=javascript:; title=Open MenuLesentNode.parentNode); return false; onclick=PopMenuFromChevron(event); return false; href=javascript:; title=Open MenuSueentNode.parentNode); return false; onclick=PopMenuFromChevron(event); return false; href=javascript:; title=Open MenuKimarentNode); return false; onclick=PopMenuFromChevron(event); return false; href=javascript:; title=Open MenuChristopher ode.parentNode); return false; onclick=PopMenuFromChevron(event); return false; href=javascript:; title=Open MenuValerientNode.parentNode); return false; onclick=PopMenuFromChevron(event); return false; href=javascript:; title=Open MenuJudyntNode.parentNode); return false; onclick=PopMenuFromChevron(event); return false; href=javascript:; title=Open MenuIrmaentNode.parentNode); return false; onclick=PopMenuFromChevron(event); return false; href=javascript:; title=Open MenuLynNode.parentNode); return false; onclick=PopMenuFromChevron(event); return false; href=javascript:; title=Open MenuAndreaNode.parentNode); return false; onclick=PopMenuFromChevron(event); return false; href=javascript:; title=Open MenuStevenode.parentNode); return false; onclick=PopMenuFromChevron(event); return false; href=javascript:; title=Open MenuJessicaentNode.parentNode); return false; onclick=PopMenuFromChevron(event); return false; href=javascript:; title=Open MenuAmytNode.parentNode); return false; onclick=PopMenuFromChevron(event); return false; href=javascript:; title=Open MenuKellyode.parentNode); return false; onclick=PopMenuFromChevron(event); return false; href=javascript:; title=Open MenuHeatherentNode.parentNode); return false; onclick=PopMenuFromChevron(event); return false; href=javascript:; title=Open MenuDebe.parentNode); return false; onclick=PopMenuFromChevron(event); return false; href=javascript:; title=Open MenuGeraldinede.parentNode); return false; onclick=PopMenuFromChevron(event); return false; href=javascript:; title=Open MenuMichellede.parentNode); return false; onclick=PopMenuFromChevron(event); return false; href=javascript:; title=Open MenuJonathanntNode.parentNode); return false; onclick=PopMenuFromChevron(event); return false; href=javascript:; title=Open MenuDanantNode.parentNode); return false; onclick=PopMenuFromChevron(event); return false; href=javascript:; title=Open MenuJudyentNode.parentNode); return false; onclick=PopMenuFromChevron(event); return false; href=javascript:; title=Open MenuKimntNode.parentNode); return false; onclick=PopMenuFromChevron(event); return false; href=javascript:; title=Open MenuKielode.parentNode); return false; onclick=PopMenuFromChevron(event); return false; href=javascript:; title=Open MenuSuzannetNode.parentNode); return false; onclick=PopMenuFromChevron(event); return false; href=javascript:; title=Open MenuDianeode.parentNode); return false; onclick=PopMenuFromChevron(event); return false; href=javascript:; title=Open MenuJessica715D63E741980327B681CDA24AE9ACBCFD9138AA1950402BEE4F7EC50356B3495DFF7236CE,07 Dec 2017 08:27:52 -0000 /
District and School Services Instruction and Pedagogy Unit1Instruction and Pedagogy Unit2Instruction and Pedagogy Unit3Inatruction and Pedagogy UnitInstruction and Pedagogy UnitInstruction and Pedagogy UnitInstruction and Pedagogy UnitInstruction and Pedagogy UnitInstruction and Pedagogy UnitInstruction and Pedagogy unitInstruction and Pedagogy UnitInstruction and Pedagogy UnitInstruction and Pedagogy UnitCurriculum and Assessment unitCurriculum and Assessment unitCurriculum and Assessment unitCurriculum and Assessment UnitCurriculum and Assessment UnitCurriculum and Assessment UnitCurriculum and Assessment UnitCurriculum and Assessment UnitCurriculum and Assessment unitCurriculum and Assessment UnitCurriculum and Assessment unitCurriculum and Assessment UnitCurriculum and Assessment UnitCurriculum and Assessment UnitCurriculum and Assessment UnitCurriculum and Assessment Unit"
http://www.cms.k12.nc.us/Jobs/Pages/contacts.aspx,"['079E787A4029', '104117696612', '0000000-0000', '000-00000000', '636160660665', '877-401-6390', '980-343-1847', '704-527-5300', '888-221-9800', '980-343-1900', '980-343-6254', '980-343-1900', '980-343-1690', '980-343-1754', '980-343-1908', '980-343-1900', '980-343-1900', '980-343-1907', '980-344-0265', '980.343.0115', '079E787A4029']","tring value= /






Benefit Enrollment and Changes Phone: 1-ngBenefit Enrollment and Changes Phone: 1-877-401-6390

Compensation Phone: g Phone: 980-343-1847

Employee Assistance Program, EAP of the Carolinas Inc. Phone: left dir=ltrEmployee Assistance Program, EAP of the Carolinas Inc. Phone: 704-527-5300 ngFor more information on the Employment Verification process, please click here.Phone: et=_blankhere.Phone: 980-343-1900

Employee Relations Phone: ngFor more information on the Employment Verification process, please click here.Phone: ormation Systems) Phone: 980-343-1900

Internet Job Vacancy Questions Phone: Questions Phone: 980-343-1690

Leave of Absence/Workers Compensation Phone: brPhone: 980-343-1754

Licensure/Lateral Entry/Beginning Teacher Support Phone: ngFor more information on the Employment Verification process, please click here.Phone: ngFor more information on the Employment Verification process, please click here.Phone:  dir=ltrSubstitutes Phone: 980-343-1900

Talent Management Phone: h=100%
	    	
	    	Human ResourcesCharlotte, NC  Phone: Web Accessibility
                                or Call:  tring value= /




                                
                        -0000-0000-000000000000 HasPers=true id=WebPartWPQ1 width=100% class=ms-WPBody noindex  OnlyForMePart=true allowDelete=false style= CMS
									»
								

Compensation Phone: 980-343-1847



Employee Assistance Program, EAP of the Carolinas Inc. Phone: 704-527-5300 888-221-9800

Employee Reco

Employee Records and Employment Verification For more information on the Employment Verifica

Employee Relations Phone: 980-343-6254


HRIS (Human Resources Information Systems) Phone: 980-343-1900

Employee Relations Phone: 980-343-6254


Leave of Absence/Workers Compensation Phone: 980-343-1754


Licensure/Lateral Entry/Beginning Teacher Support Phone: 980-343-1908


Online ApplicationsPhone: 980-343-1900
Substitu

Employee Relations Phone: 980-343-6254


Employee Relations Phone: 980-343-6254







Fax: Courier Number: 
			    	N/A
		    	Email: hr.
                            
                            
                            


"
https://oakland.k12.mi.us/about-us/departments/special-education/Lists/Site%20Contact%20List/DispForm.aspx?ID=58,"['0000000-0000', '000-00000000', '248.209.2240', '0000000-0000', '000-00000000', '6855031b3538', '850199B2004']","p













"
https://oakland.k12.mi.us/about-us/departments/special-education/Lists/Site%20Contact%20List/DispForm.aspx?ID=12,"['0000000-0000', '000-00000000', '248.209.2428', '0000000-0000', '000-00000000', '6855031b3538', '850199B2004']","p













"
https://oakland.k12.mi.us/families-community/youth-family/early-child/lists/site%20contact/allitems.aspx,"['0000000-0000', '000-00000000', '248.209.2428', '0000000-0000', '000-00000000', '6855031b3538', '850199B2004', 'mailto:Tammy.Arakelian@oakland.k12.mi.us', 'mailto:Jennifer.Champagne@oakland.k12.mi.us', 'mailto:Karen.Anthony@oakland.k12.mi.us', 'mailto:Jackie.Ferriby@oakland.k12.mi.us', 'mailto:Christine.Hodge@oakland.k12.mi.us', 'mailto:Sharen.Howard@oakland.k12.mi.us', 'mailto:Darla.Buchanan@oakland.k12.mi.us', 'mailto:Dawn.Koger@oakland.k12.mi.us', 'mailto:Laurie.Leonard@oakland.k12.mi.us', 'mailto:Tom.McGee@oakland.k12.mi.us', 'mailto:Susan.McIntyre@oakland.k12.mi.us', 'mailto:Kelly.Vargo@oakland.k12.mi.us', 'mailto:Krista.Shambleau@oakland.k12.mi.us', 'mailto:Karen.Delorge@oakland.k12.mi.us', 'mailto:Gerri.Smalley@oakland.k12.mi.us', 'mailto:Chamayne.Green@oakland.k12.mi.us', 'mailto:Veronica.Pechumer@oakland.k12.mi.us', 'mailto:Kellye.Wood@oakland.k12.mi.us', 'mailto:ayana.knox']","-cbx /2111 Pontiac Lake Road248.209.2245Waterford2111 Pontiac Lake Road248.209.2558Waterford2111 Pontiac Lake Road248.209.2366Waterford2111 Pontiac Lake Road248.209.2440Waterford2111 Pontiac Lake Road248.209.2098Waterford2111 Pontiac Lake Road248.209.2047Waterford2111 Pontiac Lake Road248.209.2598Waterford2111 Pontiac Lake Road248.209.2266Waterford2111 Pontiac Lake Road248.209.2084Waterford2111 Pontiac Lake Road248.209.2057Waterford2111 Pontiac Lake Road248.209.2520Waterford2111 Pontiac Lake Road248.209.2339Waterford2111 Pontiac Lake Road248.209.2557Waterford2111 Pontiac Lake Road248.209.2201Waterford2111 Pontiac Lake Road2418.209.2321Waterford2111 Pontiac Lake Road248.209.2310Waterford2111 Pontiac Lake Road248.209.2513Waterford2111 Pontiac Lake Road248.209.2035Waterford2111 Pontiac Lake Road248.209.2197WaterfordTammy.Arakelian@oakland.k12.mi.us248.209.2522TammyTammy Arakelian, M.A.Early Childhood ConsultantJennifer.Champagne@oakland.k12.mi.us248.209.2522JenniferJennifer Champagne, Ph.D., IMH-EEarly ChilKaren.Anthony@oakland.k12.mi.us248.209.2522KarenKaren Anthony, MA, LPC, IMH-E (II)Early Childhood Jackie.Ferriby@oakland.k12.mi.us248.209.2522JackieJackie FerribyHelp Me Grow Care CoordinatorChristine.Hodge@oakland.k12.mi.us248.209.2522ChristineChristine HodgeGreat Start-Oakland AssociateSharen.Howard@oakland.k12.mi.us248.209.2522SharenSharen HowardEarly Childhood ConsultantDarla.Buchanan@oakland.k12.mi.us248.209.2522DarlaDarla BuchananProject Assistant for Early On® andDawn.Koger@oakland.k12.mi.us248.209.2522DawnDawn Koger, Ph.D.Early Childhood Consultant, Early On®Laurie.Leonard@oakland.k12.mi.us248.209.2522LaurieLaurie Leonard, RN, BSNEarly On® Oakland ReferraTom.McGee@oakland.k12.mi.us248.209.2522TomTom Barnes McGeeProject Assistant to the DirectorSusan.McIntyre@oakland.k12.mi.us248.209.2522SusanSusan McIntyreProject Assistant for Early On®Kelly.Vargo@oakland.k12.mi.us248.209.2522KellyKelly VargoProject AssistantKrista.Shambleau@oakland.k12.mi.us248.209.2522KristaKrista Shambleau, Ph.D.Early Childhood ConsultKaren.Delorge@oakland.k12.mi.us248.209.2522KarenKaren DeLorgeProject AssistantGerri.Smalley@oakland.k12.mi.us248.209.2522GerriGerri Smalley, M.Ed.Early Childhood ConsultantChamayne.Green@oakland.k12.mi.us248.209.2522ChamayneChamayne Green, M.Ed.Early Childhood ProfessioVeronica.Pechumer@oakland.k12.mi.us248.209.2522VeronicaVeronica Pechumer, MBAEarly Childhood ConsuKellye.Wood@oakland.k12.mi.us248.209.2522KellyeKellye R. Wood, Ed.SEarly Childhood Directorayana.knox-potts@oakland.k12.mi.us248.2009.2197AyanaAyana Knox-PottsGreat "
