English as a Second Language (ESL) / Contact Information,http://www.barnstable.k12.ma.us/Page/2606
Contact Us - Randolph Public Schools,http://www.randolph.k12.ma.us/about/contact_us
Contact Us / District Employee Directory (All Staff),http://www.phxhs.k12.az.us/Page/2524
Contact Us - Hillsborough Township Public Schools,https://www.htps.us/services/business_office/contact_us
Schools Contact Information - Monroe County Schools,http://www.monroe.k12.al.us/about_us/schools_contact_information
Site Contact List - Hillery,https://oakland.k12.mi.us/district-school-operations/government-relations-pupil-services/Lists/Site%20Contact%20List/DispForm.aspx?ID=78
Contact Us,http://www.cms.k12.nc.us/Pages/ContactUs.aspx
Contact Us - Arakelian,https://oakland.k12.mi.us/families-community/youth-family/early-child/GSRP/GSRPForAdministrators/Lists/Contact%20Us/DispForm.aspx?ID=2
Contact - All Items,https://oakland.k12.mi.us/families-community/youth-family/early-child/GSRP/ECS/Lists/Contact/AllItems.aspx
Contact - Monroe County Schools,http://www.monroe.k12.al.us/departments/child_nutrition/contact/
Site Contact List - All Items - Oakland Schools,https://oakland.k12.mi.us/district-school-operations/government-relations-pupil-services/lists/site%20contact%20list/allitems.aspx
Site Contact List - Mancuso,https://oakland.k12.mi.us/district-school-operations/government-relations-pupil-services/Lists/Site%20Contact%20List/DispForm.aspx?ID=56
Contact Us - Monroe County Schools,http://www.monroe.k12.al.us/contact_us/
Site Contact - All Items,https://oakland.k12.mi.us/district-school-operations/procurement/Lists/Site%20Contact/AllItems.aspx
Site Contact List - Default - Oakland Schools,https://oakland.k12.mi.us/about-us/departments/special-education/Lists/Site%20Contact%20List/AllItems.aspx
Contact Us - All Items,https://oakland.k12.mi.us/families-community/youth-family/early-child/GSRP/GSRPForAdministrators/Lists/Contact%20Us/AllItems.aspx
Site Contact List - All Items - oakland.k12.mi.us,https://oakland.k12.mi.us/about-us/departments/special-education/lists/site%20contact%20list/all%20items.aspx?paged=true&pagedprev=true&p%255fid=1&pagefirstrow=31&view=%7B18b0d88c-c7fe-4737-bd0f-98523ab81ae1%7D
Site Contact - All Items,https://oakland.k12.mi.us/families-community/school-student-programs/oakland-opportunity/Lists/Site%20Contact/AllItems.aspx
Site Contact List - All Items,https://oakland.k12.mi.us/about-us/departments/Lists/Site%20Contact%20List/AllItems.aspx
Site Contact - Holsey,https://oakland.k12.mi.us/families-community/school-student-programs/oakland-opportunity/Lists/Site%20Contact/DispForm.aspx?ID=2
DSS Contact - All Items,https://oakland.k12.mi.us/about-us/departments/district-school-services/lists/dss%20contact/allitems.aspx
Site Contact List - Wood - oakland.k12.mi.us,https://oakland.k12.mi.us/about-us/departments/Lists/Site%20Contact%20List/DispForm.aspx?ID=5
Contact Information - Charlotte-Mecklenburg Schools,http://www.cms.k12.nc.us/Jobs/Pages/contacts.aspx
Site Contact List - MacQuarrie - oakland.k12.mi.us,https://oakland.k12.mi.us/about-us/departments/special-education/Lists/Site%20Contact%20List/DispForm.aspx?ID=58
Site Contact List - Jones - oakland.k12.mi.us,https://oakland.k12.mi.us/about-us/departments/special-education/Lists/Site%20Contact%20List/DispForm.aspx?ID=12
Site Contact - All Items - oakland.k12.mi.us,https://oakland.k12.mi.us/families-community/youth-family/early-child/lists/site%20contact/allitems.aspx
