NAME,URL
"Contact NNPS - Newport News Public Schools, Newport News ...",http://sbo.nn.k12.va.us/contact/
"Huron School District | Huron, SD :: Contact Directory",https://www.huron.k12.sd.us/contact-directory/
Contact Us / Contact Information,https://www.ucps.k12.nc.us/domain/1796
Learning Division / Who to Contact - montgomery.k12.nc.us,https://www.montgomery.k12.nc.us/site/Default.aspx?PageID=7084
JCPS Contact Dashboard - Jefferson County Public Schools ...,http://archive.jefferson.kyschools.us/phone/
Contact Us Form | JCPS,https://www.jefferson.kyschools.us/contact
Student Registration / Contact Information,http://www.woodbridge.k12.nj.us/Page/179
Transportation - Barnstable Public School District,http://www.barnstable.k12.ma.us/Page/472
School Committee Contact Information | North Reading ...,https://www.north-reading.k12.ma.us/district/school-committee/pages/school-committee-contact-information-0
Directions to Windham High School,http://www.windham.k12.me.us/wsd_hs/hs_directions.cfm?MonthChange=Forward&LastDate=12%2F02%2F2017
"Contact Norwood Public Schools in Norwood, MA",http://www.norwood.k12.ma.us/about/Contact.cfm
School Committee / Contact Information,http://www.barnstable.k12.ma.us/domain/41
School Contact Info/Maps/Zones / Address List / Phone Numbers,http://www.evesham.k12.nj.us/site/Default.aspx?PageID=249
CONTACT US - IRVINGTON PUBLIC SCHOOLS,https://irvington.k12.nj.us/contact-us/
Contact Kerry A. Callanan | North Reading Public School ...,https://www.north-reading.k12.ma.us/user/5571/contact
Contact JCPS / Building & Principal Contacts - jcschools.us,http://www.jcschools.us/Page/9381
Contact Us | North Reading Public School District,https://www.north-reading.k12.ma.us/webforms/contact-us
Contact Us Directory - Trenton Public Schools - TPS Home,http://www.trenton.k12.nj.us/ContactUsDirectory.aspx
Transportation / Contact Us - Birmingham Schools,https://www.birmingham.k12.mi.us/Page/1537
Rochester Community Schools - Contact Us,https://www.rochester.k12.mi.us/pages/45802/contact-us
Contact Stephen Hartery | North Reading Public School District,https://www.north-reading.k12.ma.us/user/241/contact
School District of Reedsburg - Contact District Schools,http://www.rsd.k12.wi.us/schools/
Contact Amy St. Arnaud | North Reading Public School District,https://www.north-reading.k12.ma.us/user/5346/contact
Contact Tara Kenyon | North Reading Public School District,http://www.north-reading.k12.ma.us/user/6021/contact
Contact Jeannette Polito | North Reading Public School ...,https://www.north-reading.k12.ma.us/user/6656/contact
"Huron School District | Huron, SD :: Contact Directory",http://www.huron.k12.sd.us/index.php/contact-directory?sortBy1747=LastName&sortOrder1747=asc&pageSize1747=25&page1747=7
Contact Jessica H. Avila | North Reading Public School ...,http://www.north-reading.k12.ma.us/user/5541/contact
Technology / Contact the Department,http://www.barnstable.k12.ma.us/Page/782
Contact Us / District Employee Directory (All Staff),http://www.phxhs.k12.az.us/Page/2524
Contact Coleen Reska | North Reading Public School District,http://www.north-reading.k12.ma.us/user/5516/contact
Schools - Bridgeton Public Schools,https://www.bridgeton.k12.nj.us/schools.html?start=2
Contact Us - Monroe County Schools,http://www.monroe.k12.al.us/contact_us/
Contact - Lake City Public Schools,http://www.lake-city.k12.mn.us/page/studentemployment
Contact Laura Oliveto | North Reading Public School District,https://www.north-reading.k12.ma.us/user/5971/contact
Contact Rosie Brennan | North Reading Public School District,https://www.north-reading.k12.ma.us/user/6481/contact
Staff and Contact Information - Camden Street,http://www.nps.k12.nj.us/cms/staff-contact-information/
"Huron School District | Huron, SD :: Contact Directory",http://www.huron.k12.sd.us/index.php/contact-directory?sortBy1747=LastName&sortOrder1747=asc&pageSize1747=25&page1747=6
Contact Rosemarie Stadig | North Reading Public School ...,https://www.north-reading.k12.ma.us/user/5351/contact
Special Education / Contact Information,https://www.barnstable.k12.ma.us/Page/2880
Contact Ms. Sylvia Weisz | North Reading Public School ...,https://www.north-reading.k12.ma.us/user/5446/contact
site contact - All Items,https://oakland.k12.mi.us/instructional/curriculum-instruction/subject-areas/esl-bilingual/Lists/site%20contact/AllItems.aspx
Contact - Chapel Hill Carrboro City Schools,http://www.chccs.k12.nc.us/contact
Technology / Contact the Department - barnstable.k12.ma.us,https://www.barnstable.k12.ma.us/site/Default.aspx?PageID=782
Schools Contact Information - Monroe County Schools,http://www.monroe.k12.al.us/about_us/schools_contact_information
Contact Barbara Mantere | North Reading Public School District,https://www.north-reading.k12.ma.us/user/5661/contact
Contact Barbara Papageorgiou | North Reading Public School ...,https://www.north-reading.k12.ma.us/user/6341/contact
Guidance / Counseling / Home-Contact Information,https://www.barnstable.k12.ma.us/Page/4054
"For questions or clarification, please contact one of the ...",http://www.atlantapublicschools.us/cms/lib/GA01000924/Centricity/Domain/7184/Contacts%20for%20August%202.pdf
Contact Us / Overview,http://www.monroe.k12.nj.us/domain/375
