Site Contact list - All Items - oakland.k12.mi.us,https://oakland.k12.mi.us/about-us/departments/CommunityPrograms/Lists/Site%20Contact%20list/AllItems.aspx
Site Contact - All Items,https://oakland.k12.mi.us/families-community/school-student-programs/oakland-opportunity/Lists/Site%20Contact/AllItems.aspx
Contact Us - Maier,https://oakland.k12.mi.us/families-community/youth-family/early-child/GSRP/GSRPForAdministrators/Lists/Contact%20Us/DispForm.aspx?ID=7
site contact - Miller,https://oakland.k12.mi.us/families-community/school-student-programs/CFEStudentPrograms/_layouts/15/listform.aspx?PageType=4&ListId=%7BC575AF96%2D3FA2%2D42FD%2DBB73%2D0C23A46C4A5A%7D&ID=3&ContentTypeID=0x010600D42FD27B8A9B0141A934F62B850199B2002E2DC0C2C0535147871716306A6B1275
Philosophy and Contact 4 - Linden Public Schools,http://www.linden.k12.nj.us/?wpfb_dl=623
Contact Us - All Items,https://oakland.k12.mi.us/families-community/youth-family/early-child/GSRP/GSRPForAdministrators/Lists/Contact%20Us/AllItems.aspx
Contact Us - David Douglas School District,https://www.ddouglas.k12.or.us/contact-us/
Site Contact - Closson,https://oakland.k12.mi.us/families-community/school-student-programs/oakland-opportunity/_layouts/15/listform.aspx?PageType=4&ListId=%7BFE8DBC9F%2D83C3%2D45CA%2D972E%2D2DEB0C979010%7D&ID=3&ContentTypeID=0x010600D42FD27B8A9B0141A934F62B850199B200D98F87278807F044B66E8AC63C1D1A52
Board Minutes - Bridgeton Public Schools,https://www.bridgeton.k12.nj.us/board-minutes/2016-2017-1.html
Site Contact list - Wisniewski,https://oakland.k12.mi.us/about-us/departments/CommunityPrograms/_layouts/15/listform.aspx?PageType=4&ListId=%7BA359F0D0%2DA477%2D4147%2DAF1D%2DF4FC62488C0F%7D&ID=13&ContentTypeID=0x010600D42FD27B8A9B0141A934F62B850199B2002324E35EEB651347BAA6CD3C4E8D1906
site contact list - McIntrye,https://oakland.k12.mi.us/district-school-operations/medicaid/Lists/site%20contact%20list/DispForm.aspx?ID=8
Site Contact - Dunn,https://oakland.k12.mi.us/district-school-operations/procurement/Lists/Site%20Contact/DispForm.aspx?ID=35
Site Contact List - Whitmore,https://oakland.k12.mi.us/about-us/departments/special-education/Lists/Site%20Contact%20List/DispForm.aspx?ID=53
Personal Curriculum Contact List - Bowerman,https://oakland.k12.mi.us/instructional/curriculum-instruction/Lists/Personal%20Curriculum%20Contact%20List/DispForm.aspx?ID=1
FY: 2009 SCHEDULE NUMBER: PROGRAM OFFICE: OELA/WRC CFDA ...,http://www.ncela.us/files/uploads/2/FLAP2009LEAGrantees.pdf
Ribbon Cutting To Celebrate Naming of Thomas C. Lane IV ...,https://www.bridgeton.k12.nj.us/district/107-ribbon-cutting-to-celebrate-naming-of-thomas-c-lane-iv-building.html
Site Contact - All Items,https://oakland.k12.mi.us/district-school-operations/procurement/Lists/Site%20Contact/AllItems.aspx
Search Results contact : Cumberland County Schools,http://ccs.k12.nc.us/page/2/?s=contact
Site Contact - All Items,https://oakland.k12.mi.us/about-us/departments/career-focused-education/Lists/Contacts/AllItems.aspx
Site contact List - All Items - oakland.k12.mi.us,https://oakland.k12.mi.us/instructional/technical-assistance/state-federal/Lists/Site%20contact%20List
Program #25145B - SUN Community Schools Scale- Maintain ...,https://multco.us/file/33125/download
Site Contact - All Items - oakland.k12.mi.us,https://oakland.k12.mi.us/families-community/youth-family/early-child/lists/site%20contact/allitems.aspx
site contact science - Ashley,https://oakland.k12.mi.us/instructional/curriculum-instruction/subject-areas/science/_layouts/15/listform.aspx?PageType=4&ListId=%7B4D0C31B8%2D4DEF%2D407F%2DA79C%2D8FAB374CCA72%7D&ID=3&ContentTypeID=0x010600D42FD27B8A9B0141A934F62B850199B200C51143C65074C14BA86CD091CD756DE2
Site Contact - Koger,https://oakland.k12.mi.us/families-community/youth-family/early-child/Lists/Site%20Contact/DispForm.aspx?ID=29
site contact media center - All Items,https://oakland.k12.mi.us/instructional/curriculum-instruction/information-center/Lists/site%20contact%20media%20center/AllItems.aspx
Contact - Smalley,https://oakland.k12.mi.us/families-community/youth-family/early-child/GSRP/ECS/_layouts/15/listform.aspx?PageType=4&ListId=%7B62396A34%2D3D21%2D4504%2DB25D%2D6ADC48D2181B%7D&ID=1&ContentTypeID=0x010600D42FD27B8A9B0141A934F62B850199B20065779D21F3E22E44BF698618D89243F6
site contact - Childs - Oakland Schools,https://oakland.k12.mi.us/instructional/instruction-design/Lists/site%20contact/DispForm.aspx?ID=2
LOST CONTACT - Camden High School,http://chs.camden.k12.nj.us/alumni/hear_from_alumni_/l_o_s_t_c_o_n_t_a_c_t
The greatest Repair and Service Centers contact info directory,https://freedrivers.us/Customer-Service-Number-Cps-Ohio-011317
The greatest Repair and Service Centers contact info directory,https://freedrivers.us/Customer-Care-Number-Connect-Amritsar-02658
Comcast Jacksonville Contact (Toll Free) Customer Service ...,http://phonenumbercustomerservice.us/Customer-Service-Phone-Number-Comcast-Jacksonville-Contact-032263
Tufts Health Insurance Contact (Toll Free) Customer ...,http://phonenumbercustomerservice.us/Customer-Service-Phone-Number-Tufts-Health-Insurance-Contact-036164
