Contact Me | Matthew Trapp - LaMoure Public School,http://www.lamoure.k12.nd.us/mtrapp/contact-me-2/
District Contact Information | Reynolds School District ...,https://www.reynolds.k12.or.us/district/contact
Contact | Ms. Meiklejohn,https://www.lamoure.k12.nd.us/rmeiklejohn/contact/
Contact AMHS Boosters | Avon Public Schools,https://www.avon.k12.ma.us/user/23/contact
Contact Information | Newberg Oregon School District,https://newberg.k12.or.us/advanced-page-features/contact-information?page=12
Contact: Mr. Thomas Anderson 40 Highland Avenue Randolph ...,http://www.randolph.k12.ma.us/common/pages/DisplayFile.aspx?itemId=14457958
Contact Us - Arakelian,https://oakland.k12.mi.us/families-community/youth-family/early-child/GSRP/GSRPForAdministrators/Lists/Contact%20Us/DispForm.aspx?ID=2
Site Contact List - Default - Oakland Schools,https://oakland.k12.mi.us/about-us/departments/special-education/Lists/Site%20Contact%20List/AllItems.aspx
Contact Katie Frias | Avon Public Schools,https://www.avon.k12.ma.us/user/38/contact
Contact Shawna McCusty | Avon Public Schools,https://www.avon.k12.ma.us/user/92/contact
Site Contact List - All Items - oakland.k12.mi.us,https://oakland.k12.mi.us/about-us/departments/special-education/lists/site%20contact%20list/all%20items.aspx
Contact School - Mount Pleasant Elementary School District,http://www.mountpleasant.k12.ca.us/contact_school
Site Contact List - All Items - Oakland Schools,https://oakland.k12.mi.us/about-us/departments/Lists/Site%20Contact%20List/AllItems.aspx
Contact Us - Happy Hollow School,http://whh.wayland.k12.ma.us/about_us/contact_us/
PA contact - All Items,https://oakland.k12.mi.us/about-us/departments/CommunityPrograms/Lists/PA%20contact/AllItems.aspx
Contact Us,http://www.cms.k12.nc.us/Pages/ContactUs.aspx
Contact Robert Lovendale | Avon Public Schools,http://www.avon.k12.ct.us/users/rlovendale/contact
DSS Contact - All Items,https://oakland.k12.mi.us/about-us/departments/district-school-services/lists/dss%20contact/allitems.aspx
Site Contact list - Benson,https://oakland.k12.mi.us/about-us/departments/CommunityPrograms/_layouts/15/listform.aspx?PageType=4&ListId=%7BA359F0D0%2DA477%2D4147%2DAF1D%2DF4FC62488C0F%7D&ID=5&ContentTypeID=0x010600D42FD27B8A9B0141A934F62B850199B2002324E35EEB651347BAA6CD3C4E8D1906
Site Contact list - All Items - oakland.k12.mi.us,https://oakland.k12.mi.us/about-us/departments/CommunityPrograms/Lists/Site%20Contact%20list/AllItems.aspx
Contact Us - All Items,https://oakland.k12.mi.us/families-community/youth-family/early-child/GSRP/GSRPForAdministrators/Lists/Contact%20Us/AllItems.aspx
Contact PVN Staff - Centerville City Schools,http://www.centerville.k12.oh.us/schools/pvn/contact
Site Contact - All Items,https://oakland.k12.mi.us/about-us/departments/career-focused-education/Lists/Contacts/AllItems.aspx
Site Contact - All Items,https://oakland.k12.mi.us/families-community/school-student-programs/oakland-opportunity/Lists/Site%20Contact/AllItems.aspx
Contact Page & Location - Linville-Edom Elementary School,http://lees.rockingham.k12.va.us/contact-page--location.html
Contact Information - Charlotte-Mecklenburg Schools,http://www.cms.k12.nc.us/Jobs/Pages/contacts.aspx
Contact Yashanta Holloway-Taluy | Eastern Camden County ...,https://www.eccrsd.us/contact.php?user=04F5F63A-262D-4196-B16A-5B2FC30EA442
Contact Me - Happy Hollow School,http://whh.wayland.k12.ma.us/for_students/happy_hollow_classrooms/kindergarten/ms__doherty_/newsletters/beginning_of_year_classroom_information_letter/contact_me/
OSPI - Contact Us,http://www.k12.wa.us/AboutUs/ContactUs.aspx
Massachusetts School Building Authority School District ...,http://www.capetech.us/cms/lib8/MA01907514/Centricity/Domain/50/Cape%20Cod%20Regional%20Voc-Tech%20Educational%20Profile%20Questionnaire-Revision.pdf
Personal Curriculum Contact List - Bowerman,https://oakland.k12.mi.us/instructional/curriculum-instruction/Lists/Personal%20Curriculum%20Contact%20List/DispForm.aspx?ID=1
Site Contact - All Items - oakland.k12.mi.us,https://oakland.k12.mi.us/families-community/youth-family/early-child/lists/site%20contact/allitems.aspx
site contact science - Ashley - Oakland Schools,https://oakland.k12.mi.us/instructional/curriculum-instruction/subject-areas/science/Lists/site%20contact%20science/DispForm.aspx?ID=3
Site Contact - Knox-Potts,https://oakland.k12.mi.us/families-community/youth-family/early-child/Lists/Site%20Contact/DispForm.aspx?ID=44
Site Contact List - Whitmore,https://oakland.k12.mi.us/about-us/departments/special-education/Lists/Site%20Contact%20List/DispForm.aspx?ID=53
site contact list - McIntrye,https://oakland.k12.mi.us/district-school-operations/medicaid/Lists/site%20contact%20list/DispForm.aspx?ID=8
site contact media center - All Items,https://oakland.k12.mi.us/instructional/curriculum-instruction/information-center/Lists/site%20contact%20media%20center/AllItems.aspx
Contact - All Items,https://oakland.k12.mi.us/instructional/curriculum-instruction/school-classroom/cultural-competence/Lists/Contact
Contact - Smalley,https://oakland.k12.mi.us/families-community/youth-family/early-child/GSRP/ECS/_layouts/15/listform.aspx?PageType=4&ListId=%7B62396A34%2D3D21%2D4504%2DB25D%2D6ADC48D2181B%7D&ID=1&ContentTypeID=0x010600D42FD27B8A9B0141A934F62B850199B20065779D21F3E22E44BF698618D89243F6
site contact - Childs - Oakland Schools,https://oakland.k12.mi.us/instructional/instruction-design/Lists/site%20contact/DispForm.aspx?ID=2
Site Contact - Holsey,https://oakland.k12.mi.us/families-community/school-student-programs/oakland-opportunity/Lists/Site%20Contact/DispForm.aspx?ID=2
