Contact School - Mount Pleasant Elementary School District,http://www.mountpleasant.k12.ca.us/contact_school
"Huron School District | Huron, SD :: Contact Directory",http://www.huron.k12.sd.us/index.php/contact-directory?sortBy1747=LastName&sortOrder1747=asc&pageSize1747=25&page1747=2
Cultural Liaisons / Contact Information,https://www.shakopee.k12.mn.us/Page/1669
PARKVIEW STAFF DIRECTORY - Ashwaubenon School District,http://www.ashwaubenon.k12.wi.us/parkview/contactus_pv.cfm
Contact Us - Needham High School,http://nhs.needham.k12.ma.us/core/AcademicDepartments/Social-Studies
Newburyport Public Schools - Contact,http://www.newburyport.k12.ma.us/Contact/
"Huron School District | Huron, SD :: Contact Directory",http://www.huron.k12.sd.us/index.php/contact-directory?sortBy1747=LastName&sortOrder1747=asc&pageSize1747=25&page1747=6
Contact Us - kenny.mpls.k12.mn.us,http://kenny.mpls.k12.mn.us/contact_us
Contact Us | Avon Public Schools,http://www.avon.k12.ct.us/thompson-brook-elementary/about-us/pages/contact-us
Curriculum & Instruction / Contact Information,https://www.iss.k12.nc.us/page/315
Contact - Milwaukee Public Schools,http://www5.milwaukee.k12.wi.us/school/south/contact/
Contact PVS Staff - Centerville City Schools,http://www.centerville.k12.oh.us/schools/pvs/contact
Contact - Plymouth Public Schools,http://www.plymouth.k12.ct.us/departments/special_education__pupil_services/contact
"For questions or clarification, please contact one of the ...",http://www.atlantapublicschools.us/cms/lib/GA01000924/Centricity/Domain/7184/Contacts%20for%20August%202.pdf
Human Resources / Whom to Contact in Benefits/ Payroll,https://www.ucps.k12.nc.us/Page/5693
Administrative Contact Information â€“ Greater Clark County ...,http://gcs.k12.in.us/administrative-contact-information/
Facilities / Contact Us - Birmingham Public Schools / Homepage,https://www.birmingham.k12.mi.us/Page/1175
Contact Us - David Douglas School District,https://www.ddouglas.k12.or.us/contact-us/
School Committee / Contact Information,https://www.barnstable.k12.ma.us/domain/41
Finance / Contact Information - lee.k12.nc.us,http://www.lee.k12.nc.us/Page/4816
Contact / Staff Directory - lee.k12.nc.us,http://www.lee.k12.nc.us/contact-lee
"Albany City Schools, Contact Us",http://www.albany.k12.ny.us/district/contact.html
Contact Us - Hillsborough Township Public Schools,https://www.htps.us/services/technology_literacy/contact_us
Contact Us / Contact Us - Willmar Public Schools,http://www.willmar.k12.mn.us/domain/446
Bay Shore High School Graduation 2016 (June 2016),https://www.bayshore.k12.ny.us/district.cfm?subpage=78875
Contact Us Form | JCPS - Jefferson County Public Schools,https://www.jefferson.kyschools.us/contact
Monroe County Schools | Contact,http://monroe.k12.tn.us/contact/
Contact - Monroe County Schools,http://www.monroe.k12.al.us/cms/One.aspx?portalId=455004&pageId=1227618
Contact - Plymouth Public Schools,http://www.plymouth.k12.ct.us/departments/curriculum_and_instruction/contact
Contact Us | Monroe-Woodbury Central School District ...,http://www.mw.k12.ny.us/about/contact/
District Contact Info - Oldham County Schools,https://www.oldham.kyschools.us/index.php/layout/contact-information
Contact Anne H. Hewitt | North Reading Public School District,https://www.north-reading.k12.ma.us/user/5636/contact
Contact Us - Needham High School,http://nhs.needham.k12.ma.us/core/ContactUs
Contact Us | Avon Public Schools,http://www.avon.k12.ct.us/pine-grove-elementary/about-us/pages/contact-us
Site Contact - Hollander,https://oakland.k12.mi.us/district-school-operations/procurement/Lists/Site%20Contact/DispForm.aspx?ID=26
Contact Us / Overview,http://www.monroe.k12.nj.us/domain/572
Contact a Board Member - Waynesboro Public Schools,http://www.waynesboro.k12.va.us/school_board/contact_a_board_member/
Contact | Ms. Schmitt,http://www.lamoure.k12.nd.us/dschmitt/contact-2/
Contact Us - Voorhees Township Public Schools,http://www.voorhees.k12.nj.us/domain/1149
Contact - Lister ELL - classrooms.tacoma.k12.wa.us,http://classrooms.tacoma.k12.wa.us/ses/lalmonte-2/contact
Contact Ric Dockendorff | Avon Public Schools,https://www.avon.k12.ma.us/user/24/contact
Contact Us / Contact Information - Union County Public Schools,https://www.ucps.k12.nc.us/domain/1796
Food Service / Contact Us - Birmingham Public Schools ...,https://www.birmingham.k12.mi.us/Page/1183
NJDOE Every Student Succeeds Act (ESSA) Contact Us,http://www.state.nj.us/education/ESSA/contact/
Contact Us - Voorhees Township Public Schools,https://www.voorhees.k12.nj.us/Page/217
Transportation / Contact Us - Birmingham Public Schools ...,https://www.birmingham.k12.mi.us/Page/1537
